"Register","Page","Nº","Campo","Descrição","Tipo","Tam","Dec","Obrig","Entr","Saídas"
"0000","pva","1","REG","Texto fixo contendo “0000”","C","004*","","O","",""
"0000","pva","2","COD_VER","Código da versão do leiaute conforme Tabela Versão do Leiaute","N","003*","","O","",""
"0000","pva","3","COD_FIN","Código da finalidade do arquivo: 0 - Remessa do arquivo original; 1 - Remessa do arquivo substituto","N","001","","O","",""
"0000","pva","4","DT_INI","Data inicial das informações contidas no arquivo","D","008*","","O","",""
"0000","pva","5","DT_FIN","Data final das informações contidas no arquivo","D","008*","","O","",""
"0000","pva","6","NOME","Nome empresarial da entidade","C","100","","O","",""
"0000","pva","7","CNPJ","Número de inscrição da entidade no CNPJ","C","014*","","","",""
"0000","pva","8","CPF","Número de inscrição da pessoa natural no CPF","N","011*","","","",""
"0000","pva","9","UF","Sigla da unidade da federação da entidade","C","002*","","O","",""
"0000","pva","10","IE","Inscrição Estadual da entidade","C","014","","O","",""
"0000","pva","11","COD_MUN","Código do município do domicílio fiscal da entidade, conforme a tabela IBGE","N","007*","","O","",""
"0000","pva","12","IM","Inscrição Municipal da entidade","C","","","","",""
"0000","pva","13","SUFRAMA","Inscrição da entidade na SUFRAMA","C","009*","","","",""
"0000","pva","14","IND_PERFIL","Perfil de apresentação do arquivo fiscal; A – Perfil A; B – Perfil B; C – Perfil C","C","001","","O","",""
"0000","pva","15","IND_ATIV","Indicador de tipo de atividade: 0 – Industrial ou equiparado a industrial; 1 – Outras","N","001","","O","",""
"0001","pva","1","REG","Texto fixo contendo “0001”","C","004*","","O","",""
"0001","pva","2","IND_MOV","Indicador de movimento","N","001","","O","",""
"0002","pva","1","REG","Texto fixo contendo “0002”","C","004*","","OC","",""
"0002","pva","2","CLAS_ESTAB_IND","Informar a classificação do Contribuinte conforme tabela 4.5.5.","N","002*","","O","",""
"0005","pva","1","REG","Texto fixo contendo “0005”","C","004*","","O","",""
"0005","pva","2","FANTASIA","Nome de fantasia associado ao nome empresarial","C","060","","O","",""
"0005","pva","3","CEP","Código de Endereçamento Postal","N","008*","","O","",""
"0005","pva","4","ENDERECO","Logradouro do imóvel","C","060","","O","",""
"0005","pva","5","NUM","Número do imóvel","C","010","","","",""
"0005","pva","6","COMPL","Dados complementares do endereço","C","060","","","",""
"0005","pva","7","BAIRRO","Bairro em que o imóvel está situado","C","060","","O","",""
"0005","pva","8","FONE","Número do telefone","C","011","","","",""
"0005","pva","9","FAX","Número do fax","C","011","","","",""
"0005","pva","10","EMAIL","Endereço do correio eletrônico","C","060","","","",""
"0015","pva","1","REG","Texto fixo contendo “0015”","C","004*","","","",""
"0015","pva","2","UF_ST","Sigla da unidade da federação do contribuinte substituído ou unidade de federação do consumidor final não contribuinte - ICMS Destino EC 87/15","C","002*","","O","",""
"0015","pva","3","IE_ST","Inscrição Estadual do contribuinte substituto na unidade da federação do contribuinte substituído ou unidade de federação do consumidor final não contribuinte - ICMS Destino EC 87/15","C","014","","O","",""
"0100","pva","1","REG","Texto fixo contendo “0100”","C","004*","","OC","",""
"0100","pva","2","NOME","Nome do contabilista","C","060","","O","",""
"0100","pva","3","CPF","Número de inscrição do contabilista no CPF","N","011*","","O","",""
"0100","pva","4","CRC","Número de inscrição do contabilista no Conselho Regional de Contabilidade","C","015","","O","",""
"0100","pva","5","CNPJ","Número de inscrição do escritório de contabilidade no CNPJ, se houver","C","014*","","","",""
"0100","pva","6","CEP","Código de Endereçamento Postal","N","008*","","","",""
"0100","pva","7","ENDERECO","Logradouro do imóvel","C","060","","","",""
"0100","pva","8","NUM","Número do imóvel","C","010","","","",""
"0100","pva","9","COMPL","Dados complementares do endereço","C","060","","","",""
"0100","pva","10","BAIRRO","Bairro em que o imóvel está situado","C","060","","","",""
"0100","pva","11","FONE","Número do telefone","C","011","","","",""
"0100","pva","12","FAX","Número do fax","C","011","","","",""
"0100","pva","13","EMAIL","Endereço do correio eletrônico","C","060","","O","",""
"0100","pva","14","COD_MUN","Código do município, conforme tabela IBGE","N","007*","","O","",""
"0150","pva","1","REG","Texto fixo contendo “0150”","C","004*","","","",""
"0150","pva","2","COD_PART","Código de identificação do participante no arquivo","C","060","","O","",""
"0150","pva","3","NOME","Nome pessoal ou empresarial do participante","C","100","","O","",""
"0150","pva","4","COD_PAIS","Código do país do participante, conforme a tabela Órgãos mantenedores e endereços eletrônicos das tabelas externas - Tabela de Países","N","005","","O","",""
"0150","pva","5","CNPJ","CNPJ do participante","C","014*","","","",""
"0150","pva","6","CPF","CPF do participante","N","011*","","","",""
"0150","pva","7","IE","Inscrição Estadual do participante","C","014","","","",""
"0150","pva","8","COD_MUN","Código do município, conforme a tabela IBGE","N","007*","","","",""
"0150","pva","9","SUFRAMA","Número de inscrição do participante na SUFRAMA","C","009*","","","",""
"0150","pva","10","ENDERECO","Logradouro do imóvel","C","060","","O","",""
"0150","pva","11","NUM","Número do imóvel","C","010","","","",""
"0150","pva","12","COMPL","Dados complementares do endereço","C","060","","","",""
"0150","pva","13","BAIRRO","Bairro em que o imóvel está situado","C","060","","","",""
"0175","pva","1","REG","Texto fixo contendo “0175”","C","004*","","","",""
"0175","pva","2","DT_ALT","Data de alteração do cadastro","D","008*","","O","",""
"0175","pva","3","NR_CAMPO","Número do campo alterado","C","002","","O","",""
"0175","pva","4","CONT_ANT","Conteúdo anterior do campo","C","100","","O","",""
"0190","pva","1","REG","Texto fixo contendo “0190”","C","004*","","","",""
"0190","pva","2","UNID","Código da unidade de medida","C","006","","O","",""
"0190","pva","3","DESCR","Descrição da unidade de medida","C","","","O","",""
"0200","pva","1","REG","Texto fixo contendo “0200”","C","004*","","","",""
"0200","pva","2","COD_ITEM","Código do item","C","060","","O","",""
"0200","pva","3","DESCR_ITEM","Descrição do item","C","","","O","",""
"0200","pva","4","COD_BARRA","Representação alfanumérica do código de barra do produto, se houver","C","020","","","",""
"0200","pva","5","COD_ANT_ITEM","Código anterior do item com relação à última informação apresentada","C","060","","","",""
"0200","pva","6","UNID_INV","Unidade de medida utilizada na quantificação de estoques","C","006","","O","",""
"0200","pva","7","TIPO_ITEM","Tipo do item – Atividades Industriais, Comerciais e Serviços","N","002","","O","",""
"0200","pva","8","COD_NCM","Código da Nomenclatura Comum do Mercosul","C","008","","","",""
"0200","pva","9","EX_IPI","Código EX, conforme a TIPI","C","003","","","",""
"0200","pva","10","COD_GEN","Código do gênero do item, conforme a Tabela Gênero do Item de Mercadoria/Serviço","N","002*","","","",""
"0200","pva","11","COD_LST","Código do serviço, conforme lista do Anexo I da Lei Complementar Federal nº 116/03","C","005","","","",""
"0200","pva","12","ALIQ_ICMS","Alíquota de ICMS aplicável ao item nas operações internas","N","006","2","","",""
"0200","pva","13","CEST","Código Especificador de Substituição Tribuitária","N","007*","","","",""
"0205","pva","1","REG","Texto fixo contendo “0205”","C","004*","","","",""
"0205","pva","2","DESCR_ANT_ITEM","Descrição anterior do item","C","","","","",""
"0205","pva","3","DT_INI","Data inicial de utilização da descrição do item","D","008*","","O","",""
"0205","pva","4","DT_FIM","Data final de utilização da descrição do item","D","008*","","O","",""
"0205","pva","5","COD_ANT_ITEM","Código anterior do item com relação à última informação apresentada","C","060","","","",""
"0206","pva","1","REG","Texto fixo contendo “0206”","C","004*","","","",""
"0206","pva","2","COD_COMB","Código do produto, conforme tabela ANP","C","","","O","",""
"0220","pva","1","REG","Texto fixo contendo “0220”","C","004*","","","",""
"0220","pva","2","UNID_CONV","Unidade comercial a ser convertida na unidade de estoque, referida no registro 0200","C","006","","O","",""
"0220","pva","3","FAT_CONV","Fator de conversão: fator utilizado para converter (multiplicar) a unidade a ser convertida na unidade adotada no inventário","N","","6","O","",""
"0220","pva","3","COD_BARRA","Representação alfanumérico do código de barra da unidade comercial do produto, se houver","C","020","","","",""
"0221","pva","1","REG","Texto fixo contendo “0221”","C","004*","","","",""
"0221","pva","2","COD_ITEM_ATOMICO","Informar o código do item atômico contido no item informado no 0200 Pai","C","060","","O","",""
"0221","pva","3","QTD_CONTIDA","Informar quantos itens atômicos estão contidos no item informado no 0200 Pai","N","","6","O","",""
"0300","pva","1","REG","Texto fixo contendo “0300”","C","004*","","","",""
"0300","pva","2","COD_IND_BEM","Código individualizado do bem ou componente adotado no controle patrimonial do estabelecimento informante","C","060","","O","",""
"0300","pva","3","IDENT_MERC","Identificação do tipo de mercadoria","C","001*","","O","",""
"0300","pva","4","DESCR_ITEM","Descrição do bem ou componente (modelo, marca e outras características necessárias a sua individualização)","C","","","O","",""
"0300","pva","5","COD_PRNC","Código de cadastro do bem principal nos casos em que o bem ou componente (campo 02) esteja vinculado a um bem principal","C","060","","","",""
"0300","pva","6","COD_CTA","Código da conta analítica de contabilização do bem ou componente (campo 06 do Registro 0500)","C","060","","O","",""
"0300","pva","7","NR_PARC","Número total de parcelas a serem apropriadas, segundo a legislação de cada unidade federada","N","003","","","",""
"0305","pva","1","REG","Texto fixo contendo “0305”","C","004*","","","",""
"0305","pva","2","COD_CCUS","Código do centro de custo onde está localizado o bem (campo 03 do Registro 0600)","C","060","","O","",""
"0305","pva","3","FUNC","Descrição sucinta da função do bem na atividade do estabelecimento","C","","","O","",""
"0305","pva","4","VIDA_UTIL","Vida útil estimada do bem, em número de meses","N","003","","","",""
"0400","pva","1","REG","Texto fixo contendo “0400”","C","004*","","","",""
"0400","pva","2","COD_NAT","Código da natureza da operação/prestação","C","010","","O","",""
"0400","pva","3","DESCR_NAT","Descrição da natureza da operação/prestação","C","","","O","",""
"0450","pva","1","REG","Texto fixo contendo “0450”","C","004*","","","",""
"0450","pva","2","COD_INF","Código da informação complementar do documento fiscal","C","006","","O","",""
"0450","pva","3","TXT","Texto livre da informação complementar existente no documento fiscal, inclusive espécie de normas legais, poder normativo, número, capitulação, data e demais referências pertinentes com indicação referentes ao tributo","C","","","O","",""
"0460","pva","1","REG","Texto fixo contendo “0460”","C","004*","","","",""
"0460","pva","2","COD_OBS","Código da observação do lançamento fiscal","C","006","","O","",""
"0460","pva","3","TXT","Descrição da observação vinculada ao lançamento fiscal","C","","","O","",""
"0500","pva","1","REG","Texto fixo contendo “0500”","C","004*","","","",""
"0500","pva","2","DT_ALT","Data da inclusão/alteração","D","008*","","O","",""
"0500","pva","3","COD_NAT_CC","Código da natureza da conta/grupo de contas","C","002*","","O","",""
"0500","pva","4","IND_CTA","Indicador do tipo de conta","C","001*","","O","",""
"0500","pva","5","NIVEL","Nível da conta analítica/grupo de contas","N","005","","O","",""
"0500","pva","6","COD_CTA","Código da conta analítica/grupo de contas","C","060","","O","",""
"0500","pva","7","NOME_CTA","Nome da conta analítica/grupo de contas","C","060","","O","",""
"0600","pva","1","REG","Texto fixo contendo “0600”","C","004*","","","",""
"0600","pva","2","DT_ALT","Data da inclusão/alteração","D","008*","","O","",""
"0600","pva","3","COD_CCUS","Código do centro de custos","C","060","","O","",""
"0600","pva","4","CCUS","Nome do centro de custos","C","060","","O","",""
"0990","pva","1","REG","Texto fixo contendo “0990”","C","004*","","O","",""
"0990","pva","2","QTD_LIN_0","Quantidade total de linhas do Bloco 0","N","","","O","",""
"B001","pva","1","REG","Texto fixo contendo “B001”","C","004*","","O","",""
"B001","pva","2","IND_MOV","Indicador de movimento","C","001","","O","",""
"B020","pva","1","REG","Texto fixo contendo “B020”","C","004*","","","",""
"B020","pva","2","IND_OPER","Indicador do tipo de operação","C","001","","O","",""
"B020","pva","3","IND_EMIT","Indicador do emitente do documento fiscal","C","001","","O","",""
"B020","pva","4","COD_PART","Código do participante (campo 02 do Registro 0150): - do emitente do documento ou do remetente das mercadorias, no caso de entradas; - do adquirente, no caso de saídas","C","060","","O","",""
"B020","pva","5","COD_MOD","Código do modelo do documento fiscal, conforme a tabela de Codificação dos Documentos","C","002*","","O","",""
"B020","pva","6","COD_SIT","Código da situação do documento fiscal, conforme a Tabela Situação do Documento","N","002*","","O","",""
"B020","pva","7","SER","Série do documento fiscal","C","003","","","",""
"B020","pva","8","NUM_DOC","Número do documento fiscal","N","009","","O","",""
"B020","pva","9","CHV_NFE","Chave da Nota Fiscal Eletrônica","C","044*","","","",""
"B020","pva","10","DT_DOC","Data da emissão do documento fiscal (DDMMAAAA)","D","008*","","O","",""
"B020","pva","11","COD_MUN_SERV","Código do município onde o serviço foi prestado, conforme a tabela IBGE","N","007*","","O","",""
"B020","pva","12","VL_CONT","Valor contábil (valor total do documento)","N","","2","O","",""
"B020","pva","13","VL_MAT_TERC","Valor do material fornecido por terceiros na prestação do serviço","N","","2","O","",""
"B020","pva","14","VL_SUB","Valor da subempreitada","N","","2","O","",""
"B020","pva","15","VL_ISNT_ISS","Valor das operações isentas ou não-tributadas pelo ISS","N","","2","O","",""
"B020","pva","16","VL_DED_BC","Valor da dedução da base de cálculo","N","","2","O","",""
"B020","pva","17","VL_BC_ISS","Valor da base de cálculo do ISS","N","","2","O","",""
"B020","pva","18","VL_BC_ISS_RT","Valor da base de cálculo de retenção do ISS","N","","2","O","",""
"B020","pva","19","VL_ISS_RT","Valor do ISS retido pelo tomador","N","","2","O","",""
"B020","pva","20","VL_ISS","Valor do ISS destacado","N","","2","O","",""
"B020","pva","21","COD_INF_OBS","Código da observação do lançamento fiscal (Campo 02 do regisro 0460)","C","006","","","",""
"B025","pva","1","REG","Texto fixo contendo “B025”","C","004*","","","",""
"B025","pva","2","VL_CONT_P","Parcela correspondente ao “Valor Contábil” referente à combinação da alíquota e item da lista","N","","2","O","",""
"B025","pva","3","VL_BC_ISS_P","Parcela correspondente ao “Valor da base de cálculo do ISS” referente à combinação da alíquota e item da lista","N","","2","O","",""
"B025","pva","4","ALIQ_ISS","Alíquota do ISS","N","","2","O","",""
"B025","pva","5","VL_ISS_P","Parcela correspondente ao “Valor do ISS” referente à combinação da alíquota e item da lista","N","","2","O","",""
"B025","pva","6","VL_ISNT_ISS_P","Parcela correspondente ao “Valor das operações isentas ou não-tributadas pelo ISS” referente à combinação da alíquota e item da lista","N","","2","O","",""
"B025","pva","7","COD_SERV","Item da lista de serviços, conforme Tabela 4.6.3","C","004*","","O","",""
"B030","pva","1","REG","Texto fixo contendo “B030”","C","004*","","OC","",""
"B030","pva","2","COD_MOD","Código do modelo do documento fiscal, conforme a Tabela 4.1.3","C","002","","O","",""
"B030","pva","3","SER","Série do documento fiscal","C","003","","","",""
"B030","pva","4","NUM_DOC_INI","Número do primeiro documento fiscal emitido no dia","N","009","","O","",""
"B030","pva","5","NUM_DOC_FIN","Número do último documento fiscal emitido no dia","N","009","","O","",""
"B030","pva","6","DT_DOC","Data da emissão dos documentos fiscais","D","008*","","O","",""
"B030","pva","7","QTD_CANC","Quantidade de documentos cancelados","N","","","O","",""
"B030","pva","8","VL_CONT","Valor contábil (valor total acumulado dos documentos)","N","","2","O","",""
"B030","pva","9","VL_ISNT_ISS","Valor acumulado das operações isentas ou não-tributadas pelo ISS","N","","2","O","",""
"B030","pva","10","VL_BC_ISS","Valor acumulado da base de cálculo do ISS","N","","2","O","",""
"B030","pva","11","VL_ISS","Valor acumulado do ISS destacado","N","","2","O","",""
"B030","pva","12","COD_INF_OBS","Código da observação do lançamento fiscal (campo 02 do Registro 0460)","C","006","","","",""
"B035","pva","1","REG","Texto fixo contendo “B035”","C","004*","","","",""
"B035","pva","2","VL_CONT_P","Parcela correspondente ao “Valor Contábil” referente à combinação da alíquota e item da lista","N","","2","O","",""
"B035","pva","3","VL_BC_ISS_P","Parcela correspondente ao “Valor da base de cálculo do ISS” referente à combinação da alíquota e item da lista","N","","2","O","",""
"B035","pva","4","ALIQ_ISS","Alíquota do ISS","N","","2","O","",""
"B035","pva","5","VL_ISS_P","Parcela correspondente ao “Valor do ISS” referente à combinação da alíquota e item da lista","N","","2","O","",""
"B035","pva","6","VL_ISNT_ISS_P","Parcela correspondente ao “Valor das operações isentas ou não-tributadas pelo ISS” referente à combinação da alíquota e item da lista","N","","2","O","",""
"B035","pva","7","COD_SERV","Item da lista de serviços, conforme Tabela 4.6.3","C","004*","","O","",""
"B350","pva","1","REG","Texto fixo contendo “B350”","C","004*","","OC","",""
"B350","pva","2","COD_CTD","Código da conta do plano de contas","C","","","O","",""
"B350","pva","3","CTA_ISS","Descrição da conta no plano de contas","C","","","O","",""
"B350","pva","4","CTA_COSIF","Código COSIF a que está subordinada a conta do ISS das instituições financeiras","N","008*","","O","",""
"B350","pva","5","QTD_OCOR","Quantidade de ocorrências na conta","N","","","O","",""
"B350","pva","6","COD_SERV","Item da lista de serviços, conforme Tabela 4.6.3.","N","004*","","O","",""
"B350","pva","7","VL_CONT","Valor contábil","N","","2","O","",""
"B350","pva","8","VL_BC_ISS","Valor da base de cálculo do ISS","N","","2","O","",""
"B350","pva","9","ALIQ_ISS","Alíquota do ISS","N","","2","O","",""
"B350","pva","10","VL_ISS","Valor do ISS","N","","2","O","",""
"B350","pva","11","COD_INF_OBS","Código da observação do lançamento fiscal (campo 02 do Registro 0460)","C","006","","","",""
"B420","pva","1","REG","Texto fixo contendo “B420”","C","004*","","OC","",""
"B420","pva","2","VL_CONT","Totalização do Valor Contábil das prestações do declarante referente à combinação da alíquota e item da lista","N","","2","O","",""
"B420","pva","3","VL_BC_ISS","Totalização do Valor da base de cálculo do ISS das prestações do declarante referente à combinação da alíquota e item da lista","N","","2","O","",""
"B420","pva","4","ALIQ_ISS","Alíquota do ISS","N","","2","O","",""
"B420","pva","5","VL_ISNT_ISS","Totalização do valor das operações isentas ou não-tributadas pelo ISS referente à combinação da alíquota e item da lista ","N","","2","O","",""
"B420","pva","6","VL_ISS","Totalização, por combinação da alíquota e item da lista, do Valor do ISS","N","","2","O","",""
"B420","pva","7","COD_SERV","Item da lista de serviços, conforme Tabela 4.6.3","C","004*","","O","",""
"B440","pva","1","REG","Texto fixo contendo “B440”","C","004*","","","",""
"B440","pva","2","IND_OPER","Indicador do tipo de operação","C","001","","O","",""
"B440","pva","3","COD_PART","Código do participante (campo 02 do Registro 0150): - do emitente do documento ou do remetente das mercadorias, no caso de entradas; - do adquirente, no caso de saídas","C","060","","O","",""
"B440","pva","4","VL_CONT_RT","Totalização do Valor Contábil das prestações e/ou aquisições do declarante pela combinação de tipo de operação e participante.","N","","2","O","",""
"B440","pva","5","VL_BC_ISS_RT","Totalização do Valor da base de cálculo de retenção do ISS das prestações e/ou aquisições do declarante pela combinação de tipo de operação e participante.","N","","2","O","",""
"B440","pva","6","VL_ISS_RT","Totalização do Valor do ISS retido pelo tomador das prestações e/ou aquisições do declarante pela combinação de tipo de operação e participante.","N","","2","O","",""
"B460","pva","1","REG","Texto fixo contendo “B460”","C","004*","","OC","",""
"B460","pva","2","IND_DED","Indicador do tipo de dedução","N","001*","","O","",""
"B460","pva","3","VL_DED","Valor da dedução","N","","2","O","",""
"B460","pva","4","NUM_PROC","Número do processo ao qual o ajuste está vinculado, se houver","C","","","","",""
"B460","pva","5","IND_PROC","Indicador da origem do processo","C","001*","","","",""
"B460","pva","6","PROC","Descrição do processo que embasou o lançamento","C","","","","",""
"B460","pva","7","COD_INF_OBS","Código da observação do lançamento fiscal (campo 02 do Registro 0460)","C","006","","O","",""
"B460","pva","8","IND_OBR","Indicador da obrigação onde será aplicada a dedução","C","001*","","O","",""
"B470","pva","1","REG","Texto fixo contendo “B470”","C","004*","","OC","",""
"B470","pva","2","VL_CONT","Valor das prestações de serviço","N","","2","O","",""
"B470","pva","3","VL_MAT_TERC","Valor do material de terceiros","N","","2","O","",""
"B470","pva","4","VL_MAT_PROP","Valor do material próprio utilizado na prestação do serviço","N","","2","O","",""
"B470","pva","5","VL_SUB","Valor total das subempreitadas","N","","2","O","",""
"B470","pva","6","VL_ISNT","Prestações isentas ou não-tributadas","N","","2","O","",""
"B470","pva","7","VL_DED_BC","Valor total das deduções da base de cálculo (VL_MAT_TERC + VL_MAT_PROP + VL_SUB + VL_ISNT)","N","","2","O","",""
"B470","pva","8","VL_BC_ISS","Valor total da base de cálculo do ISS","N","","2","O","",""
"B470","pva","9","VL_BC_ISS_RT","Valor total da base de cálculo de retenção do ISS referente às prestações do declarante","N","","2","O","",""
"B470","pva","10","VL_ISS","Valor total do ISS destacado","N","","2","O","",""
"B470","pva","11","VL_ISS_RT","Valor total do ISS retido pelo tomador nas prestações do declarante","N","","2","O","",""
"B470","pva","12","VL_DED","Valor total das deduções do ISS próprio","N","","2","O","",""
"B470","pva","13","VL_ISS_REC","Valor total apurado do ISS próprio a recolher (VL_ISS - VL_ISS_RT - VL_DED)","N","","2","O","",""
"B470","pva","14","VL_ISS_ST","Valor total do ISS substituto a recolher pelas aquisições do declarante (tomador)","N","","2","O","",""
"B470","pva","15","VL_ISS_REC_UNI","Valor do ISS Uniprofissional a recolher","N","","2","O","",""
"B500","pva","1","REG","Texto fixo contendo “B500”","C","004*","","OC","",""
"B500","pva","2","VL_REC","Valor mensal das receitas auferidas pela sociedade uniprofissional","N","","2","O","",""
"B500","pva","3","QTD_PROF","Quantidade de profissionais habilitados","N","","","O","",""
"B500","pva","4","VL_OR","Valor do ISS devido","N","","2","O","",""
"B510","pva","1","REG","Texto fixo contendo “B510”","C","004*","","","",""
"B510","pva","2","IND_PROF","Indicador de habilitação","C","001*","","O","",""
"B510","pva","3","IND_ESC","Indicador de escolaridade","C","001*","","O","",""
"B510","pva","4","IND_SOC","Indicador de participação societária","C","001*","","O","",""
"B510","pva","5","CPF","Número de inscrição do profissional no CPF","N","011*","","O","",""
"B510","pva","6","NOME","Nome do profissional","C","100","","O","",""
"B990","pva","1","REG","Texto fixo contendo “B990”","C","004*","","O","",""
"B990","pva","2","QTD_LIN_B","Quantidade total de linhas do Bloco B","N","","","O","",""
"C001","pva","1","REG","Texto fixo contendo “C001”","C","004*","","O","",""
"C001","pva","2","IND_MOV","Indicador de movimento","C","001","","O","",""
"C100","pva","1","REG","Texto fixo contendo “C100”","C","004*","","","",""
"C100","pva","2","IND_OPER","Indicador do tipo de operação","C","001","","O","",""
"C100","pva","3","IND_EMIT","Indicador do emitente do documento fiscal","C","001","","O","",""
"C100","pva","4","COD_PART","Código do participante (campo 02 do Registro 0150): - do emitente do documento ou do remetente das mercadorias, no caso de entradas; - do adquirente, no caso de saídas","C","060","","O","",""
"C100","pva","5","COD_MOD","Código do modelo do documento fiscal, conforme a tabela de Codificação dos Documentos","C","002*","","O","",""
"C100","pva","6","COD_SIT","Código da situação do documento fiscal, conforme a Tabela Situação do Documento","N","002*","","O","",""
"C100","pva","7","SER","Série do documento fiscal","C","003","","","",""
"C100","pva","8","NUM_DOC","Número do documento fiscal","N","009","","O","",""
"C100","pva","9","CHV_NFE","Chave da Nota Fiscal Eletrônica","C","044*","","","",""
"C100","pva","10","DT_DOC","Data da emissão do documento fiscal (DDMMAAAA)","D","008*","","O","",""
"C100","pva","11","DT_E_S","Data da entrada ou da saída","D","008*","","","",""
"C100","pva","12","VL_DOC","Valor total do documento fiscal","N","","2","O","",""
"C100","pva","13","IND_PGTO","Indicador do tipo de pagamento","C","001","","O","",""
"C100","pva","14","VL_DESC","Valor total do desconto","N","","2","","",""
"C100","pva","15","VL_ABAT_NT","Abatimento não tributado e não comercial Ex. desconto ICMS nas remessas para ZFM","N","","2","","",""
"C100","pva","16","VL_MERC","Valor das mercadorias constantes no documento fiscal","N","","2","","",""
"C100","pva","17","IND_FRT","Indicador do tipo do frete","C","001","","O","",""
"C100","pva","18","VL_FRT","Valor do frete indicado no documento fiscal","N","","2","","",""
"C100","pva","19","VL_SEG","Valor do seguro indicado no documento fiscal","N","","2","","",""
"C100","pva","20","VL_OUT_DA","Valor de outras despesas acessórias","N","","2","","",""
"C100","pva","21","VL_BC_ICMS","Valor da base de cálculo do ICMS","N","","2","","",""
"C100","pva","22","VL_ICMS","Valor do ICMS","N","","2","","",""
"C100","pva","23","VL_BC_ICMS_ST","Valor da base de cálculo do ICMS substituição tributária","N","","2","","",""
"C100","pva","24","VL_ICMS_ST","Valor do ICMS retido por substituição tributária","N","","2","","",""
"C100","pva","25","VL_IPI","Valor total do IPI","N","","2","","",""
"C100","pva","26","VL_PIS","Valor total do PIS","N","","2","","",""
"C100","pva","27","VL_COFINS","Valor total da COFINS","N","","2","","",""
"C100","pva","28","VL_PIS_ST","Valor total do PIS retido por substituição tributária","N","","2","","",""
"C100","pva","29","VL_COFINS_ST","Valor total da COFINS retido por substituição tributária","N","","2","","",""
"C101","pva","1","REG","Texto fixo contendo “C101”","C","004*","","","",""
"C101","pva","2","VL_FCP_UF_DEST","Valor total relativo ao Fundo de Combate à Pobreza (FCP) da UF de destino se for operação de entrada ou da UF de origem de se for operação de saída","N","","2","O","",""
"C101","pva","3","VL_ICMS_UF_DEST","Valor total do ICMS interestadual para a UF de destino","N","","2","O","",""
"C101","pva","4","VL_ICMS_UF_REM","Valor total do ICMS interestadual para a UF do remetente","N","","2","O","",""
"C105","pva","1","REG","Texto fixo contendo “C105”","C","004*","","OC","",""
"C105","pva","2","OPER","Indicador do tipo de operação: 0-Combustíveis e Lubrificantes; 1-Leasing de veículos ou faturamento direto; 2-Recusa de recebimento (de acordo com as condições descritas nas instruções do Registro)","N","001*","","O","",""
"C105","pva","3","COD_UF","Sigla da UF de destino do ICMS_ST","C","002*","","O","",""
"C110","pva","1","REG","Texto fixo contendo “C110”","C","004*","","OC","",""
"C110","pva","2","COD_INF","Código da informação complementar do documento fiscal (campo 02 do Registro 0450)","C","006","","O","",""
"C110","pva","3","TXT_COMPL","Descrição complementar do código de referência","C","","","","",""
"C111","pva","1","REG","Texto fixo contendo “C111”","C","004*","","","",""
"C111","pva","2","NUM_PROC","Identificação do processo ou ato concessório","C","060","","O","",""
"C111","pva","3","IND_PROC","Indicador da origem do processo","C","001","","O","",""
"C112","pva","1","REG","Texto fixo contendo “C112”","C","004*","","","",""
"C112","pva","2","COD_DA","Código do modelo do documento de arrecadação","C","001","","O","",""
"C112","pva","3","UF","Unidade federada beneficiária do recolhimento","C","002*","","O","",""
"C112","pva","4","NUM_DA","Número do documento de arrecadação","C","","","","",""
"C112","pva","5","COD_AUT","Código completo da autenticação bancária","C","","","","",""
"C112","pva","6","VL_DA","Valor do total do documento de arrecadação (principal, atualização monetária, juros e multa)","N","","2","O","",""
"C112","pva","7","DT_VCTO","Data de vencimento do documento de arrecadação","D","008*","","O","",""
"C112","pva","8","DT_PGTO","Data de pagamento do documento de arrecadação, ou data do vencimento, no caso de ICMS antecipado a recolher","D","008*","","O","",""
"C113","pva","1","REG","Texto fixo contendo “C113”","C","004*","","","",""
"C113","pva","2","IND_OPER","Indicador do tipo de operação","C","001*","","O","",""
"C113","pva","3","IND_EMIT","Indicador do emitente do Documento Fiscal","C","001*","","O","",""
"C113","pva","4","COD_PART","Código do participante emitente (campo 02 do Registro 0150) do documento referenciado","C","060","","","",""
"C113","pva","5","COD_MOD","Código do documento fiscal, conforme a tabela de Codificação dos Documentos","C","002*","","O","",""
"C113","pva","6","SER","Série do documento fiscal","C","004","","","",""
"C113","pva","7","SUB","Subsérie do documento fiscal","N","003","","","",""
"C113","pva","8","NUM_DOC","Número do documento fiscal","N","009","","O","",""
"C113","pva","9","DT_DOC","Data da emissão do documento fiscal","D","008*","","O","",""
"C113","pva","10","CHV_DOCE","Chave do documento eletrônico","C","044*","","","",""
"C114","pva","1","REG","Texto fixo contendo “C114”","C","004*","","","",""
"C114","pva","2","COD_MOD","Código do modelo do documento fiscal, conforme a tabela de Codificação dos Documentos","C","002*","","O","",""
"C114","pva","3","ECF_FAB","Número de série de fabricação do ECF","C","021","","O","",""
"C114","pva","4","ECF_CX","Número do caixa atribuído ao ECF","N","003","","O","",""
"C114","pva","5","NUM_DOC","Número do documento fiscal","N","009","","O","",""
"C114","pva","6","DT_DOC","Data da emissão do documento fiscal","D","008*","","O","",""
"C115","pva","1","REG","Texto fixo contendo “C115”","C","004*","","OC","",""
"C115","pva","2","IND_CARGA","Indicador do tipo de transporte da carga coletada","N","001","","","",""
"C115","pva","3","CNPJ_COL","Número do CNPJ do contribuinte do local de coleta","C","014*","","","",""
"C115","pva","4","IE_COL","Inscrição Estadual do contribuinte do local de coleta","C","014","","","",""
"C115","pva","5","CPF_COL","CPF do contribuinte do local de coleta das mercadorias","N","011*","","","",""
"C115","pva","6","COD_MUN_COL","Código do Município do local de coleta conforme tabela IBGE","N","007*","","","",""
"C115","pva","7","CNPJ_ENTG","Número do CNPJ do contribuinte do local de entrega","C","014*","","","",""
"C115","pva","8","IE_ENTG","Inscrição Estadual do contribuinte do local de entrega","C","014","","","",""
"C115","pva","9","CPF_ENTG","CPF do contribuinte do local de entrega","N","011*","","","",""
"C115","pva","10","COD_MUN_ENTG","Código do Município do local de entrega conforme tabela do IBGE","N","007*","","","",""
"C116","pva","1","REG","Texto fixo contendo “C116”","C","004*","","OC","",""
"C116","pva","2","COD_MOD","Código do modelo de Documento Fiscal","C","002*","","O","",""
"C116","pva","3","NR_SAT","Número de série do Equipamento SAT","N","009","","O","",""
"C116","pva","4","CHV_CFE","Chave do Cupom Fiscal Eletrônico","C","044*","","O","",""
"C116","pva","5","NUM_CFE","Número do cupom fiscal eletrônico","N","006","","O","",""
"C116","pva","6","DT_DOC","Data de Emissão do Documento Fiscal","N","008*","","O","",""
"C120","pva","1","REG","Texto fixo contendo “C120”","C","004*","","OC","",""
"C120","pva","2","COD_DOC_IMP","Documento de importação","C","001","","","",""
"C120","pva","3","NUM_DOC_IMP","Número do documento de Importação","C","015","","","",""
"C120","pva","4","PIS_IMP","Valor pago de PIS na importação","N","","2","","",""
"C120","pva","5","COFINS_IMP","Valor pago de COFINS na importação","N","","2","","",""
"C120","pva","6","NUM_ACDRAW","Número do Ato Concessório do regime Drawback","C","020","","","",""
"C130","pva","1","REG","Texto fixo contendo “C130”","C","004*","","OC","",""
"C130","pva","2","VL_SERV_NT","Valor dos serviços sob não-incidência ou não-tributados pelo ICMS","N","","2","","",""
"C130","pva","3","VL_BC_ISSQN","Valor da base de cálculo do ISSQN","N","","2","","",""
"C130","pva","4","VL_ISSQN","Valor do ISSQN","N","","2","","",""
"C130","pva","5","VL_BC_IRRF","Valor da base de cálculo do Imposto de Renda Retido na Fonte","N","","2","","",""
"C130","pva","6","VL_IRRF","Valor do Imposto de Renda Retido na Fonte","N","","2","","",""
"C130","pva","7","VL_BC_PREV","Valor da base de cálculo de retenção da Previdência Social","N","","2","","",""
"C130","pva","8","VL_PREV","Valor destacado para retenção da Previdência Social","N","","2","","",""
"C140","pva","1","REG","Texto fixo contendo “C140”","C","004*","","OC","",""
"C140","pva","2","IND_EMIT","Indicador do emitente do título","C","001*","","O","",""
"C140","pva","3","IND_TIT","Tipo de título de crédito","C","002*","","O","",""
"C140","pva","4","DESC_TIT","Descrição complementar do título de crédito","C","","","","",""
"C140","pva","5","NUM_TIT","Número do título de crédito","C","","","O","",""
"C140","pva","6","QTD_PARC","Quantidade de parcelas a receber/pagar","N","002","","O","",""
"C140","pva","7","VL_TIT","Valor total dos títulos de créditos","N","","2","O","",""
"C141","pva","1","REG","Texto fixo contendo “C141”","C","004*","","O","",""
"C141","pva","2","NUM_PARC","Número da parcela a receber/pagar","N","002","","O","",""
"C141","pva","3","DT_VCTO","Data de vencimento da parcela","D","008*","","O","",""
"C141","pva","4","VL_PARC","Valor da parcela a receber/pagar","N","","2","O","",""
"C160","pva","1","REG","Texto fixo contendo “C160”","C","004*","","OC","",""
"C160","pva","2","COD_PART","Código do participante (campo 02 do Registro 0150): - transportador, se houver","C","060","","","",""
"C160","pva","3","VEIC_ID","Placa de identificação do veículo","C","007*","","","",""
"C160","pva","4","QTD_VOL","Quantidade de volumes transportados","N","","","","",""
"C160","pva","5","PESO_BRT","Peso bruto dos volumes transportados (em Kg)","N","","2","","",""
"C160","pva","6","PESO_LIQ","Peso líquido dos volumes transportados (em Kg)","N","","2","","",""
"C160","pva","7","UF_ID","Sigla da UF da placa do veículo","C","002","","","",""
"C165","pva","1","REG","Texto fixo contendo “C165”","C","004*","","OC","",""
"C165","pva","2","COD_PART","Código do participante (campo 02 do Registro 0150): - transportador, se houver","C","060","","","",""
"C165","pva","3","VEIC_ID","Placa de identificação do veículo","C","007*","","O","",""
"C165","pva","4","COD_AUT","Código da autorização fornecido pela SEFAZ (combustíveis)","C","","","","",""
"C165","pva","5","NR_PASSE","Número do Passe Fiscal","C","","","","",""
"C165","pva","6","HORA","Hora da saída das mercadorias","N","006*","","","",""
"C165","pva","7","TEMPER","Temperatura em graus Celsius utilizada para quantificação do volume de combustível","N","","1","","",""
"C165","pva","8","QTD_VOL","Quantidade de volumes transportados","N","","","O","",""
"C165","pva","9","PESO_BRT","Peso bruto dos volumes transportados (em Kg)","N","","2","O","",""
"C165","pva","10","PESO_LIQ","Peso líquido dos volumes transportados (em Kg)","N","","2","O","",""
"C165","pva","11","NOM_MOT","Nome do motorista","C","060","","","",""
"C165","pva","12","CPF","CPF do motorista","N","011*","","","",""
"C165","pva","13","UF_ID","Sigla da UF da placa do veículo","C","002","","","",""
"C170","pva","1","REG","Texto fixo contendo “C170”","C","004*","","OC","",""
"C170","pva","2","NUM_ITEM","Número seqüencial do item no documento fiscal","N","003","","O","",""
"C170","pva","3","COD_ITEM","Código do item (campo 02 do Registro 0200)","C","060","","O","",""
"C170","pva","4","DESCR_COMPL","Descrição complementar do item como adotado no documento fiscal","C","","","","",""
"C170","pva","5","QTD","Quantidade do item","N","","5","O","",""
"C170","pva","6","UNID","Código da unidade de medida do item(Campo 02 do registro 0190)","C","006","","O","",""
"C170","pva","7","VL_ITEM","Valor total do item","N","","2","O","",""
"C170","pva","8","VL_DESC","Valor do desconto comercial","N","","2","","",""
"C170","pva","9","IND_MOV","Movimentação física do ITEM/PRODUTO","C","001","","O","",""
"C170","pva","10","CST_ICMS","Código da Situação Tributária, referente ao ICMS, conforme Tabela Código da Situação Tributária - CST (ICMS)","N","003*","","O","",""
"C170","pva","11","CFOP","Código Fiscal de Operação e Prestação","N","004*","","O","",""
"C170","pva","12","COD_NAT","Código da natureza da operação (campo 02 do registro 0400)","C","010","","","",""
"C170","pva","13","VL_BC_ICMS","Valor da base de cálculo do ICMS","N","","2","","",""
"C170","pva","14","ALIQ_ICMS","Alíquota do ICMS","N","006","2","","",""
"C170","pva","15","VL_ICMS","Valor do ICMS creditado/debitado","N","","2","","",""
"C170","pva","16","VL_BC_ICMS_ST","Valor da base de cálculo referente à substituição tributária","N","","2","","",""
"C170","pva","17","ALIQ_ST","Alíquota do ICMS da substituição tributária na unidade da federação de destino","N","006","2","","",""
"C170","pva","18","VL_ICMS_ST","Valor do ICMS referente à substituição tributária","N","","2","","",""
"C170","pva","19","IND_APUR","Indicador de período de apuração do IPI","C","001*","","","",""
"C170","pva","20","CST_IPI","Código da Situação Tributária referente ao IPI, conforme Tabela Código de Tributação do IPI – CST_IPI: Tabela publicada pela RFB","C","002*","","","",""
"C170","pva","21","COD_ENQ","Código de enquadramento legal do IPI, conforme Tabela Código de Enquadramento Legal do IPI – Tabela publicada pela RFB","C","003*","","","",""
"C170","pva","22","VL_BC_IPI","Valor da base de cálculo do IPI","N","","2","","",""
"C170","pva","23","ALIQ_IPI","Alíquota do IPI","N","006","2","","",""
"C170","pva","24","VL_IPI","Valor do IPI creditado/debitado","N","","2","","",""
"C170","pva","25","CST_PIS","Código da Situação Tributária referente ao PIS, conforme Tabela Código de Situação Tributária do PIS – Tabela publicada pela RFB","N","002*","","","",""
"C170","pva","26","VL_BC_PIS","Valor da base de cálculo do PIS","N","","2","","",""
"C170","pva","27","ALIQ_PIS_PERC","Alíquota do PIS (em percentual)","N","008","4","","",""
"C170","pva","28","QUANT_BC_PIS","Quantidade – Base de cálculo PIS","N","","3","","",""
"C170","pva","29","ALIQ_PIS_REAIS","Alíquota do PIS (em reais)","N","","4","","",""
"C170","pva","30","VL_PIS","Valor do PIS","N","","2","","",""
"C170","pva","31","CST_COFINS","Código da Situação Tributária referente a COFINS, conforme Tabela Código de Situação Tributária da COFINS – Tabela publicada pela RFB","N","002*","","","",""
"C170","pva","32","VL_BC_COFINS","Valor da base de cálculo da COFINS","N","","2","","",""
"C170","pva","33","ALIQ_COFINS_PERC","Alíquota da COFINS (em percentual)","N","008","4","","",""
"C170","pva","34","QUANT_BC_COFINS","Quantidade – Base de cálculo COFINS","N","","3","","",""
"C170","pva","35","ALIQ_COFINS_REAIS","Alíquota da COFINS (em reais)","N","","4","","",""
"C170","pva","36","VL_COFINS","Valor da COFINS","N","","2","","",""
"C170","pva","37","COD_CTA","Código da conta analítica contábil debitada/creditada","C","","","","",""
"C170","pva","38","VL_ABAT_NT","Valor do abatimento não tributado e não comercial","N","","2","","",""
"C171","pva","1","REG","Texto fixo contendo “C171”","C","004*","","OC","",""
"C171","pva","2","NUM_TANQUE","Tanque onde foi armazenado o combustível","C","003","","","",""
"C171","pva","3","QTDE","Quantidade ou volume armazenado","N","","3","","",""
"C172","pva","1","REG","Texto fixo contendo “C172”","C","004*","","OC","",""
"C172","pva","2","VL_BC_ISSQN","Valor da base de cálculo do ISSQN","N","","2","","",""
"C172","pva","3","ALIQ_ISSQN","Alíquota do ISSQN","N","006","2","","",""
"C172","pva","4","VL_ISSQN","Valor do ISSQN","N","","2","","",""
"C173","pva","1","REG","Texto fixo contendo “C173”","C","004*","","","",""
"C173","pva","2","LOTE_MED","Número do lote de fabricação do medicamento","C","","","O","",""
"C173","pva","3","QTD_ITEM","Quantidade de item por lote","N","","3","O","",""
"C173","pva","4","DT_FAB","Data de fabricação do medicamento","D","008*","","O","",""
"C173","pva","5","DT_VAL","Data de expiração da validade do medicamento","D","008*","","O","",""
"C173","pva","6","IND_MED","Indicador de tipo de referência da base de cálculo do ICMS (ST) do produto farmacêutico","C","001*","","O","",""
"C173","pva","7","TP_PROD","Tipo de produto","C","001*","","O","",""
"C173","pva","8","VL_TAB_MAX","Preço tabelado ou máximo","N","","2","O","",""
"C174","pva","1","REG","Texto fixo contendo “C174”","C","004*","","OC","",""
"C174","pva","2","IND_ARM","Indicador do tipo da arma de fogo","C","001","","","",""
"C174","pva","3","NUM_ARM","Numeração de série de fabricação da arma","C","","","","",""
"C174","pva","4","DESCR_COMPL","Descrição da arma, compreendendo: número do cano, calibre, marca, capacidade de cartuchos, tipo de funcionamento, quantidade de canos, comprimento, tipo de arma, quantidade e sentido das raias e demais elementos que permitam sua perfeita identificação","C","","","","",""
"C175","pva","1","REG","Texto fixo contendo “C175”","C","004*","","","",""
"C175","pva","2","IND_VEIC_OPER","Indicador do tipo de operação com veículo","C","001","","O","",""
"C175","pva","3","CNPJ","CNPJ da Concessionária","C","014*","","","",""
"C175","pva","4","UF","Sigla da unidade da federação da Concessionária","C","002*","","","",""
"C175","pva","5","CHASSI_VEIC","Chassi do veículo","C","017","","O","",""
"C176","pva","1","REG","Texto fixo contendo “C176”","C","004*","","OC","",""
"C176","pva","2","COD_MOD_ULT_E","Código do modelo do documento fiscal relativo à última entrada","C","002","","O","",""
"C176","pva","3","NUM_DOC_ULT_E","Número do documento fiscal relativo à última entrada","N","009","","O","",""
"C176","pva","4","SER_ULT_E","Série do documento fiscal relativa à última entrada","C","003","","","",""
"C176","pva","5","DT_ULT_E","Data relativa à última entrada da mercadoria","D","008*","","O","",""
"C176","pva","6","COD_PART_ULT_E","Código do participante (do emitente do documento relativo à última entrada)","C","060","","O","",""
"C176","pva","7","QUANT_ULT_E","Quantidade do item relativa à última entrada","N","","3","O","",""
"C176","pva","8","VL_UNIT_ULT_E","Valor unitário da mercadoria constante na NF relativo à última entrada inclusive despesas acessórias","N","","3","O","",""
"C176","pva","9","VL_UNIT_BC_ST","Valor unitário da base de cálculo do imposto pago por substituição","N","","3","O","",""
"C176","pva","10","CHAVE_NFE_ULT_E","Número completo da chave da NFe relativo à última entrada","C","044*","","","",""
"C176","pva","11","NUM_ITEM_ULT_E","Número sequencial do item na NF entrada que corresponde à mercadoria objeto de pedido de ressarcimento","N","003","","","",""
"C176","pva","12","VL_UNIT_BC_ICMS_ULT_E","Valor unitário da base de cálculo da operação própria do remetente sob o regime comum de tributação","N","","2","","",""
"C176","pva","13","ALIQ_ICMS_ULT_E","Alíquota do ICMS aplicável à última entrada da mercadoria","N","","2","","",""
"C176","pva","14","VL_UNIT_LIMITE_BC_ICMS_ULT_E","Valor unitário da base de cálculo do ICMS relativo à última entrada da mercadoria, limitado ao valor da BC da retenção (corresponde ao menor valor entre os campos VL_UNIT_BC_ST e VL_UNIT_BC_ICMS_ULT_E )","N","","2","","",""
"C176","pva","15","VL_UNIT_ICMS_ULT_E","Valor unitário do crédito de ICMS sobre operações próprias do remetente, relativo à última entrada da mercadoria, decorrente da quebra da ST – equivalente a multiplicação entre os campos 13 e 14","N","","3","","",""
"C176","pva","16","ALIQ_ST_ULT_E","Alíquota do ICMS ST relativa à última entrada da mercadoria","N","","2","","",""
"C176","pva","17","VL_UNIT_RES","Valor unitário do ressarcimento (parcial ou completo) de ICMS decorrente da quebra da ST","N","","3","","",""
"C176","pva","18","COD_RESP_RET","Código que indica o responsável pela retenção do ICMS-ST","N","001*","","","",""
"C176","pva","19","COD_MOT_RES","Código do motivo do ressarcimento:","N","001*","","","",""
"C176","pva","20","CHAVE_NFE_RET","Número completo da chave da NF-e emitida pelo substituto, na qual consta o valor do ICMS-ST retido","C","044*","","","",""
"C176","pva","21","COD_PART_NFE_RET","Código do participante do emitente da NF-e em que houve a retenção do ICMS-ST – campo 02 do registro 0150","C","060","","","",""
"C176","pva","22","SER_NFE_RET","Série da NF-e em que houve a retenção do ICMS-ST","C","003","","","",""
"C176","pva","23","NUM_NFE_RET","Número da NF-e em que houve a retenção do ICMS-ST","N","009","","","",""
"C176","pva","24","ITEM_NFE_RET","Número sequencial do item na NF-e em que houve a retenção do ICMS-ST, que corresponde à mercadoria objeto de pedido de ressarcimento","N","003","","","",""
"C176","pva","25","COD_DA","Código do modelo do documento de arrecadação","C","001*","","","",""
"C176","pva","26","NUM_DA","Número do documento de arrecadação estadual, se houver","C","","","","",""
"C176","pva","27","VL_UNIT_RES_FCP_ST","Valor unitário do ressarcimento (parcial ou completo) de FCP decorrente da quebra da ST","N","","3","","",""
"C177","pva","1","REG","Texto fixo contendo “C177”","C","004*","","OC","",""
"C177","pva","2","COD_INF_ITEM","Código da informação adicional de acordo com tabela a ser publicada pelas SEFAZ, conforme tabela definida no item 5.6","C","008*","","O","",""
"C178","pva","1","REG","Texto fixo contendo “C178”","C","004*","","OC","",""
"C178","pva","2","CL_ENQ","Código da classe de enquadramento do IPI, conforme Tabela de Códigos da Classe de Enquadramento do IPI","C","005","","","",""
"C178","pva","3","VL_UNID","Valor por unidade padrão de tributação","N","","2","","",""
"C178","pva","4","QUANT_PAD","Quantidade total de produtos na unidade padrão de tributação","N","","3","","",""
"C179","pva","1","REG","Texto fixo contendo “C179”","C","004*","","OC","",""
"C179","pva","2","BC_ST_ORIG_DEST","Valor da base de cálculo ST na origem/destino em operações interestaduais","N","","2","O","",""
"C179","pva","3","ICMS_ST_REP","Valor do ICMS-ST a repassar/deduzir em operações interestaduais","N","","2","O","",""
"C179","pva","4","ICMS_ST_COMPL","Valor do ICMS-ST a complementar à UF de destino","N","","2","","",""
"C179","pva","5","BC_RET","Valor da base de cálculo de retenção em remessa promovida por Substituído intermediário","N","","2","","",""
"C179","pva","6","ICMS_RET","Valor da parcela do imposto retido em remessa promovida por substituído intermediário","N","","2","","",""
"C180","pva","1","REG","Texto fixo contendo “C180”","C","004*","","OC","",""
"C180","pva","2","COD_RESP_RET","Código que indica o responsável pela retenção do ICMS-ST:","N","001*","","","",""
"C180","pva","3","QUANT_CONV","Quantidade do item","N","","6","","",""
"C180","pva","4","UNID","Unidade adotada para informar a quantidade do item (campo 03)","C","006","","","",""
"C180","pva","5","VL_UNIT_CONV","Valor unitário da mercadoria, considerando a unidade utilizada para informar o campo “quantidade do item”","N","","6","","",""
"C180","pva","6","VL_UNIT_ICMS_OP_CONV","Valor unitário do ICMS operação própria que o informante teria direito ao crédito caso a mercadoria estivesse sob o regime comum de tributação, considerando unidade utilizada para informar o campo “QUANT_CONV”","N","","6","","",""
"C180","pva","7","VL_UNIT_BC_ICMS_ST_CONV","Valor unitário da Base de Cálculo do ICMS ST","N","","6","","",""
"C180","pva","8","VL_UNIT_ICMS_ST_CONV","Valor unitário de ICMS ST","N","","6","","",""
"C180","pva","9","VL_UNIT_FCP_ST_CONV","Valor unitário da parcela do FCP_ST agregado ao valor informado no campo “VL_UNIT_ICMS_ST_CONV”","N","","6","","",""
"C180","pva","10","COD_DA","Código do modelo do documento de arrecadação","C","001*","","","",""
"C180","pva","11","NUM_DA","Número do documento de arrecadação estadual, se houver","C","","","","",""
"C181","pva","1","REG","Texto fixo contendo “C181”","C","004*","","OC","",""
"C181","pva","2","COD_MOT_REST_COMPL","Código do motivo da restituição ou complementação conforme Tabela 5.7","C","005*","","","",""
"C181","pva","3","QUANT_CONV","Quantidade do Item","N","","6","","",""
"C181","pva","4","UNID","Unidade adotada para informar o campo Quantidade do Item QUANT_CONV","C","006","","","",""
"C181","pva","5","COD_MOD_SAIDA","Código do modelo do documento fiscal de saída, conforme a tabela indicada no item 4.1.1","C","002*","","","",""
"C181","pva","6","SERIE_SAIDA","Número de série do documento de saída em papel","C","003","","","",""
"C181","pva","7","ECF_FAB_SAIDA","Número de série de fabricação do equipamento ECF","C","021","","","",""
"C181","pva","8","NUM_DOC_SAIDA","Número do documento fiscal de saída","N","009","","","",""
"C181","pva","9","CHV_DFE_SAIDA","Chave do documento fiscal eletrônico de saída","C","044*","","","",""
"C181","pva","10","DT_DOC_SAIDA","Data da emissão do documento fiscal de saída","D","008*","","","",""
"C181","pva","11","NUM_ITEM_SAIDA","Número do item informado na saída","N","003","","","",""
"C181","pva","12","VL_UNIT_CONV_SAIDA","Valor unitário da mercadoria informado na saída","N","","6","","",""
"C181","pva","13","VL_UNIT_ICMS_OP_ESTOQUE_CONV_SAIDA","Valor médio unitário do ICMS OP informado na saída","N","","6","","",""
"C181","pva","14","VL_UNIT_ICMS_ST_ESTOQUE_CONV_SAIDA","Valor médio unitário do ICMS ST, incluindo FCP ST, em estoque informado na saída","N","","6","","",""
"C181","pva","15","VL_UNIT_FCP_ICMS_ST_ESTOQUE_CONV_SAIDA","Parcela correspondente a FCP ST que compõe o campo anterior","N","","6","","",""
"C181","pva","16","VL_UNIT_ICMS_NA_OPERACAO_CONV_SAIDA","Valor unitá para o ICMS na operação informado na saída","N","","6","","",""
"C181","pva","17","VL_UNIT_ICMS_OP_CONV_SAIDA","Valor unitário de ICMS OP para desfazimento da ST informado na saída","N","","6","","",""
"C181","pva","18","VL_UNIT_ICMS_ST_CONV_REST","Valor unitário do estorno de complemento, incluindo FCP ST","N","","6","","",""
"C181","pva","19","VL_UNIT_FCP_ST_CONV_REST","Parcela correspondente a FCP ST que compõe o campo anterior","N","","6","","",""
"C181","pva","20","VL_UNIT_ICMS_ST_CONV_COMPL","Valor unitário do estorno do ressarcimento/restituição, incluindo FCP ST","N","","6","","",""
"C181","pva","21","VL_UNIT_FCP_ST_CONV_COMPL","Parcela correspondente a FCP ST que compõe o campo anterior","N","","6","","",""
"C185","pva","1","REG","Texto fixo contendo “C185”","C","004*","","OC","",""
"C185","pva","2","NUM_ITEM","Quantidade do item","N","003","","","",""
"C185","pva","3","COD_ITEM","Código do item (campo 02 do Registro 0200)","C","060","","","",""
"C185","pva","4","CST_ICMS","Código da Situação Tributária referente ao ICMS","N","003*","","","",""
"C185","pva","5","CFOP","Código Fiscal de Operação e Prestação","N","004*","","","",""
"C185","pva","6","COD_MOT_REST_COMPL","Código do motivo da restituição ou complementação conforme Tabela 5.7","C","005*","","","",""
"C185","pva","7","QUANT_CONV","Quantidade do item","N","","6","","",""
"C185","pva","8","UNID","Unidade adotada p/ o campo QUANT_CONV","C","006","","","",""
"C185","pva","9","VL_UNIT_CONV","Valor unitário da mercadoria, considerando a unidade utilizada para informar o campo “QUANT_CONV”","N","","6","","",""
"C185","pva","10","VL_UNIT_ICMS_NA_OPERACAO_CONV","Valor unitário para o ICMS na operação, caso não houvesse a ST, considerando unidade utilizada para informar o campo “QUANT_CONV”","N","","6","","",""
"C185","pva","11","VL_UNIT_ICMS_OP_CONV","Valor unitário de ICMS Operações Próprias(OP) para desfazimento da Substituição Tributária(ST)","N","","6","","",""
"C185","pva","12","VL_UNIT_ICMS_OP_ESTOQUE_CONV","Valor unitário médio de ICMS Operações Próprias","N","","6","","",""
"C185","pva","13","VL_UNIT_ICMS_ST_ESTOQUE_CONV","Valor unitário médio de ICMS ST, incluindo FCP ST","N","","6","","",""
"C185","pva","14","VL_UNIT_FCP_ICMS_ST_ESTOQUE_CONV","Parcela correspondente a FCP ST que compõe o campo “Valor unit. médio de ICMS ST, incluindo FCP ST”","N","","6","","",""
"C185","pva","15","VL_UNIT_ICMS_ST_CONV_REST","Valor unitário do ICMS ST, incluindo FCP ST, a ser restituído/ressarcido","N","","6","","",""
"C185","pva","16","VL_UNIT_FCP_ST_CONV_REST","Parcela correspondente a FCP ST que compõe o campo “Valor unit. ICMS ST, incluindo FCP ST, a ser restituído/ressarcido”","N","","6","","",""
"C185","pva","17","VL_UNIT_ICMS_ST_CONV_COMPL","Valor unitário do complemento do ICMS, incluindo FCP ST, considerando a unidade utilizada para informar o campo “Quantidade do Item”","N","","6","","",""
"C185","pva","18","VL_UNIT_FCP_ST_CONV_COMPL","Valor unitário correspondente à parcela de FCP ST que compõe o campo acima, considerando unidade utilizada para informar o campo “Quantidade do Item”.","N","","6","","",""
"C186","pva","1","REG","Texto fixo contendo “C186”","C","004*","","OC","",""
"C186","pva","2","NUM_ITEM","Número sequencial do item no documento fiscal","N","003","","","",""
"C186","pva","3","COD_ITEM","Código do item (campo 02 do Registro 0200)","C","060","","","",""
"C186","pva","4","CST_ICMS"," Código da Situação Tributária referente ao ICMS","C","003*","","","",""
"C186","pva","5","CFOP","Código Fiscal de Operação e Prestação","C","004*","","","",""
"C186","pva","6","COD_MOT_REST_COMPL","Código do motivo da restituição ou complementação conforme Tabela 5.7","C","005*","","","",""
"C186","pva","7","QUANT_CONV","Quantidade do item","N","","6","","",""
"C186","pva","8","UNID","Unidade adotada para informar a quantidade do item","C","006","","","",""
"C186","pva","9","COD_MOD_ENTRADA","Código do modelo do documento fiscal de entrada, conforme a tabela indicada no item 4.1.1","C","002*","","","",""
"C186","pva","10","SERIE_ENTRADA","Número de série do documento de entrada em papel","C","003","","","",""
"C186","pva","11","NUM_DOC_ENTRADA","Número do documento fiscal de entrada","N","009","","","",""
"C186","pva","12","CHV_DFE_ENTRADA","Chave do documento fiscal eletrônico de entrada","C","044*","","","",""
"C186","pva","13","DT_DOC_ENTRADA","Data da emissão do documento fiscal de entrada","D","008*","6","","",""
"C186","pva","14","NUM_ITEM_ENTRADA","Número do item informado na entrada","N","003","","","",""
"C186","pva","15","VL_UNIT_CONV_ENTRADA","VValor unitário da mercadoria informado na entrada","N","","6","","",""
"C186","pva","16","VL_UNIT_ICMS_OP_CONV_ENTRADA","Valor unitário do ICMS OP informado na entrada","N","","6","","",""
"C186","pva","17","VL_UNIT_BC_ICMS_ST_CONV_ENTRADA","Valor unitário da Base de Cálculo do ICMS ST informado na entrada","N","","6","","",""
"C186","pva","18","VL_UNIT_ICMS_ST_CONV_ENTRADA","Valor unitário ICMS ST informado na entrada","N","","6","","",""
"C186","pva","19","VL_UNIT_FCP_ST_CONV_ENTRADA","Parcela correspondente a FCP ST que compõe o campo anterior","N","","6","","",""
"C190","pva","1","REG","Texto fixo contendo “C190”","C","004*","","O","",""
"C190","pva","2","CST_ICMS","Código da Situação Tributária","N","003*","","O","",""
"C190","pva","3","CFOP","Código Fiscal de Operação e Prestação do agrupamento de itens","N","004*","","O","",""
"C190","pva","4","ALIQ_ICMS","Alíquota do ICMS","N","006","2","","",""
"C190","pva","5","VL_OPR","Valor da operação na combinação de CST_ICMS, CFOP e alíquota do ICMS, correspondente ao somatório do valor das mercadorias, despesas acessórias (frete, seguros e outras despesas acessórias), ICMS_ST, FCP_ST e IPI","N","","2","O","",""
"C190","pva","6","VL_BC_ICMS","Parcela correspondente ao “Valor da base de cálculo do ICMS” referente à combinação de CST/ICMS, CFOP e alíquota do ICMS","N","","2","O","",""
"C190","pva","7","VL_ICMS","Parcela correspondente ao “Valor do ICMS”, incluindo o FCP, quando aplicável, referente à combinação de CST_ICMS, CFOP e alíquota do ICMS","N","","2","O","",""
"C190","pva","8","VL_BC_ICMS_ST","Parcela correspondente ao “Valor da base de cálculo do ICMS” da substituição tributária, referente à combinação de CST/ICMS, CFOP e alíquota do ICMS","N","","2","O","",""
"C190","pva","9","VL_ICMS_ST","Parcela correspondente ao valor creditado/debitado do ICMS da substituição tributária, incluindo o FCP_ ST, quando aplicável, referente à combinação de CST_ICMS, CFOP, e alíquota do ICMS","N","","2","O","",""
"C190","pva","10","VL_RED_BC","Valor não tributado em função da redução da base de cálculo do ICMS, referente à combinação de CST/ICMS, CFOP e alíquota do ICMS","N","","2","O","",""
"C190","pva","11","VL_IPI","Parcela correspondente ao “Valor do IPI” referente à combinação CST/ICMS, CFOP e alíquota do ICMS","N","","2","O","",""
"C190","pva","12","COD_OBS","Código da observação do lançamento fiscal (campo 02 do Registro 0460)","C","006","","","",""
"C191","pva","1","REG","Texto fixo contendo “C191”","C","004*","","","",""
"C191","pva","2","VL_FCP_OP","Valor do Fundo de Combate à Pobreza (FCP) vinculado à operação própria, na combinação de CST_ICMS, CFOP e alíquota do ICMS","N","","2","","",""
"C191","pva","3","VL_FCP_ST","Valor do Fundo de Combate à Pobreza (FCP) vinculado à operação de substituição tributária, na combinação de CST_ICMS, CFOP e alíquota do ICMS","N","","2","","",""
"C191","pva","4","VL_FCP_RET","Valor relativo ao Fundo de Combate à Pobreza (FCP) retido anteriormente nas operações com Substituição Tributárias, na combinação de CST_ICMS, CFOP e alíquota do ICMS","N","","2","","",""
"C195","pva","1","REG","Texto fixo contendo “C195”","C","004*","","","",""
"C195","pva","2","COD_OBS","Código da observação do lançamento fiscal (campo 02 do Registro 0460)","C","006","","O","",""
"C195","pva","3","TXT_COMPL","Descrição complementar do código de observação","C","","","","",""
"C197","pva","1","REG","Texto fixo contendo “C197”","C","004*","","","",""
"C197","pva","2","COD_AJ","Código do ajuste/benefício/incentivo, conforme TABELA DE AJUSTES E INFORMAÇÕES DE VALORES PROVENIENTES DE DOCUMENTO FISCAL","C","010*","","O","",""
"C197","pva","3","DESCR_COMPL_AJ","Descrição complementar do ajuste do documento fiscal","C","","","","",""
"C197","pva","4","COD_ITEM","Código do item (campo 02 do Registro 0200)","C","060","","","",""
"C197","pva","5","VL_BC_ICMS","Base de cálculo do ICMS ou do ICMS ST","N","","2","","",""
"C197","pva","6","ALIQ_ICMS","Alíquota do ICMS","N","006","2","","",""
"C197","pva","7","VL_ICMS","Valor do ICMS ou ICMS ST","N","","2","","",""
"C197","pva","8","VL_OUTROS","Outros valores","N","","2","","",""
"C300","pva","1","REG","Texto fixo contendo “C300”","C","004*","","OC","",""
"C300","pva","2","COD_MOD","Código do modelo do documento fiscal, conforme a Tabela Documentos Fiscais do ICMS","C","002*","","","",""
"C300","pva","3","SER","Série do documento fiscal","C","004","","","",""
"C300","pva","4","SUB","Subsérie do documento fiscal","C","003","","","",""
"C300","pva","5","NUM_DOC_INI","Número do documento fiscal inicial","N","006","","","",""
"C300","pva","6","NUM_DOC_FIN","Número do documento fiscal final","N","006","","","",""
"C300","pva","7","DT_DOC","Data da emissão dos documentos fiscais","D","008*","","","",""
"C300","pva","8","VL_DOC","Valor total dos documentos","N","","2","","",""
"C300","pva","9","VL_PIS","Valor total do PIS","N","","2","","",""
"C300","pva","10","VL_COFINS","Valor total da COFINS","N","","2","","",""
"C300","pva","11","COD_CTA","Código da conta analítica contábil debitada/creditada","C","","","","",""
"C310","pva","1","REG","Texto fixo contendo “C310”","C","004*","","","",""
"C310","pva","2","NUM_DOC_CANC","Número do documento fiscal cancelado","N","006","","","",""
"C320","pva","1","REG","Texto fixo contendo “C320”","C","004*","","","",""
"C320","pva","2","CST_ICMS","Código da Situação Tributária referente ao ICMS, conforme Tabela Código da Situação Tributária - CST (ICMS)","N","003*","","","",""
"C320","pva","3","CFOP","Código Fiscal de Operação e Prestação","N","004*","","","",""
"C320","pva","4","ALIQ_ICMS","Alíquota do ICMS","N","006","2","","",""
"C320","pva","5","VL_OPR","Valor total acumulado das operações correspondentes à combinação de CST/ICMS, CFOP e alíquota do ICMS, incluídas as despesas acessórias e acréscimos","N","","2","","",""
"C320","pva","6","VL_BC_ICMS","Valor acumulado da base de cálculo do ICMS, referente à combinação de CST/ICMS, CFOP e alíquota do ICMS","N","","2","","",""
"C320","pva","7","VL_ICMS","Valor acumulado do ICMS, referente à combinação de CST/ICMS, CFOP e alíquota do ICMS","N","","2","","",""
"C320","pva","8","VL_RED_BC","Valor não tributado em função da redução da base de cálculo do ICMS, referente à combinação de CST/ICMS, CFOP e alíquota do ICMS","N","","2","","",""
"C320","pva","9","COD_OBS","Código da observação do lançamento fiscal (campo 02 do Registro 0460)","C","006","","","",""
"C321","pva","1","REG","Texto fixo contendo “C321”","C","004*","","OC","",""
"C321","pva","2","COD_ITEM","Código do item (campo 02 do Registro 0200)","C","060","","","",""
"C321","pva","3","QTD","Quantidade acumulada do item","N","","3","","",""
"C321","pva","4","UNID","Unidade do item (Campo 02 do registro 0190)","C","006","","","",""
"C321","pva","5","VL_ITEM","Valor acumulado do item","N","","2","","",""
"C321","pva","6","VL_DESC","Valor do desconto acumulado","N","","2","","",""
"C321","pva","7","VL_BC_ICMS","Valor acumulado da base de cálculo do ICMS","N","","2","","",""
"C321","pva","8","VL_ICMS","Valor acumulado do ICMS debitado","N","","2","","",""
"C321","pva","9","VL_PIS","Valor acumulado do PIS","N","","2","","",""
"C321","pva","10","VL_COFINS","Valor acumulado da COFINS","N","","2","","",""
"C330","pva","1","REG","Texto fixo contendo “C330”","C","004*","","OC","",""
"C330","pva","2","COD_MOT_REST_COMPL","Código do motivo da restituição ou complementação conforme Tabela 5.7","C","005*","","","",""
"C330","pva","3","QUANT_CONV","Quantidade do item","N","","6","","",""
"C330","pva","4","UNID","Unidade adotada para informar o campo QUANT_CONV.","C","006","","","",""
"C330","pva","5","VL_UNIT_CONV","Valor unitário da mercadoria, considerando a unidade utilizada para informar o campo “QUANT_CONV”","N","","6","","",""
"C330","pva","6","VL_UNIT_ICMS_NA_OPERACAO_CONV","Valor unitário da mercadoria, considerando a unidade utilizada para informar o campo “QUANT_CONV”","N","","6","","",""
"C330","pva","7","VL_UNIT_ICMS_OP_CONV","Valor unitário de ICMS Operações Próprias(OP) para desfazimento da Substituição Tributária(ST)","N","","6","","",""
"C330","pva","8","VL_UNIT_BC_ICMS_ST_ESTOQUE_CONV","Valor unitário médio de ICMS ST, incluindo FCP ST","N","","6","","",""
"C330","pva","9","VL_UNIT_ICMS_ST_ESTOQUE_CONV","Valor unitário médio de ICMS ST, incluindo FCP ST","N","","6","","",""
"C330","pva","10","VL_UNIT_FCP_ICMS_ST_ESTOQUE_CONV","Parcela correspondente a FCP ST que compõe o campo “Valor unit. médio de ICMS ST, incluindo FCP ST”","N","","6","","",""
"C330","pva","11","VL_UNIT_ICMS_ST_CONV_REST","Valor unitário do ICMS ST, incluindo FCP ST, a ser restituído/ressarcido","N","","6","","",""
"C330","pva","12","VL_UNIT_FCP_ST_CONV_REST","Parcela correspondente a FCP ST que compõe o campo “Valor unit. ICMS ST, incluindo FCP ST, a ser restituído/ressarcido”","N","","6","","",""
"C330","pva","13","VL_UNIT_ICMS_ST_CONV_COMPL","Valor unitário do complemento do ICMS, incluindo FCP ST, considerando a unidade utilizada para informar o campo “Quantidade do Item”","N","","6","","",""
"C330","pva","14","VL_UNIT_FCP_ST_CONV_COMPL","Valor unitário correspondente à parcela de FCP ST que compõe o campo acima, considerando unidade utilizada para informar o campo “Quantidade do Item”.","N","","6","","",""
"C350","pva","1","REG","Texto fixo contendo “C350”","C","004*","","OC","",""
"C350","pva","2","SER","Série do documento fiscal","C","004","","","",""
"C350","pva","3","SUB_SER","Subsérie do Documento Fiscal","C","003","","","",""
"C350","pva","4","NUM_DOC","Número do documento fiscal","N","006","","","",""
"C350","pva","5","DT_DOC","Data da emissão do documento fiscal","D","008","","","",""
"C350","pva","6","CNPJ_CPF","CNPJ ou CPF do destinatário","C","014","","","",""
"C350","pva","7","VL_MERC","Valor das mercadorias constantes no documento fiscal","N","","2","","",""
"C350","pva","8","VL_DOC","Valor Total do Documento Fiscal","N","","2","","",""
"C350","pva","9","VL_DESC","Valor Total do desconto","N","","2","","",""
"C350","pva","10","VL_PIS","Valor Total do PIS","N","","2","","",""
"C350","pva","11","VL_COFIS","Valor Total da COFIS","N","","2","","",""
"C350","pva","12","COD_CTA","Código da Conta Analítica Contábil creditada/Debitada","C","","","","",""
"C370","pva","1","REG","Texto fixo contendo “C370”","C","004*","","O","",""
"C370","pva","2","NUM_ITEM","Número Sequencial do item no documento fiscal","N","003","","","",""
"C370","pva","3","COD_ITEM","Código do Item (Campo 02 do Registro 0200)","C","060","","","",""
"C370","pva","4","QTD","Quantidade do Item","N","","3","","",""
"C370","pva","5","UNID","Unidade do Item (campo 02 do Registro 0190)","C","006","","","",""
"C370","pva","6","VL_ITEM","Valor total do item","N","","2","","",""
"C370","pva","7","VL_DESC","Valor total do desconto no item","N","","2","","",""
"C380","pva","1","REG","Texto fixo contendo “C380”","C","004*","","OC","",""
"C380","pva","2","COD_MOT_REST_COMPL","Código do motivo da restituição ou complementação conforme Tabela 5.7","C","005*","","","",""
"C380","pva","3","QUANT_CONV","Quantidade do item","N","","6","","",""
"C380","pva","4","UNID","Unidade adotada para informar o campo QUANT_CONV.","C","006","","","",""
"C380","pva","5","VL_UNIT_CONV","Valor unitário da mercadoria, considerando a unidade utilizada para informar o campo “QUANT_CONV”","N","","6","","",""
"C380","pva","6","VL_UNIT_ICMS_NA_OPERACAO_CONV","Valor unitário da mercadoria, considerando a unidade utilizada para informar o campo “QUANT_CONV”","N","","6","","",""
"C380","pva","7","VL_UNIT_ICMS_OP_CONV","Valor unitário de ICMS Operações Próprias(OP) para desfazimento da Substituição Tributária(ST)","N","","6","","",""
"C380","pva","8","VL_UNIT_BC_ICMS_ST_ESTOQUE_CONV","Valor unitário médio de ICMS Operações Próprias","N","","6","","",""
"C380","pva","9","VL_UNIT_ICMS_ST_ESTOQUE_CONV","Valor unitário médio de ICMS ST, incluindo FCP ST","N","","6","","",""
"C380","pva","10","VL_UNIT_FCP_ICMS_ST_ESTOQUE_CONV","Parcela correspondente a FCP ST que compõe o campo “Valor unit. médio de ICMS ST, incluindo FCP ST”","N","","6","","",""
"C380","pva","11","VL_UNIT_ICMS_ST_CONV_REST","Valor unitário do ICMS ST, incluindo FCP ST, a ser restituído/ressarcido","N","","6","","",""
"C380","pva","12","VL_UNIT_FCP_ST_CONV_REST","Parcela correspondente a FCP ST que compõe o campo “Valor unit. ICMS ST, incluindo FCP ST, a ser restituído/ressarcido”","N","","6","","",""
"C380","pva","13","VL_UNIT_ICMS_ST_CONV_COMPL","Valor unitário do complemento do ICMS, incluindo FCP ST, considerando a unidade utilizada para informar o campo “Quantidade do Item”","N","","6","","",""
"C380","pva","14","VL_UNIT_FCP_ST_CONV_COMPL","Valor unitário correspondente à parcela de FCP ST que compõe o campo acima, considerando unidade utilizada para informar o campo “Quantidade do Item”.","N","","6","","",""
"C380","pva","15","CST_ICMS","Código da Situação Tributária referente ao ICMS","N","003*","","","",""
"C380","pva","16","CFOP","Código Fiscal de Operação e Prestação","N","004*","","","",""
"C390","pva","1","REG","Texto fixo contendo “C390”","C","004*","","O","",""
"C390","pva","2","CST_ICMS","Código da Situação Tributária","N","003*","","","",""
"C390","pva","3","CFOP","Código Fiscal de Operação e Prestação","N","004*","","","",""
"C390","pva","4","ALIQ_ICMS","Alíquota do ICMS","N","006","2","","",""
"C390","pva","5","VL_OPR","Valor total acumulado das operações correspondentes à combinação de CST_ICMS, CFOP e alíquota do ICMS, incluídas as despesas acessórias e acréscimos","N","","2","","",""
"C390","pva","6","VL_BC_ICMS","Valor acumulado da base de cálculo do ICMS, referente à combinação de CST_ICMS, CFOP, e alíquota do ICMS","N","","2","","",""
"C390","pva","7","VL_ICMS","Valor acumulado do ICMS, referente à combinação de CST_ICMS, CFOP e alíquota do ICMS","N","","2","","",""
"C390","pva","8","VL_RED_BC","Valor não tributado em função da redução da base de cálculo do ICMS, referente à combinação de CST_ICMS, CFOP, e alíquota do ICMS","N","","2","","",""
"C390","pva","9","COD_OBS","Código da observação do lançamento fiscal (campo 02 do Registro 0460)","C","006","","","",""
"C400","pva","1","REG","Texto fixo contendo “C400”","C","004*","","OC","",""
"C400","pva","2","COD_MOD","Código do modelo do documento fiscal, conforme a Tabela Documentos Fiscais do ICMS","C","002*","","","",""
"C400","pva","3","ECF_MOD","Modelo do equipamento","C","020","","","",""
"C400","pva","4","ECF_FAB","Número de série de fabricação do ECF","C","021","","","",""
"C400","pva","5","ECF_CX","Número do caixa atribuído ao ECF","N","003","","","",""
"C405","pva","1","REG","Texto fixo contendo “C405”","C","004*","","O","",""
"C405","pva","2","DT_DOC","Data do movimento a que se refere a Redução Z","D","008*","","","",""
"C405","pva","3","CRO","Posição do Contador de Reinício de Operação","N","003","","","",""
"C405","pva","4","CRZ","Posição do Contador de Redução Z","N","006","","","",""
"C405","pva","5","NUM_COO_FIN","Número do Contador de Ordem de Operação do último documento emitido no dia. (Número do COO na Redução Z)","N","009","","","",""
"C405","pva","6","GT_FIN","Valor do Grande Total final","N","","2","","",""
"C405","pva","7","VL_BRT","Valor da venda bruta","N","","2","","",""
"C410","pva","1","REG","Texto fixo contendo “C410”","C","004*","","OC","",""
"C410","pva","2","VL_PIS","Valor total do PIS","N","","2","","",""
"C410","pva","3","VL_COFINS","Valor total da COFINS","N","","2","","",""
"C420","pva","1","REG","Texto fixo contendo “C420”","C","004*","","O","",""
"C420","pva","2","COD_TOT_PAR","Código do totalizador, conforme Tabela de Códigos dos Totalizadores Parciais da REDUÇÃO Z","C","007","","","",""
"C420","pva","3","VLR_ACUM_TOT","Valor acumulado no totalizador, relativo à respectiva Redução Z","N","","2","","",""
"C420","pva","4","NR_TOT","Número do totalizador quando ocorrer mais de uma situação com a mesma carga tributária efetiva","N","002","","","",""
"C420","pva","5","DESCR_NR_TOT","Descrição da situação tributária relativa ao totalizador parcial do campo anterior","C","","","","",""
"C425","pva","1","REG","Texto fixo contendo “C425”","C","004*","","OC","",""
"C425","pva","2","COD_ITEM","Código do item (campo 02 do Registro 0200)","C","060","","","",""
"C425","pva","3","QTD","Quantidade acumulada do item","N","","3","","",""
"C425","pva","4","UNID","Unidade do item (Campo 02 do registro 0190)","C","006","","","",""
"C425","pva","5","VL_ITEM","Valor acumulado do item","N","","2","","",""
"C425","pva","6","VL_PIS","Valor do PIS","N","","2","","",""
"C425","pva","7","VL_COFINS","Valor da COFINS","N","","2","","",""
"C430","pva","1","REG","Texto fixo contendo “C430”","C","004*","","OC","",""
"C430","pva","2","COD_MOT_REST_COMPL","Código do motivo da restituição ou complementação conforme Tabela 5.7","C","005*","","","",""
"C430","pva","3","QUANT_CONV","Quantidade do item","N","","6","","",""
"C430","pva","4","UNID","Unidade adotada para informar o campo QUANT_CONV.","C","006","","","",""
"C430","pva","5","VL_UNIT_CONV","Valor unitário da mercadoria, considerando a unidade utilizada para informar o campo “QUANT_CONV”","N","","6","","",""
"C430","pva","6","VL_UNIT_ICMS_NA_OPERACAO_CONV","Valor unitário da mercadoria, considerando a unidade utilizada para informar o campo “QUANT_CONV”","N","","6","","",""
"C430","pva","7","VL_UNIT_ICMS_OP_CONV","Valor unitário de ICMS Operações Próprias(OP) para desfazimento da Substituição Tributária(ST)","N","","6","","",""
"C430","pva","8","VL_UNIT_BC_ICMS_ST_ESTOQUE_CONV","Valor unitário médio de ICMS Operações Próprias","N","","6","","",""
"C430","pva","9","VL_UNIT_ICMS_ST_ESTOQUE_CONV","Valor unitário médio de ICMS ST, incluindo FCP ST","N","","6","","",""
"C430","pva","10","VL_UNIT_FCP_ICMS_ST_ESTOQUE_CONV","Parcela correspondente a FCP ST que compõe o campo “Valor unit. médio de ICMS ST, incluindo FCP ST”","N","","6","","",""
"C430","pva","11","VL_UNIT_ICMS_ST_CONV_REST","Valor unitário do ICMS ST, incluindo FCP ST, a ser restituído/ressarcido","N","","6","","",""
"C430","pva","12","VL_UNIT_FCP_ST_CONV_REST","Parcela correspondente a FCP ST que compõe o campo “Valor unit. ICMS ST, incluindo FCP ST, a ser restituído/ressarcido”","N","","6","","",""
"C430","pva","13","VL_UNIT_ICMS_ST_CONV_COMPL","Valor unitário do complemento do ICMS, incluindo FCP ST, considerando a unidade utilizada para informar o campo “Quantidade do Item”","N","","6","","",""
"C430","pva","14","VL_UNIT_FCP_ST_CONV_COMPL","Valor unitário correspondente à parcela de FCP ST que compõe o campo acima, considerando unidade utilizada para informar o campo “Quantidade do Item”.","N","","6","","",""
"C430","pva","15","CST_ICMS","Código da Situação Tributária referente ao ICMS","N","003*","","","",""
"C430","pva","16","CFOP","Código Fiscal de Operação e Prestação","N","004*","","","",""
"C460","pva","1","REG","Texto fixo contendo “C460”","C","004*","","OC","",""
"C460","pva","2","COD_MOD","Código do modelo do documento fiscal, conforme a Tabela Documentos Fiscais do ICMS","C","002*","","","",""
"C460","pva","3","COD_SIT","Código da situação do documento fiscal, conforme a Tabela Situação do Documento","N","002*","","","",""
"C460","pva","4","NUM_DOC","Número do documento fiscal (COO)","N","009","","","",""
"C460","pva","5","DT_DOC","Data da emissão do documento fiscal","D","008*","","","",""
"C460","pva","6","VL_DOC","Valor total do documento fiscal","N","","2","","",""
"C460","pva","7","VL_PIS","Valor do PIS","N","","2","","",""
"C460","pva","8","VL_COFINS","Valor da COFINS","N","","2","","",""
"C460","pva","9","CPF_CNPJ","CPF ou CNPJ do adquirente","C","014","","","",""
"C460","pva","10","NOME_ADQ","Nome do adquirente","C","060","","","",""
"C465","pva","1","REG","Texto fixo contendo “C465”","C","004*","","O","",""
"C465","pva","2","CHV_CFE","Chave do Cupom Fiscal Eletrônico","C","044*","","","",""
"C465","pva","3","NUM_CCF","Número do Contador do Cupom Fiscal","N","009","","","",""
"C470","pva","1","REG","Texto fixo contendo “C470”","C","004*","","O","",""
"C470","pva","2","COD_ITEM","Código do item (campo 02 do Registro 0200)","C","060","","","",""
"C470","pva","3","QTD","Quantidade do item","N","","3","","",""
"C470","pva","4","QTD_CANC","Quantidade cancelada, no caso de cancelamento parcial de item","N","","3","","",""
"C470","pva","5","UNID","Unidade do item (Campo 02 do registro 0190)","C","006","","","",""
"C470","pva","6","VL_ITEM","Valor do item","N","","2","","",""
"C470","pva","7","CST_ICMS","Código da Situação Tributária referente ao ICMS","N","003*","","","",""
"C470","pva","8","CFOP","Código Fiscal de Operação e Prestação","N","004*","","","",""
"C470","pva","9","ALIQ_ICMS","Alíquota do ICMS – Carga tributária efetiva em percentual","N","006","2","","",""
"C470","pva","10","VL_PIS","Valor do PIS","N","","2","","",""
"C470","pva","11","VL_COFINS","Valor da COFINS","N","","2","","",""
"C480","pva","1","REG","Texto fixo contendo “C430”","C","004*","","OC","",""
"C480","pva","2","COD_MOT_REST_COMPL","Código do motivo da restituição ou complementação conforme Tabela 5.7","C","005*","","","",""
"C480","pva","3","QUANT_CONV","Quantidade do item","N","","6","","",""
"C480","pva","4","UNID","Unidade adotada para informar o campo QUANT_CONV.","C","006","","","",""
"C480","pva","5","VL_UNIT_CONV","Valor unitário da mercadoria, considerando a unidade utilizada para informar o campo “QUANT_CONV”","N","","6","","",""
"C480","pva","6","VL_UNIT_ICMS_NA_OPERACAO_CONV","Valor unitário da mercadoria, considerando a unidade utilizada para informar o campo “QUANT_CONV”","N","","6","","",""
"C480","pva","7","VL_UNIT_ICMS_OP_CONV","Valor unitário de ICMS Operações Próprias(OP) para desfazimento da Substituição Tributária(ST)","N","","6","","",""
"C480","pva","8","VL_UNIT_BC_ICMS_ST_ESTOQUE_CONV","Valor unitário médio de ICMS Operações Próprias","N","","6","","",""
"C480","pva","9","VL_UNIT_ICMS_ST_ESTOQUE_CONV","Valor unitário médio de ICMS ST, incluindo FCP ST","N","","6","","",""
"C480","pva","10","VL_UNIT_FCP_ICMS_ST_ESTOQUE_CONV","Parcela correspondente a FCP ST que compõe o campo “Valor unit. médio de ICMS ST, incluindo FCP ST”","N","","6","","",""
"C480","pva","11","VL_UNIT_ICMS_ST_CONV_REST","Valor unitário do ICMS ST, incluindo FCP ST, a ser restituído/ressarcido","N","","6","","",""
"C480","pva","12","VL_UNIT_FCP_ST_CONV_REST","Parcela correspondente a FCP ST que compõe o campo “Valor unit. ICMS ST, incluindo FCP ST, a ser restituído/ressarcido”","N","","6","","",""
"C480","pva","13","VL_UNIT_ICMS_ST_CONV_COMPL","Valor unitário do complemento do ICMS, incluindo FCP ST, considerando a unidade utilizada para informar o campo “Quantidade do Item”","N","","6","","",""
"C480","pva","14","VL_UNIT_FCP_ST_CONV_COMPL","Valor unitário correspondente à parcela de FCP ST que compõe o campo acima, considerando unidade utilizada para informar o campo “Quantidade do Item”.","N","","6","","",""
"C480","pva","15","CST_ICMS","Código da Situação Tributária referente ao ICMS","N","003*","","","",""
"C480","pva","16","CFOP","Código Fiscal de Operação e Prestação","N","004*","","","",""
"C490","pva","1","REG","Texto fixo contendo “C490”","C","004*","","","",""
"C490","pva","2","CST_ICMS","Código da Situação Tributária, conforme Tabela Código da Situação Tributária - CST (ICMS)","N","003*","","","",""
"C490","pva","3","CFOP","Código Fiscal de Operação e Prestação","N","004*","","","",""
"C490","pva","4","ALIQ_ICMS","Carga tributária efetiva","N","006","2","","",""
"C490","pva","5","VL_OPR","Valor da operação correspondente à combinação de CST/ICMS, CFOP e carga tributária do ICMS, incluido acréscimo e excluído desconto","N","","2","","",""
"C490","pva","6","VL_BC_ICMS","Valor acumulado da base de cálculo do ICMS, referente à combinação de CST/ICMS, CFOP e carga tributária do ICMS","N","","2","","",""
"C490","pva","7","VL_ICMS","Valor do ICMS, referente à combinação de CST/ICMS, CFOP e carga tributária do ICMS","N","","2","","",""
"C490","pva","8","COD_OBS","Código da observação do lançamento fiscal (campo 02 do Registro 0460)","C","006","","","",""
"C500","pva","1","REG","Texto fixo contendo “C500”","C","004*","","OC","",""
"C500","pva","2","IND_OPER","Indicador do tipo de operação","C","001","","O","",""
"C500","pva","3","IND_EMIT","Indicador do emitente do documento fiscal","C","001","","O","",""
"C500","pva","4","COD_PART","Código do participante (campo 02 do Registro 0150): - do adquirente, no caso das saídas; - do fornecedor no caso de entradas","C","060","","","",""
"C500","pva","5","COD_MOD","Código do modelo do documento fiscal, conforme a Tabela Documentos Fiscais do ICMS","C","002*","","O","",""
"C500","pva","6","COD_SIT","Código da situação do documento fiscal, conforme a Tabela Situação do Documento","N","002*","","O","",""
"C500","pva","7","SER","Série do documento fiscal","C","004","","","",""
"C500","pva","8","SUB","Subsérie do documento fiscal","N","003","","","",""
"C500","pva","9","COD_CONS","Código de classe de consumo de energia elétrica, conforme a Tabela de Faixa de Consumo de Energia Elétrica, ou Código de Consumo de Fornecimento D´água conforme Tabela de Classes de Consumo de Água Canalizada ou Código da classe de consumo de gás canalizado conforme Tabela de Classes de Consumo de Gás Canalizado","N","002*","","","",""
"C500","pva","10","NUM_DOC","Número do documento fiscal","N","009","","O","",""
"C500","pva","11","DT_DOC","Data da emissão do documento fiscal","D","008*","","O","",""
"C500","pva","12","DT_E_S","Data da entrada ou da saída","D","008*","","O","",""
"C500","pva","13","VL_DOC","Valor total do documento fiscal","N","","2","O","",""
"C500","pva","14","VL_DESC","Valor total do desconto","N","","2","","",""
"C500","pva","15","VL_FORN","Valor total fornecido/consumido","N","","2","O","",""
"C500","pva","16","VL_SERV_NT","Valor total dos serviços não-tributados pelo ICMS","N","","2","","",""
"C500","pva","17","VL_TERC","Valor total cobrado em nome de terceiros","N","","2","","",""
"C500","pva","18","VL_DA","Valor total de despesas acessórias indicadas no documento fiscal","N","","2","","",""
"C500","pva","19","VL_BC_ICMS","Valor acumulado da base de cálculo do ICMS","N","","2","","",""
"C500","pva","20","VL_ICMS","Valor acumulado do ICMS","N","","2","","",""
"C500","pva","21","VL_BC_ICMS_ST","Valor acumulado da base de cálculo do ICMS substituição tributária","N","","2","","",""
"C500","pva","22","VL_ICMS_ST","Valor acumulado do ICMS retido por substituição tributária","N","","2","","",""
"C500","pva","23","COD_INF","Código da informação complementar do documento fiscal (campo 02 do Registro 0450)","C","006","","","",""
"C500","pva","24","VL_PIS","Valor do PIS","N","","2","","",""
"C500","pva","25","VL_COFINS","Valor da COFINS","N","","2","","",""
"C500","pva","26","TP_LIGACAO","Código de tipo de Ligação","N","001*","","","",""
"C500","pva","27","COD_GRUPO_TENSAO","Código de grupo de tensão","N","002*","","","",""
"C500","pva","28","CHV_DOCE","Chave da Nota Fiscal de Energia Elétrica Eletrônica","C","044*","","","",""
"C500","pva","29","FIN_DOCE","Finalidade da emissão do documento eletrônico","N","001*","","","",""
"C500","pva","30","CHV_DOCE_REF","Chave da nota referenciada, substituída ou ajustada","C","044*","","","",""
"C500","pva","31","IND_DEST","Indicador do Destinatário/Acessante","N","001*","","","",""
"C500","pva","32","COD_MUN_DEST","Código do Município do destinatário conforme a tabela do IBGE","N","007*","","","",""
"C500","pva","33","COD_CTA","Código da conta analítica contábil debitada/creditada","C","","","","",""
"C500","pva","34","COD_MOD_DOC_REF","Código do modelo do documento fiscal referenciado, conforme a Tabela 4.1.1","C","002*","","","",""
"C500","pva","35","HASH_DOC_REF"," Código de autenticação digital do registro (Convênio 115/2003)","C","032","","","",""
"C500","pva","36","SER_DOC_REF","Série do documento fiscal referenciado","C","004","","","",""
"C500","pva","37","NUM_DOC_REF","Número do documento fiscal referenciado","N","009","","","",""
"C500","pva","38","MES_DOC_REF","Mês e ano da emissão do documento fiscal referenciado","N","006*","","","",""
"C500","pva","39","ENER_INJET","Energia injetada","N","","2","","",""
"C500","pva","40","OUTRAS_DED","Outras Deduções","N","","2","","",""
"C510","pva","1","REG","Texto fixo contendo “C510”","C","004*","","OC","",""
"C510","pva","2","NUM_ITEM","Número seqüencial do item no documento fiscal","N","003","","","",""
"C510","pva","3","COD_ITEM","Código do item (campo 02 do Registro 0200)","C","060","","","",""
"C510","pva","4","COD_CLASS","Código de classificação do item de energia elétrica, conforme a Tabela Classificação de Itens de Energia Elétrica, Serviços de Comunicação e Telecomunicação","N","004*","","","",""
"C510","pva","5","QTD","Quantidade do item","N","","3","","",""
"C510","pva","6","UNID","Unidade do item (Campo 02 do registro 0190)","C","006","","","",""
"C510","pva","7","VL_ITEM","Valor do item","N","","2","","",""
"C510","pva","8","VL_DESC","Valor total do desconto","N","","2","","",""
"C510","pva","9","CST_ICMS","Código da Situação Tributária, conforme Tabela Código da Situação Tributária - CST (ICMS)","N","003*","","","",""
"C510","pva","10","CFOP","Código Fiscal de Operação e Prestação","N","004*","","","",""
"C510","pva","11","VL_BC_ICMS","Valor da base de cálculo do ICMS","N","","2","","",""
"C510","pva","12","ALIQ_ICMS","Alíquota do ICMS","N","006","2","","",""
"C510","pva","13","VL_ICMS","Valor do ICMS creditado/debitado","N","","2","","",""
"C510","pva","14","VL_BC_ICMS_ST","Valor da base de cálculo referente à substituição tributária","N","","2","","",""
"C510","pva","15","ALIQ_ST","Alíquota do ICMS da substituição tributária na unidade da federação de destino","N","006","2","","",""
"C510","pva","16","VL_ICMS_ST","Valor do ICMS referente à substituição tributária","N","","2","","",""
"C510","pva","17","IND_REC","Indicador do tipo de receita","C","001","","","",""
"C510","pva","18","COD_PART","Código do participante receptor da receita, terceiro da operação (campo 02 do Registro 0150)","C","060","","","",""
"C510","pva","19","VL_PIS","Valor do PIS","N","","2","","",""
"C510","pva","20","VL_COFINS","Valor da COFINS","N","","2","","",""
"C510","pva","21","COD_CTA","Código da conta analítica contábil debitada/creditada","C","","","","",""
"C590","pva","1","REG","Texto fixo contendo “C590”","C","004*","","O","",""
"C590","pva","2","CST_ICMS","Código da Situação Tributária, conforme Tabela Código da Situação Tributária - CST (ICMS)","N","003*","","O","",""
"C590","pva","3","CFOP","Código Fiscal de Operação e Prestação do agrupamento de itens","N","004*","","O","",""
"C590","pva","4","ALIQ_ICMS","Alíquota do ICMS","N","006","2","","",""
"C590","pva","5","VL_OPR","Valor da operação correspondente à combinação de CST/ICMS, CFOP e alíquota do ICMS","N","","2","O","",""
"C590","pva","6","VL_BC_ICMS","Parcela correspondente ao “Valor da base de cálculo do ICMS” referente à combinação de CST/ICMS, CFOP e alíquota do ICMS","N","","2","","",""
"C590","pva","7","VL_ICMS","Parcela correspondente ao “Valor do ICMS” referente à combinação de CST/ICMS, CFOP e alíquota do ICMS","N","","2","","",""
"C590","pva","8","VL_BC_ICMS_ST","Parcela correspondente ao “Valor da base de cálculo do ICMS” da substituição tributária referente à combinação de CST/ICMS, CFOP e alíquota do ICMS","N","","2","","",""
"C590","pva","9","VL_ICMS_ST","Parcela correspondente ao valor creditado/debitado do ICMS da substituição tributária, referente à combinação de CST/ICMS, CFOP e alíquota do ICMS","N","","2","","",""
"C590","pva","10","VL_RED_BC","Valor não tributado em função da redução da base de cálculo do ICMS, referente à combinação de CST/ICMS, CFOP e alíquota do ICMS","N","","2","","",""
"C590","pva","11","COD_OBS","Código da observação do lançamento fiscal (campo 02 do Registro 0460)","C","006","","","",""
"C591","pva","1","REG","Texto fixo contendo 'C591'","C","004*","","OC","",""
"C591","pva","2","VL_FCP_OP","Valor do Fundo de Combate à Pobreza (FCP) vinculado à operação própria, na combinação de CST_ICMS, CFOP e alíquota do ICMS","N","","2","","",""
"C591","pva","3","VL_FCP_ST","Valor do Fundo de Combate à Pobreza (FCP) vinculado à operação de substituição tributária, na combinação de CST_ICMS, CFOP e alíquota do ICMS","N","","2","","",""
"C595","pva","1","REG","Texto fixo contendo 'C595'","C","004*","","OC","",""
"C595","pva","2","COD_OBS","Código da observação do lançamento fiscal (campo 02 do Registro 0460)","C","006","","O","",""
"C595","pva","3","TXT_COMPL","Descrição complementar","C","","","","",""
"C597","pva","1","REG","Texto fixo contendo 'C597'","C","004*","","OC","",""
"C597","pva","2","COD_AJ","Código do ajuste/benefício/incentivo conforme tabela indicada no item 5.3 ","C","010*","","O","",""
"C597","pva","3","DESCR_COMPL_AJ","Descrição complementar do ajuste do documento fiscal","C","","","","",""
"C597","pva","4","COD_ITEM","Código do item (campo 02 do Registro 0200)","C","060","","","",""
"C597","pva","5","VL_BC_ICMS","Base de Calculo do ICMS ou ICMS ST","N","","2","","",""
"C597","pva","6","ALIQ_ICMS","Alíquota do ICMS","N","006","2","","",""
"C597","pva","7","VL_ICMS","Valor do ICMS ou ICMS ST","N","","2","","",""
"C597","pva","8","VL_OUTROS","Outros valores","N","","2","","",""
"C600","pva","1","REG","Texto fixo contendo “C600”","C","004*","","OC","",""
"C600","pva","2","COD_MOD","Código do modelo do documento fiscal, conforme a Tabela Documentos Fiscais do ICMS","C","002*","","","",""
"C600","pva","3","COD_MUN","Código do município dos pontos de consumo, conforme a tabela IBGE","N","007*","","","",""
"C600","pva","4","SER","Série do documento fiscal","C","004","","","",""
"C600","pva","5","SUB","Subsérie do documento fiscal","N","003","","","",""
"C600","pva","6","COD_CONS","Código de classe de consumo de energia elétrica, conforme a Tabela de Faixa de Consumo de Energia Elétrica, ou Código de Consumo de Fornecimento D´água conforme Tabela de Classes de Consumo de Água Canalizada ou Código da classe de consumo de gás canalizado conforme Tabela de Classes de Consumo de Gás Canalizado","N","002*","","","",""
"C600","pva","7","QTD_CONS","Quantidade de documentos consolidados neste registro","N","","","","",""
"C600","pva","8","QTD_CANC","Quantidade de documentos cancelados","N","","","","",""
"C600","pva","9","DT_DOC","Data dos documentos consolidados","D","008*","","","",""
"C600","pva","10","VL_DOC","Valor total dos documentos","N","","2","","",""
"C600","pva","11","VL_DESC","Valor acumulado dos descontos","N","","2","","",""
"C600","pva","12","CONS","Consumo total acumulado, em kWh (Código 06)","N","","","","",""
"C600","pva","13","VL_FORN","Valor acumulado do fornecimento","N","","2","","",""
"C600","pva","14","VL_SERV_NT","Valor acumulado dos serviços não-tributados pelo ICMS","N","","2","","",""
"C600","pva","15","VL_TERC","Valores cobrados em nome de terceiros","N","","2","","",""
"C600","pva","16","VL_DA","Valor acumulado das despesas acessórias","N","","2","","",""
"C600","pva","17","VL_BC_ICMS","Valor acumulado da base de cálculo do ICMS","N","","2","","",""
"C600","pva","18","VL_ICMS","Valor acumulado do ICMS","N","","2","","",""
"C600","pva","19","VL_BC_ICMS_ST","Valor acumulado da base de cálculo do ICMS substituição tributária","N","","2","","",""
"C600","pva","20","VL_ICMS_ST","Valor acumulado do ICMS retido por substituição tributária","N","","2","","",""
"C600","pva","21","VL_PIS","Valor acumulado do PIS","N","","2","","",""
"C600","pva","22","VL_COFINS","Valor acumulado da COFINS","N","","2","","",""
"C601","pva","1","REG","Texto fixo contendo “C601”","C","004*","","","",""
"C601","pva","2","NUM_DOC_CANC","Número do documento fiscal cancelado","N","009","","","",""
"C610","pva","1","REG","Texto fixo contendo “C610”","C","004*","","O","",""
"C610","pva","2","COD_CLASS","Código de classificação do item de energia elétrica, conforme Tabela Classificação de Itens de Energia Elétrica, Serviços de Comunicação e Telecomunicação","C","004*","","","",""
"C610","pva","3","COD_ITEM","Código do item (campo 02 do Registro 0200)","C","060","","","",""
"C610","pva","4","QTD","Quantidade acumulada do item","N","","3","","",""
"C610","pva","5","UNID","Unidade do item (Campo 02 do registro 0190)","C","006","","","",""
"C610","pva","6","VL_ITEM","Valor acumulado do item","N","","2","","",""
"C610","pva","7","VL_DESC","Valor acumulado dos descontos","N","","2","","",""
"C610","pva","8","CST_ICMS","Código da Situação Tributária","N","003*","","","",""
"C610","pva","9","CFOP","Código Fiscal de Operação e Prestação","N","004*","","","",""
"C610","pva","10","ALIQ_ICMS","Alíquota do ICMS","N","006","2","","",""
"C610","pva","11","VL_BC_ICMS","Valor acumulado da base de cálculo do ICMS","N","","2","","",""
"C610","pva","12","VL_ICMS","Valor acumulado do ICMS debitado","N","","2","","",""
"C610","pva","13","VL_BC_ICMS_ST","Valor da base de cálculo do ICMS substituição tributária","N","","2","","",""
"C610","pva","14","VL_ICMS_ST","Valor do ICMS retido por substituição tributária","N","","2","","",""
"C610","pva","15","VL_PIS","Valor do PIS","N","","2","","",""
"C610","pva","16","VL_COFINS","Valor da COFINS","N","","2","","",""
"C610","pva","17","COD_CTA","Código da conta analítica contábil debitada/creditada","C","","","","",""
"C690","pva","1","REG","Texto fixo contendo “C690”","C","004*","","O","",""
"C690","pva","2","CST_ICMS","Código da Situação Tributária, conforme tabela Código da Situação Tributária - CST (ICMS)","N","003*","","","",""
"C690","pva","3","CFOP","Código Fiscal de Operação e Prestação","N","004*","","","",""
"C690","pva","4","ALIQ_ICMS","Alíquota do ICMS","N","006","2","","",""
"C690","pva","5","VL_OPR","Valor da operação correspondente à combinação de CST/ICMS, CFOP e alíquota do ICMS","N","","2","","",""
"C690","pva","6","VL_BC_ICMS","Parcela correspondente ao “Valor da base de cálculo do ICMS” referente à combinação CST/ICMS, CFOP e alíquota do ICMS","N","","2","","",""
"C690","pva","7","VL_ICMS","Parcela correspondente ao “Valor do ICMS” referente à combinação CST/ICMS, CFOP e alíquota do ICMS","N","","2","","",""
"C690","pva","8","VL_RED_BC","Valor não tributado em função da redução da base de cálculo do ICMS, referente à combinação de CST/ICMS, CFOP e alíquota do ICMS","N","","2","","",""
"C690","pva","9","VL_BC_ICMS_ST","Valor da base de cálculo do ICMS substituição tributária","N","","2","","",""
"C690","pva","10","VL_ICMS_ST","Valor do ICMS retido por substituição tributária","N","","2","","",""
"C690","pva","11","COD_OBS","Código da observação do lançamento fiscal (campo 02 do Registro 0460)","C","006","","","",""
"C700","pva","1","REG","Texto fixo contendo “C700”","C","004*","","OC","",""
"C700","pva","2","COD_MOD","Código do modelo do documento fiscal, conforme a Tabela Documentos Fiscais do ICMS","C","002*","","","",""
"C700","pva","3","SER","Série do documento fiscal","C","004","","","",""
"C700","pva","4","NRO_ORD_INI","Número de ordem inicial","N","009","","","",""
"C700","pva","5","NRO_ORD_FIN","Número de ordem final","N","009","","","",""
"C700","pva","6","DT_DOC_INI","Data de emissão inicial dos documentos/Data inicial de vencimento da fatura","D","008*","","","",""
"C700","pva","7","DT_DOC_FIN","Data de emissão final dos documentos/Data final de vencimento da fatura","D","008*","","","",""
"C700","pva","8","NOM_MEST","Nome do arquivo Mestre de Documento Fiscal","C","033","","","",""
"C700","pva","9","CHV_COD_DIG","Chave de codificação digital do arquivo mestre de documento fiscal","C","032","","","",""
"C790","pva","1","REG","Texto fixo contendo “C790”","C","004*","","O","",""
"C790","pva","2","CST_ICMS","Código da Situação Tributária, conforme Tabela Código da Situação Tributária - CST (ICMS)","N","003*","","","",""
"C790","pva","3","CFOP","Código Fiscal de Operação e Prestação","N","004*","","","",""
"C790","pva","4","ALIQ_ICMS","Alíquota do ICMS","N","006","2","","",""
"C790","pva","5","VL_OPR","Valor da operação correspondente à combinação de CST/ICMS, CFOP e alíquota do ICMS","N","","2","","",""
"C790","pva","6","VL_BC_ICMS","Parcela correspondente ao “Valor da base de cálculo do ICMS” referente à combinação CST/ICMS, CFOP e alíquota do ICMS","N","","2","","",""
"C790","pva","7","VL_ICMS","Parcela correspondente ao “Valor do ICMS” referente à combinação CST/ICMS, CFOP e alíquota do ICMS","N","","2","","",""
"C790","pva","8","VL_BC_ICMS_ST","Valor da base de cálculo do ICMS substituição tributária","N","","2","","",""
"C790","pva","9","VL_ICMS_ST","Valor do ICMS retido por substituição tributária","N","","2","","",""
"C790","pva","10","VL_RED_BC","Valor não tributado em função da redução da base de cálculo do ICMS, referente à combinação de CST/ICMS, CFOP e alíquota do ICMS","N","","2","","",""
"C790","pva","11","COD_OBS","Código da observação do lançamento fiscal (campo 02 do Registro 0460)","C","006","","","",""
"C791","pva","1","REG","Texto fixo contendo “C791”","C","004*","","","",""
"C791","pva","2","UF","Sigla da unidade da federação a que se refere a retenção ST","C","002*","","","",""
"C791","pva","3","VL_BC_ICMS_ST","Valor da base de cálculo do ICMS substituição tributária","N","","2","","",""
"C791","pva","4","VL_ICMS_ST","Valor do ICMS retido por substituição tributária","N","","2","","",""
"C800","pva","1","REG","Texto fixo contendo “C800”","C","004*","","OC","",""
"C800","pva","2","COD_MOD","Código do modelo de Documento Fiscal","C","002*","","","",""
"C800","pva","3","COD_SIT","Código da Situação do Documento Fiscal","N","002*","","","",""
"C800","pva","4","NUM_CFE","Número do Cupom Fiscal Eletrônico","N","006","","","",""
"C800","pva","5","DT_DOC","Data da emissão do cupom fiscal eletrônico","D","008*","","","",""
"C800","pva","6","VL_CFE","Valor Total do Cupom Fiscal Eletrônico","N","","2","","",""
"C800","pva","7","VL_PIS","Valor Total do Pis","N","","2","","",""
"C800","pva","8","VL_COFINS","Valor Total da COFINS","N","","2","","",""
"C800","pva","9","CNPJ_CPF","CNPJ ou CPF do destinatário","C","014","","","",""
"C800","pva","10","NR_SAT","Número de Série do Equipamento SAT","N","009","","","",""
"C800","pva","11","CHV_CFE","Chave do Cupom Fiscal Eletrônico","C","044*","","","",""
"C800","pva","12","VL_DESC","Valor total do desconto sobre item","N","","2","","",""
"C800","pva","13","VL_MERC","Valor total das mercadorias e serviços","N","","2","","",""
"C800","pva","14","VL_OUT_DA","Valor de outras desp. acessórias (acréscimo)","N","","2","","",""
"C800","pva","15","VL_ICMS","Valor do ICMS","N","","2","","",""
"C800","pva","16","VL_PIS_ST","Valor total do PIS retido por subs. trib.","N","","2","","",""
"C800","pva","17","VL_COFINS_ST","Valor total da COFINS retido por subs. trib.","N","","2","","",""
"C810","pva","1","REG","Texto fixo contendo “C810”","C","004*","","OC","",""
"C810","pva","2","NUM_ITEM","Número seqüencial do documento fiscal","N","003","","","",""
"C810","pva","3","COD_ITEM","Código do item (campo 02 do Registro 0200)","C","060","","","",""
"C810","pva","4","QTD","Quantidade do item","N","","5","","",""
"C810","pva","5","UNID","Unidade do item (Campo 02 do registro 0190)","C","006","","","",""
"C810","pva","6","VL_ITEM","Valor total do item (mercadorias ou serviços)","N","","2","","",""
"C810","pva","7","CST_ICMS","Código da Situação Tributária referente ao ICMS","C","003*","","","",""
"C810","pva","8","CFOP","Código Fiscal de Operação e Prestação","N","004*","","","",""
"C815","pva","1","REG","Texto fixo contendo “C815”","C","004*","","OC","",""
"C815","pva","2","COD_MOT_REST_COMPL","Código do motivo da restituição ou complementação conforme Tabela 5.7","C","005*","","","",""
"C815","pva","3","QUANT_CONV","Quantidade do item","N","","6","","",""
"C815","pva","4","UNID","Unidade adotada para informar o campo QUANT_CONV.","C","006","","","",""
"C815","pva","5","VL_UNIT_CONV","Valor unitário da mercadoria, considerando a unidade utilizada para informar o campo “QUANT_CONV”","N","","6","","",""
"C815","pva","6","VL_UNIT_ICMS_NA_OPERACAO_CONV","Valor unitário da mercadoria, considerando a unidade utilizada para informar o campo “QUANT_CONV”","N","","6","","",""
"C815","pva","7","VL_UNIT_ICMS_OP_CONV","Valor unitário de ICMS Operações Próprias(OP) para desfazimento da Substituição Tributária(ST)","N","","6","","",""
"C815","pva","8","VL_UNIT_BC_ICMS_ST_ESTOQUE_CONV","Valor unitário médio de ICMS Operações Próprias","N","","6","","",""
"C815","pva","9","VL_UNIT_ICMS_ST_ESTOQUE_CONV","Valor unitário médio de ICMS ST, incluindo FCP ST","N","","6","","",""
"C815","pva","10","VL_UNIT_FCP_ICMS_ST_ESTOQUE_CONV","Parcela correspondente a FCP ST que compõe o campo “Valor unit. médio de ICMS ST, incluindo FCP ST”","N","","6","","",""
"C815","pva","11","VL_UNIT_ICMS_ST_CONV_REST","Valor unitário do ICMS ST, incluindo FCP ST, a ser restituído/ressarcido","N","","6","","",""
"C815","pva","12","VL_UNIT_FCP_ST_CONV_REST","Parcela correspondente a FCP ST que compõe o campo “Valor unit. ICMS ST, incluindo FCP ST, a ser restituído/ressarcido”","N","","6","","",""
"C815","pva","13","VL_UNIT_ICMS_ST_CONV_COMPL","Valor unitário do complemento do ICMS, incluindo FCP ST, considerando a unidade utilizada para informar o campo “Quantidade do Item”","N","","6","","",""
"C815","pva","14","VL_UNIT_FCP_ST_CONV_COMPL","Valor unitário correspondente à parcela de FCP ST que compõe o campo acima, considerando unidade utilizada para informar o campo “Quantidade do Item”.","N","","6","","",""
"C850","pva","1","REG","Texto fixo contendo “C850”","C","004*","","O","",""
"C850","pva","2","CST_ICMS","Código da Situação Tributária","C","003*","","","",""
"C850","pva","3","CFOP","Código Fiscal de Operação e Prestação","N","004*","","","",""
"C850","pva","4","ALIQ_ICMS","Alíquota do ICMS","N","006","2","","",""
"C850","pva","5","VL_OPR","Valor da operação correspondente à combinação de CST_ICMS_CFOP e Aliquota do ICMS","N","","2","","",""
"C850","pva","6","VL_BC_ICMS","Parcela Correspondente ao Valor da Base de cálculo do ICMS referente à combinação CST_ICMS,CFOP e Alíquota do ICMS","N","","2","","",""
"C850","pva","7","VL_ICMS","Parcela correspondente ao Valor do ICMS referente à combinação CST_ICMS, CFOP e Alíquota do ICMS","N","","2","","",""
"C850","pva","8","COD_OBS","Código da observação do lançamento fiscal (Campo 02 do regisro 0460)","C","006","","","",""
"C855","pva","1","REG","Texto fixo contendo “C855”","C","004*","","","",""
"C855","pva","2","COD_OBS","Código da observação do lançamento fiscal (campo 02 do Registro 0460)","C","006","","O","",""
"C855","pva","3","TXT_COMPL","Descrição complementar do código de observação","C","","","","",""
"C857","pva","1","REG","Texto fixo contendo “C857”","C","004*","","","",""
"C857","pva","2","COD_AJ","Código do ajuste/benefício/incentivo, conforme TABELA DE AJUSTES E INFORMAÇÕES DE VALORES PROVENIENTES DE DOCUMENTO FISCAL","C","010*","","O","",""
"C857","pva","3","DESCR_COMPL_AJ","Descrição complementar do ajuste do documento fiscal","C","","","","",""
"C857","pva","4","COD_ITEM","Código do item (campo 02 do Registro 0200)","C","060","","","",""
"C857","pva","5","VL_BC_ICMS","Base de cálculo do ICMS ou do ICMS ST","N","","2","","",""
"C857","pva","6","ALIQ_ICMS","Alíquota do ICMS","N","006","2","","",""
"C857","pva","7","VL_ICMS","Valor do ICMS ou ICMS ST","N","","2","","",""
"C857","pva","8","VL_OUTROS","Outros valores","N","","2","","",""
"C860","pva","1","REG","Texto fixo contendo “C860”","C","004*","","OC","",""
"C860","pva","2","COD_MOD","Código do Modelo do documentos fiscal","C","002*","","","",""
"C860","pva","3","NR_SAT","Número de série do equipamento SAT","N","009","","","",""
"C860","pva","4","DT_DOC","Data de emissão dos documentos fiscais","D","008*","","","",""
"C860","pva","5","DOC_INI","Número do documento inicial","N","006","","","",""
"C860","pva","6","DOC_FIM","Número do documento final","N","006","","","",""
"C870","pva","1","REG","Texto fixo contendo “C870”","C","004*","","OC","",""
"C870","pva","2","COD_ITEM","Código do item (campo 02 do Registro 0200)","C","060","","","",""
"C870","pva","3","QTD","Quantidade do item","N","","5","","",""
"C870","pva","4","UNID","Unidade do item (Campo 02 do registro 0190)","C","006","","","",""
"C870","pva","5","CST_ICMS","Código da Situação Tributária referente ao ICMS","C","003*","","","",""
"C870","pva","6","CFOP","Código Fiscal de Operação e Prestação","N","004*","","","",""
"C880","pva","1","REG","Texto fixo contendo “C880”","C","004*","","OC","",""
"C880","pva","2","COD_MOT_REST_COMPL","Código do motivo da restituição ou complementação conforme Tabela 5.7","C","005*","","","",""
"C880","pva","3","QUANT_CONV","Quantidade do item","N","","6","","",""
"C880","pva","4","UNID","Unidade adotada para informar o campo QUANT_CONV.","C","006","","","",""
"C880","pva","5","VL_UNIT_CONV","Valor unitário da mercadoria, considerando a unidade utilizada para informar o campo “QUANT_CONV”","N","","6","","",""
"C880","pva","6","VL_UNIT_ICMS_NA_OPERACAO_CONV","Valor unitário da mercadoria, considerando a unidade utilizada para informar o campo “QUANT_CONV”","N","","6","","",""
"C880","pva","7","VL_UNIT_ICMS_OP_CONV","Valor unitário de ICMS Operações Próprias(OP) para desfazimento da Substituição Tributária(ST)","N","","6","","",""
"C880","pva","8","VL_UNIT_BC_ICMS_ST_ESTOQUE_CONV","Valor unitário médio de ICMS Operações Próprias","N","","6","","",""
"C880","pva","9","VL_UNIT_ICMS_ST_ESTOQUE_CONV","Valor unitário médio de ICMS ST, incluindo FCP ST","N","","6","","",""
"C880","pva","10","VL_UNIT_FCP_ICMS_ST_ESTOQUE_CONV","Parcela correspondente a FCP ST que compõe o campo “Valor unit. médio de ICMS ST, incluindo FCP ST”","N","","6","","",""
"C880","pva","11","VL_UNIT_ICMS_ST_CONV_REST","Valor unitário do ICMS ST, incluindo FCP ST, a ser restituído/ressarcido","N","","6","","",""
"C880","pva","12","VL_UNIT_FCP_ST_CONV_REST","Parcela correspondente a FCP ST que compõe o campo “Valor unit. ICMS ST, incluindo FCP ST, a ser restituído/ressarcido”","N","","6","","",""
"C880","pva","13","VL_UNIT_ICMS_ST_CONV_COMPL","Valor unitário do complemento do ICMS, incluindo FCP ST, considerando a unidade utilizada para informar o campo “Quantidade do Item”","N","","6","","",""
"C880","pva","14","VL_UNIT_FCP_ST_CONV_COMPL","Valor unitário correspondente à parcela de FCP ST que compõe o campo acima, considerando unidade utilizada para informar o campo “Quantidade do Item”.","N","","6","","",""
"C890","pva","1","REG","Texto fixo contendo “C890”","C","004*","","O","",""
"C890","pva","2","CST_ICMS","Código da Situação Tributária","N","003*","","","",""
"C890","pva","3","CFOP","Código Fiscal de Operação e Prestação","N","004*","","","",""
"C890","pva","4","ALIQ_ICMS","Alíquota do ICMS","N","006","2","","",""
"C890","pva","5","VL_OPR","Valor da Operação correspondente à combinação CST_ICMS, CFOP, e a alíquota do ICMS","N","","2","","",""
"C890","pva","6","VL_BC_ICMS","Parcela correspondente ao Valor da Base de Cálculo do ICMS referente combinação CST_ICMS, CFOP, e a alíquota do ICMS","N","","2","","",""
"C890","pva","6","VL_ICMS","Parcela Correspondente ao Valor da Base de Cálculo do ICMs referente à combinação CST_ICMS, CFOP e alíquota do ICMS","N","","2","","",""
"C890","pva","6","COD_OBS","Código da observação do Lançamento Fiscal","C","006","","","",""
"C895","pva","1","REG","Texto fixo contendo “C895”","C","004*","","","",""
"C895","pva","2","COD_OBS","Código da observação do lançamento fiscal (campo 02 do Registro 0460)","C","006","","O","",""
"C895","pva","3","TXT_COMPL","Descrição complementar do código de observação","C","","","","",""
"C897","pva","1","REG","Texto fixo contendo “C897”","C","004*","","","",""
"C897","pva","2","COD_AJ","Código do ajuste/benefício/incentivo, conforme TABELA DE AJUSTES E INFORMAÇÕES DE VALORES PROVENIENTES DE DOCUMENTO FISCAL","C","010*","","O","",""
"C897","pva","3","DESCR_COMPL_AJ","Descrição complementar do ajuste do documento fiscal","C","","","","",""
"C897","pva","4","COD_ITEM","Código do item (campo 02 do Registro 0200)","C","060","","","",""
"C897","pva","5","VL_BC_ICMS","Base de cálculo do ICMS ou do ICMS ST","N","","2","","",""
"C897","pva","6","ALIQ_ICMS","Alíquota do ICMS","N","006","2","","",""
"C897","pva","7","VL_ICMS","Valor do ICMS ou ICMS ST","N","","2","","",""
"C897","pva","8","VL_OUTROS","Outros valores","N","","2","","",""
"C990","pva","1","REG","Texto fixo contendo “C990”","C","004*","","O","",""
"C990","pva","2","QTD_LIN_C","Quantidade total de linhas do Bloco C","N","","","O","",""
"D001","pva","1","REG","Texto fixo contendo “D001”","C","004*","","O","",""
"D001","pva","2","IND_MOV","Indicador de movimento","C","001","","O","",""
"D100","pva","1","REG","Texto fixo contendo “D100”","C","004*","","","",""
"D100","pva","2","IND_OPER","Indicador do tipo de operação:","C","001","","O","",""
"D100","pva","3","IND_EMIT","Indicador do emitente do documento fiscal","C","001","","O","",""
"D100","pva","4","COD_PART","Código do participante (campo 02 do Registro 0150): - do prestador de serviço, no caso de aquisição de serviço; - do tomador do serviço, no caso de prestação de serviços","C","060","","O","",""
"D100","pva","5","COD_MOD","Código do modelo do documento fiscal, conforme a Tabela Documentos Fiscais do ICMS","C","002*","","O","",""
"D100","pva","6","COD_SIT","Código da situação do documento fiscal, conforme a Tabela Situação do Documento","N","002*","","O","",""
"D100","pva","7","SER","Série do documento fiscal","C","004","","","",""
"D100","pva","8","SUB","Subsérie do documento fiscal","C","003","","","",""
"D100","pva","9","NUM_DOC","Número do documento fiscal","N","009","","O","",""
"D100","pva","10","CHV_CTE","Chave do Conhecimento de Transporte Eletrônico ou do Bilhete de Passagem Eletrônico","C","044*","","","",""
"D100","pva","11","DT_DOC","Data da emissão do documento fiscal","D","008*","","O","",""
"D100","pva","12","DT_A_P","Data da aquisição ou da prestação do serviço","D","008*","","","",""
"D100","pva","13","TP_CT_E","Tipo de Conhecimento de Transporte Eletrônico conforme definido no Manual de Integração do CT-e ou do Bilhete de Passagem Eletrônico conforme definido no Manual de Integração do BP-e","N","001*","","","",""
"D100","pva","14","CHV_CTE_REF","Chave do Documento Eletrônico Substituído","C","044*","","","",""
"D100","pva","15","VL_DOC","Valor total do documento fiscal","N","","2","O","",""
"D100","pva","16","VL_DESC","Valor total do desconto","N","","2","","",""
"D100","pva","17","IND_FRT","Indicador do tipo do frete","C","001","","","",""
"D100","pva","18","VL_SERV","Valor total da prestação de serviço","N","","2","O","",""
"D100","pva","19","VL_BC_ICMS","Valor da base de cálculo do ICMS","N","","2","","",""
"D100","pva","20","VL_ICMS","Valor do ICMS","N","","2","","",""
"D100","pva","21","VL_NT","Valor não-tributado","N","","2","","",""
"D100","pva","22","COD_INF","Código da informação complementar do documento fiscal (campo 02 do Registro 0450)","C","060","","","",""
"D100","pva","23","COD_CTA","Código da conta analítica contábil debitada/creditada","C","","","","",""
"D100","pva","24","COD_MUN_ORIG","Código do município de origem do serviço, conforme a tabela IBGE (Preencher com 9999999, se Exterior)","N","007*","","","",""
"D100","pva","25","COD_MUN_DEST","Código do município de destino do serviço, conforme a tabela IBGE (Preencher com 9999999, se Exterior)","N","007*","","","",""
"D101","pva","1","REG","Texto fixo contendo “D101”","C","004*","","","",""
"D101","pva","2","VL_FCP_UF_DEST","Valor total relativo ao Fundo de Combate à Pobreza (FCP) da UF de destino se for operação de entrada ou da UF de origem de se for operação de saída","N","","2","O","",""
"D101","pva","3","VL_ICMS_UF_DEST","Valor total do ICMS interestadual para a UF de destino","N","","2","O","",""
"D101","pva","4","VL_ICMS_UF_REM","Valor total do ICMS interestadual para a UF do remetente","N","","2","O","",""
"D110","pva","1","REG","Texto fixo contendo “D110”","C","004*","","OC","",""
"D110","pva","2","NUM_ITEM","Número seqüencial do item no documento fiscal","N","003","","","",""
"D110","pva","3","COD_ITEM","Código do item (campo 02 do Registro 0200)","C","060","","","",""
"D110","pva","4","VL_SERV","Valor do serviço","N","","2","","",""
"D110","pva","5","VL_OUT","Outros valores","N","","2","","",""
"D120","pva","1","REG","Texto fixo contendo “D120”","C","004*","","O","",""
"D120","pva","2","COD_MUN_ORIG","Código do município de origem do serviço, conforme a tabela IBGE","N","007*","","","",""
"D120","pva","3","COD_MUN_DEST","Código do município de destino, conforme a tabela IBGE","N","007*","","","",""
"D120","pva","4","VEIC_ID","Placa de identificação do veículo","C","007","","","",""
"D120","pva","5","UF_ID","Sigla da UF da placa do veículo","C","002","","","",""
"D130","pva","1","REG","Texto fixo contendo “D130”","C","004*","","OC","",""
"D130","pva","2","COD_PART_CONSG","Código do participante (campo 02 do Registro 0150): - consignatário, se houver","C","060","","","",""
"D130","pva","3","COD_PART_RED","Código do participante (campo 02 do Registro 0150): - redespachante, se houver","C","060","","","",""
"D130","pva","4","IND_FRT_RED","Indicador do tipo do frete da operação de redespacho","C","001","","","",""
"D130","pva","5","COD_MUN_ORIG","Código do município de origem do serviço, conforme a tabela IBGE","N","007*","","","",""
"D130","pva","6","COD_MUN_DEST","Código do município de destino, conforme a tabela IBGE","N","007*","","","",""
"D130","pva","7","VEIC_ID","Placa de identificação do veículo","C","007","","","",""
"D130","pva","8","VL_LIQ_FRT","Valor líquido do frete","N","","2","","",""
"D130","pva","9","VL_SEC_CAT","Soma de valores de SEC/CAT (serviços de coleta/custo adicional de transporte)","N","","2","","",""
"D130","pva","10","VL_DESP","Soma de valores de despacho","N","","2","","",""
"D130","pva","11","VL_PEDG","Soma dos valores de pedágio","N","","2","","",""
"D130","pva","12","VL_OUT","Outros valores","N","","2","","",""
"D130","pva","13","VL_FRT","Valor total do frete","N","","2","","",""
"D130","pva","14","UF_ID","Sigla da UF da placa do veículo","C","002","","","",""
"D140","pva","1","REG","Texto fixo contendo “D140”","C","004*","","OC","",""
"D140","pva","2","COD_PART_CONSG","Código do participante (campo 02 do Registro 0150): - consignatário, se houver","C","060","","","",""
"D140","pva","3","COD_MUN_ORIG","Código do município de origem do serviço, conforme a tabela IBGE","N","007*","","","",""
"D140","pva","4","COD_MUN_DEST","Código do município de destino, conforme a tabela IBGE","N","007*","","","",""
"D140","pva","5","IND_VEIC","Indicador do tipo do veículo transportador","C","001","","","",""
"D140","pva","6","VEIC_ID","Identificação da embarcação (IRIM ou Registro CPP)","C","","","","",""
"D140","pva","7","IND_NAV","Indicador do tipo da navegação","C","001","","","",""
"D140","pva","8","VIAGEM","Número da viagem","N","","","","",""
"D140","pva","9","VL_FRT_LIQ","Valor líquido do frete","N","","2","","",""
"D140","pva","10","VL_DESP_PORT","Valor das despesas portuárias","N","","2","","",""
"D140","pva","11","VL_DESP_CAR_DESC","Valor das despesas com carga e descarga","N","","2","","",""
"D140","pva","12","VL_OUT","Outros valores","N","","2","","",""
"D140","pva","13","VL_FRT_BRT","Valor bruto do frete","N","","2","","",""
"D140","pva","14","VL_FRT_MM","Valor adicional do frete para renovação da Marinha Mercante","N","","2","","",""
"D150","pva","1","REG","Texto fixo contendo “D150”","C","004*","","OC","",""
"D150","pva","2","COD_MUN_ORIG","Código do município de origem do serviço, conforme a tabela IBGE","N","007*","","","",""
"D150","pva","3","COD_MUN_DEST","Código do município de destino, conforme a tabela IBGE","N","007*","","","",""
"D150","pva","4","VEIC_ID","Identificação da aeronave (DAC)","C","","","","",""
"D150","pva","5","VIAGEM","Número do vôo","N","","","","",""
"D150","pva","6","IND_TFA","Indicador do tipo de tarifa aplicada","C","001","","","",""
"D150","pva","7","VL_PESO_TX","Peso taxado","N","","2","","",""
"D150","pva","8","VL_TX_TERR","Valor da taxa terrestre","N","","2","","",""
"D150","pva","9","VL_TX_RED","Valor da taxa de redespacho","N","","2","","",""
"D150","pva","10","VL_OUT","Outros valores","N","","2","","",""
"D150","pva","11","VL_TX_ADV","Valor da taxa “ad valorem”","N","","2","","",""
"D160","pva","1","REG","Texto fixo contendo “D160”","C","004*","","OC","",""
"D160","pva","2","DESPACHO","Identificação do número do despacho","C","","","","",""
"D160","pva","3","CNPJ_CPF_REM","CNPJ ou CPF do remetente das mercadorias que constam na nota fiscal","C","014","","","",""
"D160","pva","4","IE_REM","Inscrição Estadual do remetente das mercadorias que constam na nota fiscal","C","014","","","",""
"D160","pva","5","COD_MUN_ORI","Código do município de origem, conforme tabela IBGE","N","007*","","","",""
"D160","pva","6","CNPJ_CPF_DEST","CNPJ ou CPF do destinatário das mercadorias que constam na nota fiscal","C","014","","","",""
"D160","pva","7","IE_DEST","Inscrição Estadual do destinatário das mercadorias que constam na nota fiscal","C","014","","","",""
"D160","pva","8","COD_MUN_DEST","Código do município de destino, conforme tabela IBGE","N","007*","","","",""
"D161","pva","1","REG","Texto fixo contendo “D161”","C","004*","","OC","",""
"D161","pva","2","IND_CARGA","Indicador do tipo de transporte da carga coletada","N","001","","","",""
"D161","pva","3","CNPJ_CPF_COL","Número do CNPJ ou CPF do contribuinte do local de coleta","C","014","","","",""
"D161","pva","4","IE_COL","Inscrição Estadual do contribuinte do local de coleta","C","014","","","",""
"D161","pva","5","COD_MUN_COL","Código do município do local de coleta, conforme tabela IBGE","N","007*","","","",""
"D161","pva","6","CNPJ_CPF_ENTG","Número do CNPJ ou CPF do contribuinte do local de entrega","C","014","","","",""
"D161","pva","7","IE_ENTG","Inscrição Estadual do contribuinte do local de entrega","C","014","","","",""
"D161","pva","8","COD_MUN_ENTG","Código do município do local de entrega, conforme tabela IBGE","N","007*","","","",""
"D162","pva","1","REG","Texto fixo contendo“D162”","C","004*","","","",""
"D162","pva","2","COD_MOD","Código do Modelo de Documento Fiscal","C","002","","","",""
"D162","pva","3","SER","Série do Documento fiscal","C","004","","","",""
"D162","pva","4","NUM_DOC","Número do documento fiscal","N","009","","","",""
"D162","pva","5","DT_DOC","Data de emissão do Documento Fiscal","D","008*","","","",""
"D162","pva","6","VL_DOC","Valor total do documento fiscal","N","","2","","",""
"D162","pva","7","VL_MERC","Valor das mercadorias constantes no documento fiscal","N","","2","","",""
"D162","pva","8","QTD_VOL","Quantidade de volumes transportados","N","","","","",""
"D162","pva","9","PESO_BRT","Peso bruto dos volumes transportados (em kg)","N","","2","","",""
"D162","pva","10","PESO_LIQ","Peso líquido dos volumes transportados (em kg)","N","","2","","",""
"D170","pva","1","REG","Texto fixo contendo “D170”","C","004*","","OC","",""
"D170","pva","2","COD_PART_CONSG","Código do participante (campo 02 do Registro 0150): - consignatário, se houver","C","060","","","",""
"D170","pva","3","COD_PART_RED","Código do participante (campo 02 do Registro 0150): - redespachante, se houver","C","060","","","",""
"D170","pva","4","COD_MUN_ORIG","Código do município de origem do serviço, conforme a tabela IBGE","N","007*","","","",""
"D170","pva","5","COD_MUN_DEST","Código do município de destino, conforme a tabela IBGE","N","007*","","","",""
"D170","pva","6","OTM","Registro do operador de transporte multimodal","C","","","","",""
"D170","pva","7","IND_NAT_FRT","Indicador da natureza do frete","C","001","","","",""
"D170","pva","8","VL_LIQ_FRT","Valor líquido do frete","N","","2","","",""
"D170","pva","9","VL_GRIS","Valor do GRIS (gerenciamento de risco)","N","","2","","",""
"D170","pva","10","VL_PDG","Somatório dos valores de pedágio","N","","2","","",""
"D170","pva","11","VL_OUT","Outros valores","N","","2","","",""
"D170","pva","12","VL_FRT","Valor total do frete","N","","2","","",""
"D170","pva","13","VEIC_ID","Placa de identificação do veículo","C","007","","","",""
"D170","pva","14","UF_ID","Sigla da UF da placa do veículo","C","002","","","",""
"D180","pva","1","REG","Texto fixo contendo “D180”","C","004*","","","",""
"D180","pva","2","NUM_SEQ","Número de ordem seqüencial do modal","N","","","","",""
"D180","pva","3","IND_EMIT","Indicador do emitente do documento fiscal","C","001","","","",""
"D180","pva","4","CNPJ_CPF_EMIT","CNPJ/CPF do participante emitente do modal","C","014","","","",""
"D180","pva","5","UF_EMIT","Sigla da unidade da federação do participante emitente do modal","C","002*","","","",""
"D180","pva","6","IE_EMIT","Inscrição Estadual do participante emitente do modal","C","014","","","",""
"D180","pva","7","COD_MUN_ORIG","Código do município de origem do serviço, conforme a tabela IBGE","N","007*","","","",""
"D180","pva","8","CNPJ_CPF_TOM","CNPJ/CPF do participante tomador do serviço","C","014","","","",""
"D180","pva","9","UF_TOM","Sigla da unidade da federação do participante tomador do serviço","C","002*","","","",""
"D180","pva","10","IE_TOM","Inscrição Estadual do participante tomador do serviço","C","014","","","",""
"D180","pva","11","COD_MUN_DEST","Código do município de destino, conforme a tabela IBGE(Preencher com 9999999, se Exterior)","N","007*","","","",""
"D180","pva","12","COD_MOD","Código do modelo do documento fiscal, conforme a Tabela Documentos Fiscais do ICMS","C","002","","","",""
"D180","pva","13","SER","Série do documento fiscal","C","004","","","",""
"D180","pva","14","SUB","Subsérie do documento fiscal","N","003","","","",""
"D180","pva","15","NUM_DOC","Número do documento fiscal","N","009","","","",""
"D180","pva","16","DT_DOC","Data da emissão do documento fiscal","D","008*","","","",""
"D180","pva","17","VL_DOC","Valor total do documento fiscal","N","","2","","",""
"D190","pva","1","REG","Texto fixo contendo “D190”","C","004*","","O","",""
"D190","pva","2","CST_ICMS","Código da Situação Tributária, conforme Tabela Código da Situação Tributária - CST (ICMS)","N","003*","","O","",""
"D190","pva","3","CFOP","Código Fiscal de Operação e Prestação","N","004*","","O","",""
"D190","pva","4","ALIQ_ICMS","Alíquota do ICMS","N","006","2","","",""
"D190","pva","5","VL_OPR","Valor da operação correspondente à combinação de CST/ICMS, CFOP e alíquota do ICMS","N","","2","O","",""
"D190","pva","6","VL_BC_ICMS","Parcela correspondente ao “Valor da base de cálculo do ICMS” referente à combinação CST/ICMS, CFOP e alíquota do ICMS","N","","2","O","",""
"D190","pva","7","VL_ICMS","Parcela correspondente ao “Valor do ICMS” referente à combinação CST/ICMS, CFOP e alíquota do ICMS","N","","2","O","",""
"D190","pva","8","VL_RED_BC","Valor não tributado em função da redução da base de cálculo do ICMS, referente à combinação de CST/ICMS, CFOP e alíquota do ICMS","N","","2","O","",""
"D190","pva","9","COD_OBS","Código da observação do lançamento fiscal (campo 02 do Registro 0460)","C","006","","","",""
"D195","pva","1","REG","Texto fixo contendo “D195”","C","004*","","","",""
"D195","pva","2","COD_OBS","Código da observação do lançamento fiscal (campo 02 do Registro 0460)","C","006","","O","",""
"D195","pva","3","TXT_COMPL","Descrição complementar do código de observação","C","","","","",""
"D197","pva","1","REG","Texto fixo contendo “D197”","C","004*","","","",""
"D197","pva","2","COD_AJ","Código do ajuste/benefício/incentivo, conforme TABELA DE AJUSTES E INFORMAÇÕES DE VALORES PROVENIENTES DE DOCUMENTO FISCAL","C","010*","","O","",""
"D197","pva","3","DESCR_COMPL_AJ","Descrição complementar do ajuste do documento fiscal","C","","","","",""
"D197","pva","4","COD_ITEM","Código do item (campo 02 do Registro 0200)","C","060","","","",""
"D197","pva","5","VL_BC_ICMS","Base de cálculo do ICMS ou do ICMS ST","N","","2","","",""
"D197","pva","6","ALIQ_ICMS","Alíquota do ICMS","N","006","2","","",""
"D197","pva","7","VL_ICMS","Valor do ICMS ou ICMS ST","N","","2","","",""
"D197","pva","8","VL_OUTROS","Outros valores","N","","2","","",""
"D300","pva","1","REG","Texto fixo contendo “D300”","C","004*","","OC","",""
"D300","pva","2","COD_MOD","Código do modelo do documento fiscal, conforme a Tabela Documentos Fiscais do ICMS","C","002*","","","",""
"D300","pva","3","SER","Série do documento fiscal","C","004","","","",""
"D300","pva","4","SUB","Subsérie do documento fiscal","N","004","","","",""
"D300","pva","5","NUM_DOC_INI","Número do primeiro documento fiscal emitido (mesmo modelo, série e subsérie)","N","006","","","",""
"D300","pva","6","NUM_DOC_FIN","Número do último documento fiscal emitido (mesmo modelo, série e subsérie)","N","","","","",""
"D300","pva","7","CST_ICMS","Código da Situação Tributária, conforme Tabela Código da Situação Tributária - CST (ICMS)","N","003*","","","",""
"D300","pva","8","CFOP","Código Fiscal de Operação e Prestação","N","004*","","","",""
"D300","pva","9","ALIQ_ICMS","Alíquota do ICMS","N","006","2","","",""
"D300","pva","10","DT_DOC","Data da emissão dos documentos fiscais","D","008*","","","",""
"D300","pva","11","VL_OPR","Valor total acumulado das operações correspondentes à combinação de CST/ICMS, CFOP e alíquota do ICMS, incluídas as despesas acessórias e acréscimos","N","","2","","",""
"D300","pva","12","VL_DESC","Valor total dos descontos","N","","2","","",""
"D300","pva","13","VL_SERV","Valor total da prestação de serviço","N","","2","","",""
"D300","pva","14","VL_SEG","Valor de seguro","N","","2","","",""
"D300","pva","15","VL_OUT_DESP","Valor de outras despesas","N","","2","","",""
"D300","pva","16","VL_BC_ICMS","Valor total da base de cálculo do ICMS","N","","2","O","",""
"D300","pva","17","VL_ICMS","Valor total do ICMS","N","","2","O","",""
"D300","pva","18","VL_RED_BC","Valor não tributado em função da redução da base de cálculo do ICMS, referente à combinação de CST/ICMS, CFOP e alíquota do ICMS","N","","2","O","",""
"D300","pva","19","COD_OBS","Código da observação do lançamento fiscal (campo 02 do Registro 0460)","C","006","","","",""
"D300","pva","20","COD_CTA","Código da conta analítica contábil debitada/creditada","C","","","","",""
"D301","pva","1","REG","Texto fixo contendo “D301”","C","004*","","","",""
"D301","pva","2","NUM_DOC_CANC","Número do documento fiscal cancelado","N","","","","",""
"D310","pva","1","REG","Texto fixo contendo “D310”","C","004*","","OC","",""
"D310","pva","2","COD_MUN_ORIG","Código do município de origem do serviço, conforme a tabela IBGE","N","007*","","","",""
"D310","pva","3","VL_SERV","Valor total da prestação de serviço","N","","2","","",""
"D310","pva","4","VL_BC_ICMS","Valor total da base de cálculo do ICMS","N","","2","","",""
"D310","pva","5","VL_ICMS","Valor total do ICMS","N","","2","","",""
"D350","pva","1","REG","Texto fixo contendo “D350”","C","004*","","OC","",""
"D350","pva","2","COD_MOD","Código do modelo do documento fiscal, conforme a Tabela Documentos Fiscais do ICMS","C","002*","","","",""
"D350","pva","3","ECF_MOD","Modelo do equipamento","C","020","","","",""
"D350","pva","4","ECF_FAB","Número de série de fabricação do ECF","C","021","","","",""
"D350","pva","5","ECF_CX","Número do caixa atribuído ao ECF","N","003","","","",""
"D355","pva","1","REG","Texto fixo contendo “D355”","C","004*","","O","",""
"D355","pva","2","DT_DOC","Data do movimento a que se refere a Redução Z","D","008*","","","",""
"D355","pva","3","CRO","Posição do Contador de Reinício de Operação","N","003","","","",""
"D355","pva","4","CRZ","Posição do Contador de Redução Z","N","006","","","",""
"D355","pva","5","NUM_COO_FIN","Número do Contador de Ordem de Operação do último documento emitido no dia. (Número do COO na Redução Z)","N","009","","","",""
"D355","pva","6","GT_FIN","Valor do Grande Total Final","N","","2","","",""
"D355","pva","7","VL_BRT","Valor da venda bruta","N","","2","","",""
"D360","pva","1","REG","Texto fixo contendo “D360”","C","004*","","OC","",""
"D360","pva","2","VL_PIS","Valor total do PIS","N","","2","","",""
"D360","pva","3","VL_COFINS","Valor total da COFINS","N","","2","","",""
"D365","pva","1","REG","Texto fixo contendo “D365”","C","004*","","O","",""
"D365","pva","2","COD_TOT_PAR","Código do totalizador, conforme Tabela de Códigos dos Totalizadores Parciais da REDUÇÃO Z","C","007","","","",""
"D365","pva","3","VLR_ACUM_TOT","Valor acumulado no totalizador, relativo à respectiva Redução Z","N","","2","","",""
"D365","pva","4","NR_TOT","Número do totalizador quando ocorrer mais de uma situação com a mesma carga tributária efetiva","N","002","","","",""
"D365","pva","5","DESCR_NR_TOT","Descrição da situação tributária relativa ao totalizador parcial do campo anterior","C","","","","",""
"D370","pva","1","REG","Texto fixo contendo “D370”","C","004*","","OC","",""
"D370","pva","2","COD_MUN_ORIG","Código do município de origem do serviço, conforme a tabela IBGE","N","007*","","","",""
"D370","pva","3","VL_SERV","Valor total da prestação de serviço","N","","2","","",""
"D370","pva","4","QTD_BILH","Quantidade de bilhetes emitidos","N","","","","",""
"D370","pva","5","VL_BC_ICMS","Valor total da base de cálculo do ICMS","N","","2","","",""
"D370","pva","6","VL_ICMS","Valor total do ICMS","N","","2","","",""
"D390","pva","1","REG","Texto fixo contendo “D390”","C","004*","","O","",""
"D390","pva","2","CST_ICMS","Código da Situação Tributária, conforme Tabela Código da Situação Tributária - CST (ICMS)","N","003*","","","",""
"D390","pva","3","CFOP","Código Fiscal de Operação e Prestação","N","004*","","","",""
"D390","pva","4","ALIQ_ICMS","Alíquota do ICMS","N","006","2","","",""
"D390","pva","5","VL_OPR","Valor da operação correspondente à combinação de CST/ICMS, CFOP e alíquota do ICMS, incluídas as despesas acessórias e acréscimos","N","","2","","",""
"D390","pva","6","VL_BC_ISSQN","Valor da base de cálculo do ISSQN","N","","2","","",""
"D390","pva","7","ALIQ_ISSQN","Alíquota do ISSQN","N","006","2","","",""
"D390","pva","8","VL_ISSQN","Valor do ISSQN","N","","2","","",""
"D390","pva","9","VL_BC_ICMS","Base de cálculo do ICMS acumulada relativa à alíquota informada","N","","2","","",""
"D390","pva","10","VL_ICMS","Valor do ICMS acumulado relativo à alíquota informada","N","","2","","",""
"D390","pva","11","COD_OBS","Código da observação do lançamento fiscal (campo 02 do Registro 0460)","C","006","","","",""
"D400","pva","1","REG","Texto fixo contendo “D400”","C","004*","","OC","",""
"D400","pva","2","COD_PART","Código do participante (campo 02 do Registro 0150): - agência, filial ou posto","C","060","","","",""
"D400","pva","3","COD_MOD","Código do modelo do documento fiscal, conforme a Tabela Documentos Fiscais do ICMS","C","002*","","","",""
"D400","pva","4","COD_SIT","Código da situação do documento fiscal, conforme a Tabela Situação do Documento","N","002*","","","",""
"D400","pva","5","SER","Série do documento fiscal","C","004","","","",""
"D400","pva","6","SUB","Subsérie do documento fiscal","N","003","","","",""
"D400","pva","7","NUM_DOC","Número do documento fiscal resumo","N","006","","","",""
"D400","pva","8","DT_DOC","Data da emissão do documento fiscal","D","008*","","","",""
"D400","pva","9","VL_DOC","Valor total do documento fiscal","N","","2","","",""
"D400","pva","10","VL_DESC","Valor acumulado dos descontos","N","","2","","",""
"D400","pva","11","VL_SERV","Valor acumulado da prestação de serviço","N","","2","","",""
"D400","pva","12","VL_BC_ICMS","Valor total da base de cálculo do ICMS","N","","2","","",""
"D400","pva","13","VL_ICMS","Valor total do ICMS","N","","2","","",""
"D400","pva","14","VL_PIS","Valor do PIS","N","","2","","",""
"D400","pva","15","VL_COFINS","Valor da COFINS","N","","2","","",""
"D400","pva","16","COD_CTA","Código da conta analítica contábil debitada/creditada","C","","","","",""
"D410","pva","1","REG","Texto fixo contendo “D410”","C","004*","","O","",""
"D410","pva","2","COD_MOD","Código do modelo do documento fiscal, conforme a Tabela Documentos Fiscais do ICMS","C","002","","","",""
"D410","pva","3","SER","Série do documento fiscal","C","004","","","",""
"D410","pva","4","SUB","Subsérie do documento fiscal","N","003","","","",""
"D410","pva","5","NUM_DOC_INI","Número do documento fiscal inicial (mesmo modelo, série e subsérie)","N","006","","","",""
"D410","pva","6","NUM_DOC_FIN","Número do documento fiscal final(mesmo modelo, série e subsérie)","N","006","","","",""
"D410","pva","7","DT_DOC","Data da emissão dos documentos fiscais","D","008*","","","",""
"D410","pva","8","CST_ICMS","Código da Situação Tributária, conforme Tabela Código da Situação Tributária - CST (ICMS)","N","003*","","","",""
"D410","pva","9","CFOP","Código Fiscal de Operação e Prestação","N","004*","","","",""
"D410","pva","10","ALIQ_ICMS","Alíquota do ICMS","N","006","2","","",""
"D410","pva","11","VL_OPR","Valor total acumulado das operações correspondentes à combinação de CST/ICMS, CFOP e alíquota do ICMS, incluídas as despesas acessórias e acréscimos","N","","2","","",""
"D410","pva","12","VL_DESC","Valor acumulado dos descontos","N","","2","","",""
"D410","pva","13","VL_SERV","Valor acumulado da prestação de serviço","N","","2","","",""
"D410","pva","14","VL_BC_ICMS","Valor acumulado da base de cálculo do ICMS","N","","2","","",""
"D410","pva","15","VL_ICMS","Valor acumulado do ICMS","N","","2","","",""
"D411","pva","1","REG","Texto fixo contendo “D411”","C","004*","","","",""
"D411","pva","2","NUM_DOC_CANC","Número do documento fiscal cancelado","N","006","","","",""
"D420","pva","1","REG","Texto fixo contendo “D420”","C","004*","","OC","",""
"D420","pva","2","COD_MUN_ORIG","Código do município de origem do serviço, conforme a tabela IBGE","N","007*","","","",""
"D420","pva","3","VL_SERV","Valor total da prestação de serviço","N","","2","","",""
"D420","pva","4","VL_BC_ICMS","Valor total da base de cálculo do ICMS","N","","2","","",""
"D420","pva","5","VL_ICMS","Valor total do ICMS","N","","2","","",""
"D500","pva","1","REG","Texto fixo contendo “D500”","C","004*","","OC","",""
"D500","pva","2","IND_OPER","Indicador do tipo de operação","C","001","","O","",""
"D500","pva","3","IND_EMIT","Indicador do emitente do documento fiscal","C","001","","O","",""
"D500","pva","4","COD_PART","Código do participante (campo 02 do Registro 0150): - do prestador do serviço, no caso de aquisição; - do tomador do serviço, no caso de prestação","C","060","","O","",""
"D500","pva","5","COD_MOD","Código do modelo do documento fiscal, conforme a Tabela Documentos Fiscais do ICMS","C","002*","","O","",""
"D500","pva","6","COD_SIT","Código da situação do documento fiscal, conforme a Tabela Situação do Documento","N","002*","","O","",""
"D500","pva","7","SER","Série do documento fiscal","C","004","","","",""
"D500","pva","8","SUB","Subsérie do documento fiscal","C","003","","","",""
"D500","pva","9","NUM_DOC","Número do documento fiscal","N","009","","O","",""
"D500","pva","10","DT_DOC","Data da emissão do documento fiscal","D","008*","","O","",""
"D500","pva","11","DT_A_P","Data da entrada (aquisição) ou da saída (prestação do serviço)","D","008*","","O","",""
"D500","pva","12","VL_DOC","Valor total do documento fiscal","N","","2","O","",""
"D500","pva","13","VL_DESC","Valor total do desconto","N","","2","","",""
"D500","pva","14","VL_SERV","Valor da prestação de serviços","N","","2","O","",""
"D500","pva","15","VL_SERV_NT","Valor total dos serviços não-tributados pelo ICMS","N","","2","","",""
"D500","pva","16","VL_TERC","Valores cobrados em nome de terceiros","N","","2","","",""
"D500","pva","17","VL_DA","Valor de outras despesas indicadas no documento fiscal","N","","2","","",""
"D500","pva","18","VL_BC_ICMS","Valor da base de cálculo do ICMS","N","","2","","",""
"D500","pva","19","VL_ICMS","Valor do ICMS","N","","2","","",""
"D500","pva","20","COD_INF","Código da informação complementar (campo 02 do Registro 0450)","C","006","","","",""
"D500","pva","21","VL_PIS","Valor do PIS","N","","2","","",""
"D500","pva","22","VL_COFINS","Valor da COFINS","N","","2","","",""
"D500","pva","23","COD_CTA","Código da conta analítica contábil debitada/creditada","C","","","","",""
"D500","pva","24","TP_ASSINANTE","Código do Tipo de Assinante","N","001*","","","",""
"D510","pva","1","REG","Texto fixo contendo “D510”","C","004*","","OC","",""
"D510","pva","2","NUM_ITEM","Número seqüencial do item no documento fiscal","N","003","","","",""
"D510","pva","3","COD_ITEM","Código do item (campo 02 do Registro 0200)","C","060","","","",""
"D510","pva","4","COD_CLASS","Código de classificação do item do serviço de comunicação ou de telecomunicação, conforme a Tabela Classificação de Itens de Energia Elétrica, Serviços de Comunicação e Telecomunicação","N","004*","","","",""
"D510","pva","5","QTD","Quantidade do item","N","","3","","",""
"D510","pva","6","UNID","Unidade do item (Campo 02 do registro 0190)","C","006","","","",""
"D510","pva","7","VL_ITEM","Valor do item","N","","2","","",""
"D510","pva","8","VL_DESC","Valor total do desconto","N","","2","","",""
"D510","pva","9","CST_ICMS","Código da Situação Tributária, conforme Tabela Código da Situação Tributária - CST (ICMS)","N","003*","","","",""
"D510","pva","10","CFOP","Código Fiscal de Operação e Prestação","N","004*","","","",""
"D510","pva","11","VL_BC_ICMS","Valor da base de cálculo do ICMS","N","","2","","",""
"D510","pva","12","ALIQ_ICMS","Alíquota do ICMS","N","006","2","","",""
"D510","pva","13","VL_ICMS","Valor do ICMS creditado/debitado","N","","2","","",""
"D510","pva","14","VL_BC_ICMS_ST","Valor da base de cálculo do ICMS de outras UFs","N","","2","","",""
"D510","pva","15","VL_ICMS_ST","Valor do ICMS retido outras UFs","N","","2","","",""
"D510","pva","16","IND_REC","Indicador do tipo de receita","C","001","","","",""
"D510","pva","17","COD_PART","Código do participante (campo 02 do Registro 0150) receptor da receita, terceiro da operação, se houver","C","060","","","",""
"D510","pva","18","VL_PIS","Valor do PIS","N","","2","","",""
"D510","pva","19","VL_COFINS","Valor da COFINS","N","","2","","",""
"D510","pva","20","COD_CTA","Código da conta analítica contábil debitada/creditada","C","","","","",""
"D530","pva","1","REG","Texto fixo contendo “D530”","C","004*","","OC","",""
"D530","pva","2","IND_SERV","Indicador do tipo de serviço prestado","C","001","","","",""
"D530","pva","3","DT_INI_SERV","Data em que se iniciou a prestação do serviço","D","008*","","","",""
"D530","pva","4","DT_FIN_SERV","Data em que se encerrou a prestação do serviço","D","008*","","","",""
"D530","pva","5","PER_FISCAL","Período fiscal da prestação do serviço (MMAAAA)","N","006*","","","",""
"D530","pva","6","COD_AREA","Código de área do terminal faturado","C","","","","",""
"D530","pva","7","TERMINAL","Identificação do terminal faturado","N","","","","",""
"D590","pva","1","REG","Texto fixo contendo “D590”","C","004*","","OC","",""
"D590","pva","2","CST_ICMS","Código da Situação Tributária, conforme Tabela Código da Situação Tributária - CST (ICMS)","N","003*","","O","",""
"D590","pva","3","CFOP","Código Fiscal de Operação e Prestação","N","004*","","O","",""
"D590","pva","4","ALIQ_ICMS","Alíquota do ICMS","N","006","2","","",""
"D590","pva","5","VL_OPR","Valor da operação correspondente à combinação de CST/ICMS, CFOP e alíquota do ICMS, incluídas as despesas acessórias e acréscimos","N","","2","O","",""
"D590","pva","6","VL_BC_ICMS","Parcela correspondente ao “Valor da base de cálculo do ICMS” referente à combinação CST/ICMS, CFOP e alíquota do ICMS","N","","2","O","",""
"D590","pva","7","VL_ICMS","Parcela correspondente ao “Valor do ICMS” referente à combinação CST/ICMS, CFOP e alíquota do ICMS","N","","2","O","",""
"D590","pva","8","VL_BC_ICMS_ST","Parcela correspondente ao “Valor da base de cálculo do ICMS” de outras UFs referente à combinação de CST/ICMS, CFOP e alíquota do ICMS","N","","2","O","",""
"D590","pva","9","VL_ICMS_ST","Parcela correspondente ao valor creditado/debitado do ICMS de outras UFs, referente à combinação de CST/ICMS, CFOP e alíquota do ICMS","N","","2","O","",""
"D590","pva","10","VL_RED_BC","Valor não tributado em função da redução da base de cálculo do ICMS, referente à combinação de CST/ICMS, CFOP e alíquota do ICMS","N","","2","O","",""
"D590","pva","11","COD_OBS","Código da observação (campo 02 do Registro 0460)","C","006","","","",""
"D600","pva","1","REG","Texto fixo contendo “D600”","C","004*","","OC","",""
"D600","pva","2","COD_MOD","Código do modelo do documento fiscal, conforme a Tabela Documentos Fiscais do ICMS","C","002*","","","",""
"D600","pva","3","COD_MUN","Código do município dos terminais faturados, conforme a tabela IBGE","N","007*","","","",""
"D600","pva","4","SER","Série do documento fiscal","C","004","","","",""
"D600","pva","5","SUB","Subsérie do documento fiscal","N","003","","","",""
"D600","pva","6","COD_CONS","Código de classe de consumo dos serviços de comunicação ou de telecomunicação, conforme a Tabela Classes de Consumo dos Serviços de Comunicação e Telecomunicação","N","002*","","","",""
"D600","pva","7","QTD_CONS","Quantidade de documentos consolidados neste registro","N","","","","",""
"D600","pva","8","DT_DOC","Data dos documentos consolidados","D","008*","","","",""
"D600","pva","9","VL_DOC","Valor total acumulado dos documentos fiscais","N","","2","","",""
"D600","pva","10","VL_DESC","Valor acumulado dos descontos","N","","2","","",""
"D600","pva","11","VL_SERV","Valor acumulado das prestações de serviços tributadas pelo ICMS","N","","2","","",""
"D600","pva","12","VL_SERV_NT","Valor acumulado dos serviços não-tributados pelo ICMS","N","","2","","",""
"D600","pva","13","VL_TERC","Valores cobrados em nome de terceiros","N","","2","","",""
"D600","pva","14","VL_DA","Valor acumulado das despesas acessórias","N","","2","","",""
"D600","pva","15","VL_BC_ICMS","Valor acumulado da base de cálculo do ICMS","N","","2","","",""
"D600","pva","16","VL_ICMS","Valor acumulado do ICMS","N","","2","","",""
"D600","pva","17","VL_PIS","Valor do PIS","N","","2","","",""
"D600","pva","18","VL_COFINS","Valor da COFINS","N","","2","","",""
"D610","pva","1","REG","Texto fixo contendo “D610”","C","004*","","O","",""
"D610","pva","2","COD_CLASS","Código de classificação do item do serviço de comunicação ou de telecomunicação, conforme a Tabela Classificação de Itens de Energia Elétrica, Serviços de Comunicação e Telecomunicação","N","004*","","","",""
"D610","pva","3","COD_ITEM","Código do item (campo 02 do Registro 0200)","C","060","","","",""
"D610","pva","4","QTD","Quantidade acumulada do item","N","","3","","",""
"D610","pva","5","UNID","Unidade do item (Campo 02 do registro 0190)","C","006","","","",""
"D610","pva","6","VL_ITEM","Valor acumulado do item","N","","2","","",""
"D610","pva","7","VL_DESC","Valor acumulado dos descontos","N","","2","","",""
"D610","pva","8","CST_ICMS","Código da Situação Tributária referente ao ICMS","N","003*","","","",""
"D610","pva","9","CFOP","Código Fiscal de Operação e Prestação","N","004*","","","",""
"D610","pva","10","ALIQ_ICMS","Alíquota do ICMS","N","006","2","","",""
"D610","pva","11","VL_BC_ICMS","Valor acumulado da base de cálculo do ICMS","N","","2","","",""
"D610","pva","12","VL_ICMS","Valor acumulado do ICMS debitado","N","","2","","",""
"D610","pva","13","VL_BC_ICMS_ST","Valor da base de cálculo do ICMS de outras UFs","N","","2","","",""
"D610","pva","14","VL_ICMS_ST","Valor do ICMS retido por de outras UFs","N","","2","","",""
"D610","pva","15","VL_RED_BC","Valor não tributado em função da redução da base de cálculo do ICMS, referente à combinação de CST/ICMS, CFOP e alíquota do ICMS","N","","2","","",""
"D610","pva","16","VL_PIS","Valor acumulado do PIS","N","","2","","",""
"D610","pva","17","VL_COFINS","Valor acumulado da COFINS","N","","2","","",""
"D610","pva","18","COD_CTA","Código da conta analítica contábil debitada/creditada","C","","","","",""
"D690","pva","1","REG","Texto fixo contendo “D690”","C","004*","","O","",""
"D690","pva","2","CST_ICMS","Código da Situação Tributária referente ao ICMS","N","003*","","","",""
"D690","pva","3","CFOP","Código Fiscal de Operação e Prestação","N","004*","","","",""
"D690","pva","4","ALIQ_ICMS","Alíquota do ICMS","N","006","2","","",""
"D690","pva","5","VL_OPR","Valor da operação correspondente à combinação de CST/ICMS, CFOP e alíquota do ICMS, incluídas as despesas acessórias e acréscimos","N","","2","","",""
"D690","pva","6","VL_BC_ICMS","Parcela correspondente ao “Valor da base de cálculo do ICMS” referente à combinação CST/ICMS, CFOP e alíquota do ICMS","N","","2","","",""
"D690","pva","7","VL_ICMS","Parcela correspondente ao “Valor do ICMS” referente à combinação CST/ICMS, CFOP e alíquota do ICMS","N","","2","","",""
"D690","pva","8","VL_BC_ICMS_ST","Parcela correspondente ao “Valor da base de cálculo do ICMS” de outras UFs referente à combinação de CST/ICMS, CFOP e alíquota do ICMS","N","","2","","",""
"D690","pva","9","VL_ICMS_ST","Parcela correspondente ao valor creditado/debitado do ICMS de outras UFs, referente à combinação de CST/ICMS, CFOP e alíquota do ICMS","N","","2","","",""
"D690","pva","10","VL_RED_BC","Valor não tributado em função da redução da base de cálculo do ICMS, referente à combinação de CST/ICMS, CFOP e alíquota do ICMS","N","","2","","",""
"D690","pva","11","COD_OBS","Código da observação do lançamento fiscal (campo 02 do Registro 0460)","C","006","","","",""
"D695","pva","1","REG","Texto fixo contendo “D695”","C","004*","","OC","",""
"D695","pva","2","COD_MOD","Código do modelo do documento fiscal, conforme a Tabela Documentos Fiscais do ICMS","C","002*","","","",""
"D695","pva","3","SER","Série do documento fiscal","C","004","","","",""
"D695","pva","4","NRO_ORD_INI","Número de ordem inicial","N","009","","","",""
"D695","pva","5","NRO_ORD_FIN","Número de ordem final","N","009","","","",""
"D695","pva","6","DT_DOC_INI","Data de emissão inicial dos documentos","D","008*","","","",""
"D695","pva","7","DT_DOC_FIN","Data de emissão final dos documentos","D","008*","","","",""
"D695","pva","8","NOM_MEST","Nome do arquivo Mestre de Documento Fiscal","C","033","","","",""
"D695","pva","9","CHV_COD_DIG","Chave de codificação digital do arquivo mestre de documento fiscal","C","032","","","",""
"D696","pva","1","REG","Texto fixo contendo “D696”","C","004*","","O","",""
"D696","pva","2","CST_ICMS","Código da Situação Tributária referente ao ICMS","N","003*","","","",""
"D696","pva","3","CFOP","Código Fiscal de Operação e Prestação","N","004*","","","",""
"D696","pva","4","ALIQ_ICMS","Alíquota do ICMS","N","006","2","","",""
"D696","pva","5","VL_OPR","Valor da operação correspondente à combinação de CST/ICMS, CFOP e alíquota do ICMS, incluídas as despesas acessórias e acréscimos","N","","2","","",""
"D696","pva","6","VL_BC_ICMS","Parcela correspondente ao “Valor da base de cálculo do ICMS” referente à combinação CST/ICMS, CFOP e alíquota do ICMS","N","","2","","",""
"D696","pva","7","VL_ICMS","Parcela correspondente ao “Valor do ICMS” referente à combinação CST/ICMS, CFOP e alíquota do ICMS","N","","2","","",""
"D696","pva","8","VL_BC_ICMS_ST","Valor da base de cálculo do ICMS de outras UFs","N","","2","","",""
"D696","pva","9","VL_ICMS_ST","Valor do ICMS retido de outras UFs","N","","2","","",""
"D696","pva","10","VL_RED_BC","Valor não tributado em função da redução da base de cálculo do ICMS, referente à combinação de CST/ICMS, CFOP e alíquota do ICMS","N","","2","","",""
"D696","pva","11","COD_OBS","Código da observação do lançamento fiscal (campo 02 do Registro 0460)","C","006","","","",""
"D697","pva","1","REG","Texto fixo contendo “D697”","C","004*","","","",""
"D697","pva","2","UF","Sigla da unidade da federação","C","002*","","","",""
"D697","pva","3","VL_BC_ICMS_ST","Base de cálculo do ICMS","N","","2","","",""
"D697","pva","4","VL_ICMS_ST","Valor do ICMS","N","","2","","",""
"D700","pva","1","REG","Texto fixo contendo “D700”","C","004*","","OC","",""
"D700","pva","2","IND_OPER","Indicador do tipo de operação","C","001*","","O","",""
"D700","pva","3","IND_EMIT","Indicador do emitente do documento fiscal","C","001*","","O","",""
"D700","pva","4","COD_PART","Código do participante (campo 02 do Registro 0150): - prestador de serviço, no caso de aquisição de serviço","C","060","","","",""
"D700","pva","5","COD_MOD","Código do modelo do documento fiscal, conforme Tabela 4.1.1","C","002*","","O","",""
"D700","pva","6","COD_SIT","Código da situação do documento fiscal, conforme a Tabela 4.1.2","N","002*","","O","",""
"D700","pva","7","SER","Série do documento fiscal","C","003","","O","",""
"D700","pva","8","NUM_DOC","Número do documento fiscal","N","009","","O","",""
"D700","pva","9","DT_DOC","Data da emissão do documento fiscal","D","008*","","O","",""
"D700","pva","10","DT_A_P","Data da aquisição ou da prestação do serviço","D","008*","","","",""
"D700","pva","11","VL_DOC","Valor total do documento fiscal","N","","2","O","",""
"D700","pva","12","VL_DESC","Valor total do desconto","N","","2","","",""
"D700","pva","13","VL_SERV","Valor dos serviços tributados pelo ICMS","N","","2","O","",""
"D700","pva","14","VL_SERV_NT","Valores cobrados em nome do prestador sem destaque de ICMS","N","","2","","",""
"D700","pva","15","VL_TERC","Valores cobrados em nome de terceiros","N","","2","","",""
"D700","pva","16","VL_DA","Valor de despesas acessórias indicadas no documento fiscal","N","","2","","",""
"D700","pva","17","VL_BC_ICMS","Valor da base de cálculo do ICMS","N","","2","","",""
"D700","pva","18","VL_ICMS","Valor do ICMS","N","","2","","",""
"D700","pva","19","COD_INF","Código da informação complementar do documento fiscal (campo 02 do Registro 0450)","C","006","","","",""
"D700","pva","20","VL_PIS","Valor do PIS/PASEP","N","","2","","",""
"D700","pva","21","VL_COFINS","Valor total da COFINS","N","","2","","",""
"D700","pva","22","CHV_DOCE","Chave da Nota Fiscal Fatura de Serviço de Comunicação Eletrônica","C","044*","","O","",""
"D700","pva","23","FIN_DOCE","Finalidade da emissão do documento eletrônico","N","001*","","O","",""
"D700","pva","24","TIP_FAT","Tipo de Faturamento do Documento Eletrônico","N","001*","","O","",""
"D700","pva","25","COD_MOD_DOC_REF","Código do modelo do documento fiscal referenciado, conforme a Tabela 4.1.1","C","002*","","","",""
"D700","pva","26","CHV_DOCE_REF","Chave da nota referenciada","C","044*","","","",""
"D700","pva","27","HASH_DOC_REF"," Código de autenticação digital do registro (Convênio 115/2003)","C","032","","","",""
"D700","pva","28","SER_DOC_REF","Série do documento fiscal referenciado","C","004","","","",""
"D700","pva","29","NUM_DOC_REF","Número do documento fiscal referenciado","N","009","","","",""
"D700","pva","30","MES_DOC_REF","Mês e ano da emissão do documento fiscal referenciado","N","006*","","","",""
"D700","pva","31","COD_MUN_DEST","Código do Município do destinatário conforme a tabela do IBGE","N","007*","","","",""
"D700","pva","32","DED","Deduções","N","","2","","",""
"D730","pva","1","REG","Texto fixo contendo “D730”","C","004*","","O","",""
"D730","pva","2","CST_ICMS","Código da Situação Tributária referente ao ICMS","N","003*","","O","",""
"D730","pva","3","CFOP","Código Fiscal de Operação e Prestação","N","004*","","O","",""
"D730","pva","4","ALIQ_ICMS","Alíquota do ICMS","N","006","2","","",""
"D730","pva","5","VL_OPR","Valor da operação correspondente à combinação de CST/ICMS, CFOP e alíquota do ICMS, incluídas as despesas acessórias e acréscimos","N","","2","O","",""
"D730","pva","6","VL_BC_ICMS","Parcela correspondente ao “Valor da base de cálculo do ICMS” referente à combinação CST/ICMS, CFOP e alíquota do ICMS","N","","2","O","",""
"D730","pva","7","VL_ICMS","Parcela correspondente ao “Valor do ICMS” referente à combinação CST/ICMS, CFOP e alíquota do ICMS","N","","2","O","",""
"D730","pva","8","VL_RED_BC","Valor da Redução de Base de Cálculo ICMS","N","","2","O","",""
"D730","pva","9","COD_OBS","Código da observação do lançamento fiscal (campo 02 do Registro 0460)","C","006","","","",""
"D731","pva","1","REG","Texto fixo contendo “D731”","C","004*","","","",""
"D731","pva","2","VL_FCP_OP","Valor do Fundo de Combate à Pobreza (FCP) vinculado à operação própria, na combinação de CST_ICMS, CFOP e alíquota do ICMS","N","","2","O","",""
"D735","pva","1","REG","Texto fixo contendo “D735”","C","004*","","","",""
"D735","pva","2","COD_OBS","Código da observação do lançamento fiscal (campo 02 do Registro 0460)","C","006","","O","",""
"D735","pva","3","TXT_COMPL","Descrição complementar do código de observação","C","","","","",""
"D737","pva","1","REG","Texto fixo contendo “D737”","C","004*","","","",""
"D737","pva","2","COD_AJ","Código do ajuste/benefício/incentivo conforme tabela indicada no item 5.3 ","C","010*","","O","",""
"D737","pva","3","DESCR_COMPL_AJ","Descrição complementar do ajuste do documento fiscal","C","","","","",""
"D737","pva","4","COD_ITEM","Código do item (campo 02 do Registro 0200)","C","060","","","",""
"D737","pva","5","VL_BC_ICMS","Base de Calculo do ICMS","N","","2","","",""
"D737","pva","6","ALIQ_ICMS","Alíquota do ICMS","N","006","2","","",""
"D737","pva","7","VL_ICMS","Valor do ICMS","N","","2","","",""
"D737","pva","8","VL_OUTROS","Outros valores","N","","2","","",""
"D750","pva","1","REG","Texto fixo contendo “D750","C","004*","","OC","",""
"D750","pva","2","COD_MOD","Código do modelo do documento fiscal, conforme Tabela 4.1.1","C","002*","","","",""
"D750","pva","3","SER","Série do documento fiscal","N","003","","","",""
"D750","pva","4","DT_DOC","Data dos documentos consolidados","D","008*","","O","",""
"D750","pva","5","QTD_CONS","Quantidade de documentos consolidados neste registro","N","","","","",""
"D750","pva","6","IND_PREPAGO","Forma de Pagamento","N","","","","",""
"D750","pva","7","VL_DOC","Valor total acumulado do documento fiscal","N","","2","","",""
"D750","pva","8","VL_SERV","Valor dos serviços tributados pelo ICMS","N","","2","","",""
"D750","pva","9","VL_SERV_NT","Valores acumulados não tributados pelo ICMS","N","","2","","",""
"D750","pva","10","VL_TERC","Valores cobrados em nome de terceiros","N","","2","","",""
"D750","pva","11","VL_DESC","Valor total dos descontos","N","","2","","",""
"D750","pva","12","VL_DA","Valor acumulado de despesas acessórias","N","","2","","",""
"D750","pva","13","VL_BC_ICMS","Valor da base de cálculo do ICMS","N","","2","","",""
"D750","pva","14","VL_ICMS","Valor acumulado do ICMS","N","","2","","",""
"D750","pva","15","VL_PIS","Valor do PIS/PASEP","N","","2","","",""
"D750","pva","16","VL_COFINS","Valor total da COFINS","N","","2","","",""
"D750","pva","17","DED","Deduções","N","","2","","",""
"D760","pva","1","REG","Texto fixo contendo “D760","C","004*","","OC","",""
"D760","pva","2","CST_ICMS","Código da Situação Tributária referente ao ICMS","N","003*","","","",""
"D760","pva","3","CFOP","Código Fiscal de Operação e Prestação","N","004*","","","",""
"D760","pva","4","ALIQ_ICMS","Alíquota do ICMS","N","006","2","","",""
"D760","pva","5","VL_OPR","Valor da operação correspondente à combinação de CST/ICMS, CFOP e alíquota do ICMS, incluídas as despesas acessórias e acréscimos","N","","2","","",""
"D760","pva","6","VL_BC_ICMS","Parcela correspondente ao “Valor da base de cálculo do ICMS” referente à combinação CST/ICMS, CFOP e alíquota do ICMS","N","","2","","",""
"D760","pva","7","VL_ICMS","Parcela correspondente ao “Valor do ICMS” referente à combinação CST/ICMS, CFOP e alíquota do ICMS","N","","2","","",""
"D760","pva","8","VL_RED_BC","Valor não tributado em função da redução da base de cálculo do ICMS, referente à combinação de CST/ICMS, CFOP e alíquota do ICMS","N","","2","","",""
"D760","pva","9","COD_OBS","Código da observação do lançamento fiscal (campo 02 do Registro 0460)","C","006","","","",""
"D761","pva","1","REG","Texto fixo contendo “D761”","C","004*","","OC","",""
"D761","pva","2","VL_FCP_OP","Valor do Fundo de Combate à Pobreza (FCP) vinculado à operação própria, na combinação de CST_ICMS, CFOP e alíquota do ICMS","N","","2","O","",""
"D990","pva","1","REG","Texto fixo contendo “D990”","C","004*","","O","",""
"D990","pva","2","QTD_LIN_D","Quantidade total de linhas do Bloco D","N","","","O","",""
"E001","pva","1","REG","Texto fixo contendo “E001”","C","004*","","O","",""
"E001","pva","2","IND_MOV","Indicador de movimento","C","001","","O","",""
"E100","pva","1","REG","Texto fixo contendo “E100”","C","004*","","O","",""
"E100","pva","2","DT_INI","Data inicial a que a apuração se refere","D","008*","","O","",""
"E100","pva","3","DT_FIN","Data final a que a apuração se refere","D","008*","","O","",""
"E110","pva","1","REG","Texto fixo contendo “E110”","C","004*","","O","",""
"E110","pva","2","VL_TOT_DEBITOS","Valor total dos débitos por saídas e prestações com débito do imposto","N","","2","O","",""
"E110","pva","3","VL_AJ_DEBITOS","Valor total dos ajustes a débito decorrentes do documento fiscal","N","","2","O","",""
"E110","pva","4","VL_TOT_AJ_DEBITOS","Valor total dos ajustes a débito","N","","2","O","",""
"E110","pva","5","VL_ESTORNOS_CRED","Valor total dos estornos de créditos","N","","2","O","",""
"E110","pva","6","VL_TOT_CREDITOS","Valor total dos créditos por entradas e aquisições com crédito do imposto","N","","2","O","",""
"E110","pva","7","VL_AJ_CREDITOS","Valor total dos ajustes a crédito decorrentes do documento fiscal","N","","2","O","",""
"E110","pva","8","VL_TOT_AJ_CREDITOS","Valor total dos ajustes a crédito","N","","2","O","",""
"E110","pva","9","VL_ESTORNOS_DEB","Valor total dos estornos de débitos","N","","2","O","",""
"E110","pva","10","VL_SLD_CREDOR_ANT","Valor total de saldo credor do período anterior","N","","2","O","",""
"E110","pva","11","VL_SLD_APURADO","Valor total de saldo apurado antes das deduções","N","","2","O","",""
"E110","pva","12","VL_TOT_DED","Valor total das deduções","N","","2","O","",""
"E110","pva","13","VL_ICMS_RECOLHER","Valor total de ICMS a recolher","N","","2","O","",""
"E110","pva","14","VL_SLD_CREDOR_TRANSPORTAR","Valor total do saldo credor de ICMS a transportar para o período seguinte","N","","2","O","",""
"E110","pva","15","DEB_ESP","Valores recolhidos ou a recolher, extra-apuração","N","","2","O","",""
"E111","pva","1","REG","Texto fixo contendo “E111”","C","004*","","","",""
"E111","pva","2","COD_AJ_APUR","Código do ajuste da apuração e dedução, conforme a Tabela de Códigos de Ajustes da Apuração do ICMS","C","008*","","O","",""
"E111","pva","3","DESCR_COMPL_AJ","Descrição complementar do ajuste da apuração","C","","","","",""
"E111","pva","4","VL_AJ_APUR","Valor do ajuste da apuração","N","","2","O","",""
"E112","pva","1","REG","Texto fixo contendo “E112”","C","004*","","","",""
"E112","pva","2","NUM_DA","Número do documento de arrecadação estadual, se houver","C","","","","",""
"E112","pva","3","NUM_PROC","Número do processo ao qual o ajuste está vinculado, se houver","C","060","","","",""
"E112","pva","4","IND_PROC","Indicador da origem do processo","C","001","","","",""
"E112","pva","5","PROC","Descrição resumida do processo que embasou o lançamento","C","","","","",""
"E112","pva","6","TXT_COMPL","Descrição complementar","C","","","","",""
"E113","pva","1","REG","Texto fixo contendo “E113”","C","004*","","","",""
"E113","pva","2","COD_PART","Código do participante (campo 02 do Registro 0150): - do emitente do documento ou do remetente das mercadorias, no caso de entradas; - do adquirente, no caso de saídas","C","060","","","",""
"E113","pva","3","COD_MOD","Código do modelo do documento fiscal, conforme a Tabela Documentos Fiscais do ICMS","C","002*","","O","",""
"E113","pva","4","SER","Série do documento fiscal","C","004","","","",""
"E113","pva","5","SUB","Subserie do documento fiscal","N","003","","","",""
"E113","pva","6","NUM_DOC","Número do documento fiscal","N","009","","O","",""
"E113","pva","7","DT_DOC","Data da emissão do documento fiscal (DDMMAAAA)","D","008*","","O","",""
"E113","pva","8","COD_ITEM","Código do item (campo 02 do Registro 0200)","C","060","","","",""
"E113","pva","9","VL_AJ_ITEM","Valor do ajuste para a operação/item","N","","2","O","",""
"E113","pva","10","CHV_DOCE","Chave do documento eletrônico","C","044*","","","",""
"E115","pva","1","REG","Texto fixo contendo “E115”","C","004*","","","",""
"E115","pva","2","COD_INF_ADIC","Código da informação adicional conforme tabela a ser definida pelas SEFAZ","C","008*","","O","",""
"E115","pva","3","VL_INF_ADIC","Valor referente à informação adicional","N","","2","O","",""
"E115","pva","4","DESCR_COMPL_AJ","Descrição complementar do ajuste","C","","","","",""
"E116","pva","1","REG","Texto fixo contendo “E116”","C","004*","","","",""
"E116","pva","2","COD_OR","Código da obrigação a recolher, conforme a TABELA DE CÓDIGOS DAS OBRIGAÇÕES DE ICMS A RECOLHER","N","003*","","O","",""
"E116","pva","3","VL_OR","Valor da obrigação a recolher","N","","2","O","",""
"E116","pva","4","DT_VCTO","Data de vencimento da obrigação","D","008*","","O","",""
"E116","pva","5","COD_REC","Código de receita referente à obrigação, próprio da unidade da federação, conforme legislação estadual","C","","","O","",""
"E116","pva","6","NUM_PROC","Número do processo ou auto de infração ao qual a obrigação está vinculada, se houver","C","060","","","",""
"E116","pva","7","IND_PROC","Indicador da origem do processo","C","001","","","",""
"E116","pva","8","PROC","Descrição resumida do processo que embasou o lançamento","C","","","","",""
"E116","pva","9","TXT_COMPL","Descrição complementar das obrigações a recolher","C","","","","",""
"E116","pva","10","MES_REF","Mês de referência no formato (MMAAAA)","N","006*","","O","",""
"E200","pva","1","REG","Texto fixo contendo “E200”","C","004*","","","",""
"E200","pva","2","UF","Sigla da unidade da federação a que se refere a apuração do ICMS ST","C","002*","","O","",""
"E200","pva","3","DT_INI","Data inicial a que a apuração se refere","D","008*","","O","",""
"E200","pva","4","DT_FIN","Data final a que a apuração se refere","D","008*","","O","",""
"E210","pva","1","REG","Texto fixo contendo “E210”","C","004*","","O","",""
"E210","pva","2","IND_MOV_ST","Indicador de movimento: 0 – Sem operações com ST; 1 – Com operações de ST","C","001","","O","",""
"E210","pva","3","VL_SLD_CRED_ANT_ST","Valor do saldo credor de período anterior – substituição tributária","N","","2","O","",""
"E210","pva","4","VL_DEVOL_ST","Valor total do ICMS ST de devolução de mercadorias","N","","2","O","",""
"E210","pva","5","VL_RESSARC_ST","Valor total do ICMS ST - ressarcimentos","N","","2","O","",""
"E210","pva","6","VL_OUT_CRED_ST","Valor total dos ajustes - outros créditos ST","N","","2","O","",""
"E210","pva","7","VL_AJ_CREDITOS_ST","Valor total dos ajustes a crédito de ICMS ST, provenientes de ajustes do documento fiscal","N","","2","O","",""
"E210","pva","8","VL_RETENCAO_ST","Valor Total do ICMS retido por Substituição Tributária","N","","2","O","",""
"E210","pva","9","VL_OUT_DEB_ST","Valor Total dos ajustes - outros débitos ST","N","","2","O","",""
"E210","pva","10","VL_AJ_DEBITOS_ST","Valor total dos ajustes a débito de ICMS ST, provenientes de ajustes do documento fiscal","N","","2","O","",""
"E210","pva","11","VL_SLD_DEV_ANT_ST","Valor do saldo devedor antes das deduções","N","","2","O","",""
"E210","pva","12","VL_DEDUCOES_ST","Valor total das deduções ST”","N","","2","O","",""
"E210","pva","13","VL_ICMS_RECOL_ST","Valor total do ICMS a recolher ST","N","","2","O","",""
"E210","pva","14","VL_SLD_CRED_ST_TRANSPORTAR","Valor do saldo credor do ICMS ST a transportar para o período seguinte","N","","2","O","",""
"E210","pva","15","DEB_ESP_ST","Valores recolhidos ou a recolher, extra-apuração","N","","2","O","",""
"E220","pva","1","REG","Texto fixo contendo “E220”","C","004*","","","",""
"E220","pva","2","COD_AJ_APUR","Código do ajuste da apuração e dedução, conforme a Tabela de Códigos de Ajustes da Apuração do ICMS","C","008*","","O","",""
"E220","pva","3","DESCR_COMPL_AJ","Descrição complementar do ajuste da apuração","C","","","","",""
"E220","pva","4","VL_AJ_APUR","Valor do ajuste da apuração","N","","2","O","",""
"E230","pva","1","REG","Texto fixo contendo “E230”","C","004*","","","",""
"E230","pva","2","NUM_DA","Número do documento de arrecadação estadual, se houver","C","","","","",""
"E230","pva","3","NUM_PROC","Número do processo ao qual o ajuste está vinculado, se houver","C","060","","","",""
"E230","pva","4","IND_PROC","Indicador da origem do processo","N","001","","","",""
"E230","pva","5","PROC","Descrição resumida do processo que embasou o lançamento","C","","","","",""
"E230","pva","6","TXT_COMPL","Descrição complementar","C","","","","",""
"E240","pva","1","REG","Texto fixo contendo “E240”","C","004*","","","",""
"E240","pva","2","COD_PART","Código do participante (campo 02 do Registro 0150): - do emitente do documento ou do remetente das mercadorias, no caso de entradas; - do adquirente, no caso de saídas","C","060","","O","",""
"E240","pva","3","COD_MOD","Código do modelo do documento fiscal, conforme a Tabela Documentos Fiscais do ICMS","C","002*","","O","",""
"E240","pva","4","SER","Série do documento fiscal","C","004","","","",""
"E240","pva","5","SUB","Subserie do documento fiscal","N","003","","","",""
"E240","pva","6","NUM_DOC","Número do documento fiscal","N","009","","O","",""
"E240","pva","7","DT_DOC","Data da emissão do documento fiscal (DDMMAAAA)","D","008*","","O","",""
"E240","pva","8","COD_ITEM","Código do item (campo 02 do Registro 0200)","C","060","","","",""
"E240","pva","9","VL_AJ_ITEM","Valor do ajuste para a operação/item","N","","2","O","",""
"E240","pva","10","CHV_DOCE","Chave do documento eletrônico","C","044*","","","",""
"E250","pva","1","REG","Texto fixo contendo “E250”","C","004*","","","",""
"E250","pva","2","COD_OR","Código da obrigação a recolher, conforme a TABELA DE CÓDIGOS DAS OBRIGAÇÕES DE ICMS A RECOLHER","N","003*","","O","",""
"E250","pva","3","VL_OR","Valor da obrigação ICMS ST a recolher","N","","2","O","",""
"E250","pva","4","DT_VCTO","Data de vencimento da obrigação","D","008*","","O","",""
"E250","pva","5","COD_REC","Código de receita referente à obrigação, próprio da unidade da federação","C","","","O","",""
"E250","pva","6","NUM_PROC","Número do processo ou auto de infração ao qual a obrigação está vinculada, se houver","C","060","","","",""
"E250","pva","7","IND_PROC","Indicador da origem do processo","C","001","","","",""
"E250","pva","8","PROC","Descrição resumida do processo que embasou o lançamento","C","","","","",""
"E250","pva","9","TXT_COMPL","Descrição complementar das obrigações a recolher","C","","","","",""
"E250","pva","10","MES_REF","Mês de referência no formato (MMAAAA)","N","006*","","O","",""
"E300","pva","1","REG","Texto fixo contendo “E300”","C","004*","","","",""
"E300","pva","2","UF","Sigla da unidade da federação a que se refere a apuração do FCP e do ICMS Diferencial de Alíquota da UF de Origem/Destino","C","002*","","O","",""
"E300","pva","3","DT_INI","Data inicial a que a apuração se refere","D","008*","","O","",""
"E300","pva","4","DT_FIN","Data final a que a apuração se refere","D","008*","","O","",""
"E310","pva","1","REG","Texto fixo contendo “E310”","C","004*","","O","",""
"E310","pva","2","IND_MOV_DIFAL","Indicador de movimento:","N","001","","O","",""
"E310","pva","3","VL_SLD_CRED_ANT_DIFAL","Valor do saldo credor de período anterior – ICMS diferencial de alíquota da UF de origem/destino","N","","2","O","",""
"E310","pva","4","VL_TOT_DEBITOS_DIFAL","Valor total dos débitos por saídas e prestações com débito do ICMS referente ao diferencial de alíquota devido à UF de Origem/Destino","N","","2","O","",""
"E310","pva","5","VL_OUT_DEB_DIFAL","Valor total dos ajustes outros débitos ICMS diferencial de alíquota da UF de origem/destino e estorno de créditos ICMS diferencial de alíquota da UF de origem/destino","N","","2","O","",""
"E310","pva","6","VL_TOT_CREDITOS_DIFAL","Valor total dos créditos do ICMS referente ao diferencial de alíquota devido à UF de Origem/Destino","N","","2","O","",""
"E310","pva","7","VL_OUT_CRED_DIFAL","Valor total de ajustes outros créditos ICMS diferencial de alíquota da UF de origem/destino e estorno de débitos ICMS diferencial de alíquota da UF de origem/destino","N","","2","O","",""
"E310","pva","8","VL_SLD_DEV_ANT_DIFAL","Valor total de saldo devedor ICMS diferencial de alíquota da UF de origem/destino antes das deduções","N","","2","O","",""
"E310","pva","9","VL_DEDUCOES_DIFAL","Valor total dos ajustes Deduções ICMS diferencial de alíquota da UF de origem/destino","N","","2","O","",""
"E310","pva","10","VL_RECOL","Valor recolhido ou a recolher referente ao ICMS Diferencial de Alíquota da UF de Origem/Destino (08-09)","N","","2","O","",""
"E310","pva","11","VL_SLD_CRED_TRANSPORTAR","Saldo credor a transportar para o período seguinte referente ao ICMS Diferencial de Alíquota da UF de Origem/Destino","N","","2","O","",""
"E310","pva","12","DEB_ESP_DIFAL","Valores recolhidos ou a recolher, extraapuração - ICMS Diferencial de Alíquota da UF de Origem/Destino","N","","2","O","",""
"E310","pva","13","VL_SLD_CRED_ANT_FCP","Valor do Saldo credor de período anterior – FCP","N","","2","O","",""
"E310","pva","14","VL_TOT_DEB_FCP","Valor total dos débitos FCP por saídas e prestações","N","","2","O","",""
"E310","pva","15","VL_OUT_DEB_FCP","Valor total dos ajustes Outros débitos FCP e Estorno de créditos FCP","N","","2","O","",""
"E310","pva","16","VL_TOT_CRED_FCP","Valor total dos créditos FCP por Entradas","N","","2","O","",""
"E310","pva","17","VL_OUT_CRED_FCP","Valor total de ajustes Outros Créditos FCP e Estorno de Débitos FCP","N","","2","O","",""
"E310","pva","18","VL_SLD_DEV_ANT_FCP","Valor total de Saldo devedor FCP antes das deduções","N","","2","O","",""
"E310","pva","19","VL_DEDUCOES_FCP","Valor total das deduções FCP","N","","2","O","",""
"E310","pva","20","VL_RECOL_FCP","Valor recolhido ou a recolher referente ao FCP (18–19)","N","","2","O","",""
"E310","pva","21","VL_SLD_CRED_TRANSPORTAR_FCP","Saldo credor a transportar para o período seguinte referente ao FCP","N","","2","O","",""
"E310","pva","22","DEB_ESP_FCP","Valores recolhidos ou a recolher, extra-apuração FCP","N","","2","O","",""
"E311","pva","1","REG","Texto fixo contendo “E311”","C","004*","","","",""
"E311","pva","2","COD_AJ_APUR","Código do ajuste da apuração e dedução, conforme a Tabela indicada no item 5.1.1","C","008*","","O","",""
"E311","pva","3","DESCR_COMPL_AJ","Descrição complementar do ajuste da apuração","C","","","","",""
"E311","pva","4","VL_AJ_APUR","Valor do ajuste da apuração","N","","2","O","",""
"E312","pva","1","REG","Texto fixo contendo “E312”","C","004*","","","",""
"E312","pva","2","NUM_DA","Número do documento de arrecadação estadual, se houver","C","","","","",""
"E312","pva","3","NUM_PROC","Número do processo ao qual o ajuste está vinculado, se houver","C","060","","","",""
"E312","pva","4","IND_PROC","Indicador da origem do processo","C","001*","","","",""
"E312","pva","5","PROC","Descrição resumida do processo que embasou o lançamento","C","","","","",""
"E312","pva","6","TXT_COMPL","Descrição complementar","C","","","","",""
"E313","pva","1","REG","Texto fixo contendo “E313”","C","004*","","","",""
"E313","pva","2","COD_PART","Código do participante (campo 02 do registro 0150):- do emitente do documento ou do remetente das mercadorias, no caso de entradas;- do adquirente, no caso de saídas","C","060","","O","",""
"E313","pva","3","COD_MOD","Código do modelo do documento fiscal, conforme a tabela 4.1.1","C","002*","","O","",""
"E313","pva","4","SER","Série do documento fiscal","C","004","","","",""
"E313","pva","5","SUB","Subserie do documento fiscal","N","003","","","",""
"E313","pva","6","NUM_DOC","Número do documento fiscal","N","009","","O","",""
"E313","pva","7","CHV_DOCE","Chave do documento eletrônico","C","044*","","","",""
"E313","pva","8","DT_DOC","Data da emissão do documento fiscal (DDMMAAAA)","D","008*","","O","",""
"E313","pva","9","COD_ITEM","Código do item (campo 02 do registro 0200)","C","060","","","",""
"E313","pva","10","VL_AJ_ITEM","Valor do ajuste para a operação/item","N","","2","O","",""
"E316","pva","1","REG","Texto fixo contendo “E316”","C","004*","","","",""
"E316","pva","2","COD_OR","Código da obrigação a recolher, conforme a tabela 5.4 (tabela de códigos das obrigações de ICMS a recolher)","C","003*","","O","",""
"E316","pva","3","VL_OR","Valor da obrigação recolhida ou a recolher - diferencial de alíquota - UF origem/estino EC87/15","N","","2","O","",""
"E316","pva","4","DT_VCTO","Data de vencimento da obrigação","D","008*","","O","",""
"E316","pva","5","COD_REC","Código de receita referente à obrigação, próprio da unidade da federação","C","","","O","",""
"E316","pva","6","NUM_PROC","Número do processo ou auto de infração ao qual a obrigação está vinculada, se houver","C","060","","","",""
"E316","pva","7","IND_PROC","Indicador da origem do processo","C","001*","","","",""
"E316","pva","8","PROC","Descrição resumida do processo que embasou o lançamento","C","","","","",""
"E316","pva","9","TXT_COMPL","Descrição complementar das obrigações a recolher","C","","","","",""
"E316","pva","10","MES_REF","Informe o mês de referência no formato “mmaaaa”","N","006*","","O","",""
"E500","pva","1","REG","Texto fixo contendo “E500”","C","004*","","","",""
"E500","pva","2","IND_APUR","Indicador de período de apuração do IPI: 0 - Mensal; 1 - Decendial","C","001","","O","",""
"E500","pva","3","DT_INI","Data inicial a que a apuração se refere","D","008*","","O","",""
"E500","pva","4","DT_FIN","Data final a que a apuração se refere","D","008*","","O","",""
"E510","pva","1","REG","Texto fixo contendo “E510”","C","004*","","","",""
"E510","pva","2","CFOP","Código Fiscal de Operação e Prestação do agrupamento de itens","N","004*","","O","",""
"E510","pva","3","CST_IPI","Código da Situação Tributária referente ao IPI","C","002*","","O","",""
"E510","pva","4","VL_CONT_IPI","Parcela correspondente ao valor contábil referente ao CFOP e ao Código de Tributação do IPI","N","","2","O","",""
"E510","pva","5","VL_BC_IPI","Parcela correspondente ao valor da base de cálculo do IPI referente ao CFOP e ao Código de Tributação do IPI, para operações tributadas","N","","2","O","",""
"E510","pva","6","VL_IPI","Parcela correspondente ao valor do IPI referente ao CFOP e ao Código de Tributação do IPI, para operações tributadas","N","","2","O","",""
"E520","pva","1","REG","Texto fixo contendo “E520”","C","004*","","O","",""
"E520","pva","2","VL_SD_ANT_IPI","Saldo credor do IPI transferido do período anterior","N","","2","O","",""
"E520","pva","3","VL_DEB_IPI","Valor total dos débitos do IPI por saídas com débito do imposto","N","","2","O","",""
"E520","pva","4","VL_CRED_IPI","Valor total dos créditos do IPI por entradas e aquisições com crédito do imposto","N","","2","O","",""
"E520","pva","5","VL_OD_IPI","Valor de outros débitos do IPI (inclusive estornos de crédito)","N","","2","O","",""
"E520","pva","6","VL_OC_IPI","Valor de outros créditos do IPI (inclusive estornos de débitos)","N","","2","O","",""
"E520","pva","7","VL_SC_IPI","Valor do saldo credor do IPI a transportar para o período seguinte","N","","2","O","",""
"E520","pva","8","VL_SD_IPI","Valor do saldo devedor do IPI a recolher","N","","2","O","",""
"E530","pva","1","REG","Texto fixo contendo “E530”","C","004*","","","",""
"E530","pva","2","IND_AJ","Indicador do tipo de ajuste","C","001","","O","",""
"E530","pva","3","VL_AJ","Valor do ajuste","N","","2","O","",""
"E530","pva","4","COD_AJ","Código do ajuste da apuração, conforme a Tabela Código de Ajuste da Apuração do IPI – Tabela publicada pela RFB","C","003*","","O","",""
"E530","pva","5","IND_DOC","Indicador da origem do documento vinculado ao ajuste","C","001","","O","",""
"E530","pva","6","NUM_DOC","Número do documento/processo/declaração ao qual o ajuste está vinculado, se houver","C","","","","",""
"E530","pva","7","DESCR_AJ","Descrição resumida do ajuste","C","","","O","",""
"E531","pva","1","REG","Texto fixo contendo “E531”","C","004*","","","",""
"E531","pva","2","COD_PART","Código do participante (campo 02 do Registro 0150) - do emitente do documento ou do remetente das mercadorias, no caso de entradas - do adquirente, no caso de saídas","C","060","","","",""
"E531","pva","3","COD_MOD","Código do modelo do documento fiscal, conforme a Tabela 4.1.1","C","002*","","O","",""
"E531","pva","4","SER","Série do documento fiscal","C","004","","","",""
"E531","pva","5","SUB","Subsérie do documento fiscal","N","003","","","",""
"E531","pva","6","NUM_DOC","Número do documento fiscal","N","009","","O","",""
"E531","pva","7","DT_DOC","Data da emissão do documento fiscal (DDMMAAAA)","D","008*","","O","",""
"E531","pva","8","COD_ITEM","Código do item (campo 02 do Registro 0200)","C","","","","",""
"E531","pva","9","VL_AJ_ITEM","Valor do ajuste para a operação/item","N","","2","O","",""
"E531","pva","10","CHV_NFE","Chave da Nota Fiscal Eletrônica","C","044*","","","",""
"E990","pva","1","REG","Texto fixo contendo “E990”","C","004*","","O","",""
"E990","pva","2","QTD_LIN_E","Quantidade total de linhas do Bloco E","N","","","O","",""
"G001","pva","1","REG","Texto fixo contendo “G001”","C","004*","","O","",""
"G001","pva","2","IND_MOV","Indicador de movimento","C","001","","O","",""
"G110","pva","1","REG","Texto fixo contendo “G110”","C","004*","","","",""
"G110","pva","2","DT_INI","Data inicial a que a apuração se refere","D","008*","","O","",""
"G110","pva","3","DT_FIN","Data final a que a apuração se refere","D","008*","","O","",""
"G110","pva","4","SALDO_IN_ICMS","Saldo inicial de ICMS do CIAP, composto por ICMS de bens que entraram anteriormente ao período de apuração","N","","2","O","",""
"G110","pva","5","SOM_PARC","Somatório das parcelas de ICMS passível de apropriação de cada bem – campo 10 do G125","N","","2","O","",""
"G110","pva","6","VL_TRIB_EXP","Valor do somatório das saídas tributadas e saídas para exportação","N","","2","O","",""
"G110","pva","7","VL_TOTAL","Valor total de saídas","N","","2","O","",""
"G110","pva","8","IND_PER_SAI","Índice de participação do valor do somatório das saídas tributadas e saídas para exportação no valor total de saídas (Campo 06 dividido pelo campo 07)","N","","8","O","",""
"G110","pva","9","ICMS_APROP","Parcela de ICMS a ser apropriada no Registro de Apuração do ICMS","N","","2","O","",""
"G110","pva","10","SOM_ICMS_OC","Valor de outras parcelas a ser apropriada na Apuração do ICMS, correspondente ao somatório do campo 09 do registro G126","N","","2","O","",""
"G125","pva","1","REG","Texto fixo contendo “G125”","C","004*","","O","",""
"G125","pva","2","COD_IND_BEM","Código individualizado do bem ou componente adotado no controle patrimonial do estabelecimento informante. (campo 2 do registro 0300)","C","060","","O","",""
"G125","pva","3","DT_MOV","Data da movimentação ou do saldo inicial","D","008*","","O","",""
"G125","pva","4","TIPO_MOV","Tipo de movimentação do bem ou componente","C","002*","","O","",""
"G125","pva","5","VL_IMOB_ICMS_OP","Valor do ICMS da Operação Própria na entrada do bem ou componente","N","","2","","",""
"G125","pva","6","VL_IMOB_ICMS_ST","Valor do ICMS da Oper. por Sub. Tributária na entrada do bem ou componente","N","","2","","",""
"G125","pva","7","VL_IMOB_ICMS_FRT","Valor do ICMS sobre Frete do Conhecimento de Transporte na entrada do bem ou componente","N","","2","","",""
"G125","pva","8","VL_IMOB_ICMS_DIF","Valor do ICMS - Diferencial de Alíquota, conforme Doc. de Arrecadação, na entrada do bem ou componente","N","","2","","",""
"G125","pva","9","NUM_PARC","Número da parcela do ICMS","N","003","","","",""
"G125","pva","10","VL_PARC_PASS","Valor da parcela de ICMS passível de apropriação - antes da aplicação da participação percentual do valor das saídas tributadas/exportação sobre as saídas totais (Modelo D)","N","","2","","",""
"G126","pva","1","REG","Texto fixo contendo “G126”","C","004*","","","",""
"G126","pva","2","DT_INI","Data inicial do período de apuração","D","008*","","O","",""
"G126","pva","3","DT_FIN","Data final do período de apuração","D","008*","","O","",""
"G126","pva","4","NUM_PARC","Número da parcela do ICMS","N","003","","O","",""
"G126","pva","5","VL_PARC_PASS","Valor da parcela de ICMS passível de apropriação - antes da aplicação da participação percentual do valor das saídas tributadas/exportação sobre as saídas totais","N","","2","O","",""
"G126","pva","6","VL_TRIB_OC","Valor do somatório das saídas tributadas e saídas para exportação no período indicado neste registro","N","","2","O","",""
"G126","pva","7","VL_TOTAL","Valor total de saídas no período indicado neste registro","N","","2","O","",""
"G126","pva","8","IND_PER_SAI","Índice de participação do valor do somatório das saídas tributadas e saídas para exportação no valor total de saídas (Campo 06 dividido pelo campo 07)","N","","8","O","",""
"G126","pva","9","VL_PARC_APROP","Valor da parcela apropriada de ICMS","N","","2","O","",""
"G130","pva","1","REG","Texto fixo contendo “G130”","C","004*","","","",""
"G130","pva","2","IND_EMIT","Indicador do emitente do documento fiscal","C","001*","","O","",""
"G130","pva","3","COD_PART","Código do participante (campo 02 do Registro 0150): - do emitente do documento ou do remetente das mercadorias, no caso de entradas; - do adquirente, no caso de saídas","C","060","","O","",""
"G130","pva","4","COD_MOD","Código do modelo do documento fiscal, conforme a tabela de Codificação dos Documentos","C","002*","","O","",""
"G130","pva","5","SERIE","Série do documento fiscal","C","003","","","",""
"G130","pva","6","NUM_DOC","Número do documento fiscal","N","009","","O","",""
"G130","pva","7","CHV_NFE_CTE","Chave do documento fiscal eletrônico","C","044*","","","",""
"G130","pva","8","DT_DOC","Data da emissão do documento fiscal (DDMMAAAA)","D","008*","","O","",""
"G130","pva","9","NUM_DA","Número do documento de arrecadação","C","","","","",""
"G140","pva","1","REG","Texto fixo contendo “G140”","C","004*","","O","",""
"G140","pva","2","NUM_ITEM","Número seqüencial do item no documento fiscal","N","003","","O","",""
"G140","pva","3","COD_ITEM","Código do item (campo 02 do Registro 0200)","C","060","","O","",""
"G140","pva","4","QTDE","Quantidade, deste item da nota fiscal, que foi aplicada neste bem, expressa na mesma unidade constante no documento fiscal de entrada","N","","5","O","",""
"G140","pva","5","UNID","Unidade do item constante no documento fiscal de entrada","C","006","","O","",""
"G140","pva","6","VL_ICMS_OP_APLICADO","Valor do ICMS da Operação Própria na entrada do item, proporcional à quantidade aplicada no bem ou componente.","N","","2","O","",""
"G140","pva","7","VL_ICMS_ST_APLICADO","Valor do ICMS ST na entrada do item, proporcional à quantidade aplicada no bem ou componente","N","","2","O","",""
"G140","pva","8","VL_ICMS_FRT_APLICADO","Código do item (campo 02 do Registro 0200)","N","","2","O","",""
"G140","pva","9","VL_ICMS_DIF_APLICADO","Valor do ICMS Diferencial de Alíquota, na entrada do item, proporcional à quantidade aplicada no bem ou componente","N","","2","O","",""
"G990","pva","1","REG","Texto fixo contendo “G990”","C","004*","","O","",""
"G990","pva","2","QTD_LIN_G","Quantidade total de linhas do Bloco G","N","","","O","",""
"H001","pva","1","REG","Texto fixo contendo “H001”","C","004*","","O","",""
"H001","pva","2","IND_MOV","Indicador de movimento","C","001","","O","",""
"H005","pva","1","REG","Texto fixo contendo “H005”","C","004*","","OC","",""
"H005","pva","2","DT_INV","Data do inventário","D","008*","","O","",""
"H005","pva","3","VL_INV","Valor total do estoque","N","","2","O","",""
"H005","pva","4","MOT_INV","Informe o motivo do Inventário: 01 – No final no período; 02 – Na mudança de forma de tributação da mercadoria (ICMS); 03 – Na solicitação da baixa cadastral, paralisação temporária; 04 – Na alteração de regime de pagamento – condição do contribuinte; 05 – Por determinação dos fiscos","C","002*","","O","",""
"H010","pva","1","REG","Texto fixo contendo “H010”","C","004*","","","",""
"H010","pva","2","COD_ITEM","Código do item (campo 02 do Registro 0200)","C","060","","O","",""
"H010","pva","3","UNID","Unidade do item (Campo 06 do registro 0200)","C","006","","O","",""
"H010","pva","4","QTD","Quantidade do item","N","","3","O","",""
"H010","pva","5","VL_UNIT","Valor unitário do item","N","","6","O","",""
"H010","pva","6","VL_ITEM","Valor do item","N","","2","O","",""
"H010","pva","7","IND_PROP","Indicador de propriedade/posse do item","C","001","","O","",""
"H010","pva","8","COD_PART","Código do participante (campo 02 do Registro 0150): - proprietário/possuidor que não seja o informante do arquivo","C","060","","","",""
"H010","pva","9","TXT_COMPL","Descrição complementar","C","","","","",""
"H010","pva","10","COD_CTA","Código da conta analítica contábil debitada/creditada","C","","","","",""
"H010","pva","11","VL_ITEM_IR","Valor do item para efeitos do Imposto de Renda","N","","2","","",""
"H020","pva","1","REG","Texto fixo contendo “H020”","C","004*","","","",""
"H020","pva","2","CST_ICMS","Código da Situação Tributária referente ao ICMS, conforme a Tabela indicada no item 4.3.1","N","003*","","O","",""
"H020","pva","3","BL_ICMS","Informe a base de cálculo do ICMS","N","","2","O","",""
"H020","pva","4","VL_ICMS","Informe o valor do ICMS a ser debitado ou creditado","N","","2","O","",""
"H030","pva","1","REG","Texto fixo contendo “H030”","C","004*","","","",""
"H030","pva","2","VL_ICMS_OP","Valor médio unitário do ICMS OP","N","","6","O","",""
"H030","pva","3","VL_BC_ICMS_ST","Valor médio unitário da Base de Cálculo do ICMS ST, incluindo FCP ST","N","","6","O","",""
"H030","pva","4","VL_ICMS_ST","Valor médio unitário do ICMS ST","N","","6","O","",""
"H030","pva","5","VL_FCP","Valor médio unitário de FCP ST","N","","6","O","",""
"H990","pva","1","REG","Texto fixo contendo “H990”","C","004*","","O","",""
"H990","pva","2","QTD_LIN_H","Quantidade total de linhas do Bloco H","N","","","O","",""
"K001","pva","1","REG","Texto fixo contendo “K001”","C","004*","","O","",""
"K001","pva","2","IND_MOV","Indicador de movimento","N","001","","O","",""
"K010","pva","1","REG","Texto fixo contendo “K010”","C","004*","","OC","",""
"K010","pva","2","IND_TP_LEIAUTE","Indicador de tipo de leiaute adotado:(0-Leiaute simplificado/1-Leiaute completo)","N","001*","","O","",""
"K100","pva","1","REG","Texto fixo contendo “K100”","C","004*","","","",""
"K100","pva","2","DT_INI","Data inicial a que a apuração se refere","D","008*","","O","",""
"K100","pva","3","DT_FIN","Data final a que a apuração se refere","D","008*","","O","",""
"K200","pva","1","REG","Texto fixo contendo “K200”","C","004*","","","",""
"K200","pva","2","DT_EST","Data do estoque final","D","008*","","O","",""
"K200","pva","3","COD_ITEM","Código do item (campo 02 do Registro 0200)","C","060","","O","",""
"K200","pva","4","QTD","Quantidade em estoque","N","017","3","O","",""
"K200","pva","5","IND_EST","Indicador do tipo de estoque","C","001","","O","",""
"K200","pva","6","COD_PART","Código do participante (campo 02 do Registro 0150):- proprietário/possuidor que não seja o informante do arquivo","C","060","","","",""
"K210","pva","1","REG","Texto fixo contendo “K210”","C","004*","","","",""
"K210","pva","2","DT_INI_OS","Data de início da ordem de serviço","D","008*","","","",""
"K210","pva","3","DT_FIN_OS","Data de conclusão da ordem de serviço","D","008*","","","",""
"K210","pva","4","COD_DOC_OS","Código de identificação da ordem de serviço","C","030","","","",""
"K210","pva","5","COD_ITEM_ORI","Código do item de origem (campo 02 do Registro 0200)","C","060","","O","",""
"K210","pva","6","QTD_ORI","Quantidade de origem - saída do estoque","N","","6","O","",""
"K215","pva","1","REG","Texto fixo contendo “K215”","C","004*","","","",""
"K215","pva","2","COD_ITEM_DEST"," Código do item de destino (campo 02 do Registro 0200)","C","060","","O","",""
"K215","pva","3","QTD_DES","Quantidade de destino – entrada em estoque","N","","6","O","",""
"K220","pva","1","REG","Texto fixo contendo “K220”","C","004*","","","",""
"K220","pva","2","DT_MOV","Data da movimentação interna","D","008*","","O","",""
"K220","pva","3","COD_ITEM_ORI","Código do item de origem (campo 02 do Registro 0200)","C","060","","O","",""
"K220","pva","4","COD_ITEM_DEST","Código do item de destino (campo 02 do Registro 0200)","C","060","","O","",""
"K220","pva","5","QTD_ORI","Quantidade movimentada do item de origem codificado no campo 03","N","017","6","O","",""
"K220","pva","6","QTD_DEST","Quantidade movimentada do item de destino codificado no campo 04","N","017","6","O","",""
"K230","pva","1","REG","Texto fixo contendo “K230”","C","004*","","","",""
"K230","pva","2","DT_INI_OP","Data de início da ordem de produção","D","008*","","","",""
"K230","pva","3","DT_FIN_OP","Data de conclusão da ordem de produção","D","008*","","","",""
"K230","pva","4","COD_DOC_OP","Código de identificação da ordem de produção","C","030","","","",""
"K230","pva","5","COD_ITEM","Código do item produzido (campo 02 do Registro 0200)","C","060","","O","",""
"K230","pva","6","QTD_ENC","Quantidade de produção acabada","N","017","6","O","",""
"K235","pva","1","REG","Texto fixo contendo “K235”","C","004*","","","",""
"K235","pva","2","DT_SAIDA","Data de saída do estoque para alocação ao produto","D","008*","","O","",""
"K235","pva","3","COD_ITEM","Código do item componente/insumo (campo 02 do Registro 0200)","C","060","","O","",""
"K235","pva","4","QTD","Quantidade consumida do item","N","017","6","O","",""
"K235","pva","5","COD_INS_SUBST","Código do insumo que foi substituído, caso ocorra a substituição (campo 02 do Registro 0210)","C","","","","",""
"K250","pva","1","REG","Texto fixo contendo “K250”","C","004*","","","",""
"K250","pva","2","DT_PROD","Data do reconhecimento da produção ocorrida no terceiro","D","008*","","O","",""
"K250","pva","3","COD_ITEM","Código do item produzido (campo 02 do Registro 0200)","C","060","","O","",""
"K250","pva","4","QTD","Quantidade produzida","N","017","6","O","",""
"K255","pva","1","REG","Texto fixo contendo “K255”","C","004*","","OC","",""
"K255","pva","2","DT_CONS","Data do reconhecimento do consumo do insumo (referente ao produto informado no campo 04 do Registro K250) ","D","008*","","O","",""
"K255","pva","3","COD_ITEM","Código do insumo (campo 02 do Registro 0200)","C","060","","O","",""
"K255","pva","4","QTD","Quantidade de consumo do insumo","N","017","6","O","",""
"K255","pva","5","COD_INS_SUBST","Código do insumo que foi substituído, caso ocorra a substituição (campo 02 do Registro 0210)","C","060","","","",""
"K260","pva","1","REG","Texto fixo contendo “K260”","C","004*","","","",""
"K260","pva","2","COD_OP_OS"," Código de identificação da ordem de produção, no reprocessamento, ou da ordem de serviço, no reparo","C","030","","","",""
"K260","pva","3","COD_ITEM","Código do produto/insumo a ser reprocessado/reparado ou já reprocessado/reparado (campo 02 do Registro 0200)","C","060","","O","",""
"K260","pva","4","DT_SAIDA"," Data de saída do estoque","D","008*","","O","",""
"K260","pva","5","QTD_SAIDA","Quantidade de saída do estoque","N","","6","O","",""
"K260","pva","6","DT_RET","Data de retorno ao estoque (entrada)","D","008*","","","",""
"K260","pva","7","QTD_RET","Quantidade de retorno ao estoque (entrada)","N","","6","","",""
"K265","pva","1","REG","Texto fixo contendo “K265”","C","004*","","","",""
"K265","pva","2","COD_ITEM","Código do produto/insumo a ser reprocessado/reparado ou já reprocessado/reparado (campo 02 do Registro 0200)","C","060","","O","",""
"K265","pva","3","QTD_CONS","Quantidade consumida – saída do estoque","N","","6","","",""
"K265","pva","4","QTD_RET","Quantidade retornada – entrada em estoque","N","","6","","",""
"K270","pva","1","REG","Texto fixo contendo “K270”","C","004*","","","",""
"K270","pva","2","DT_INI_AP"," Data inicial do período de apuração em que ocorreu o apontamento que está sendo corrigido","D","008*","","","",""
"K270","pva","3","DT_FIN_AP","Data final do período de apuração em que ocorreu o apontamento que está sendo corrigido","D","008*","","","",""
"K270","pva","4","COD_OP_OS","Código de identificação da ordem de produção ou da ordem de serviço que está sendo corrigida","C","030","","","",""
"K270","pva","5","COD_ITEM"," Código da mercadoria que está sendo corrigido (campo 02 do Registro 0200)","C","060","","O","",""
"K270","pva","6","QTD_COR_POS","Quantidade de correção positiva de apontamento ocorrido em período de apuração anterior","N","","6","","",""
"K270","pva","7","QTD_COR_NEG","Quantidade de correção negativa de apontamento ocorrido em período de apuração anterior","N","","6","","",""
"K270","pva","8","ORIGEM","Origem do apontamento","C","001*","","O","",""
"K275","pva","1","REG","Texto fixo contendo “K275”","C","004*","","","",""
"K275","pva","2","COD_ITEM","Código da mercadoria (campo 02 do Registro 0200)","C","060","","O","",""
"K275","pva","3","QTD_COR_POS","Quantidade de correção positiva de apontamento ocorrido em período de apuração anterior","N","","6","","",""
"K275","pva","4","QTD_COR_NEG","Quantidade de correção negativa de apontamento ocorrido em período de apuração anterior","N","","6","","",""
"K275","pva","5","COD_INS_SUBST","Código do insumo que foi substituído, caso ocorra a substituição, relativo aos Registros K235/K255 (campo 02 do Registro 0200)","C","060","","","",""
"K280","pva","1","REG","Texto fixo contendo “K280”","C","004*","","","",""
"K280","pva","2","DT_EST","Data do estoque final escriturado que está sendo corrigido","D","008*","","O","",""
"K280","pva","3","COD_ITEM"," Código do produto/insumo a ser reprocessado/reparado ou já reprocessado/reparado (campo 02 do Registro 0200)","C","060","","O","",""
"K280","pva","4","QTD_COR_POS","Quantidade de correção positiva de apontamento ocorrido em período de apuração anterior","N","","3","","",""
"K280","pva","5","QTD_COR_NEG","Quantidade de correção negativa de apontamento ocorrido em período de apuração anterior","N","","3","","",""
"K280","pva","6","IND_EST","Indicador do tipo de estoque","C","001","","O","",""
"K280","pva","7","COD_PART","Código do participante-fornecedor da mercadoria destinada à exportação (campo 02 do Registro 0150)","C","060","","","",""
"K290","pva","1","REG","Texto fixo contendo “K290”","C","004*","","","",""
"K290","pva","2","DT_INI_OP","Data de início da ordem de produção","D","008*","","","",""
"K290","pva","3","DT_FIN_OP","Data de conclusão da ordem de produção","D","008*","","","",""
"K290","pva","4","COD_DOC_OP","Código de identificação da ordem de produção","C","030","","","",""
"K291","pva","1","REG","Texto fixo contendo “K291”","C","004*","","","",""
"K291","pva","2","COD_ITEM","Código do item produzido (campo 02 do Registro 0200)","C","060","","O","",""
"K291","pva","3","QTD"," Quantidade de produção acabada","N","","6","O","",""
"K292","pva","1","REG","Texto fixo contendo “K292”","C","004*","","","",""
"K292","pva","2","COD_ITEM","Código do insumo/componente consumido (campo 02 do Registro 0200)","C","060","","O","",""
"K292","pva","3","QTD","Quantidade consumida","N","","6","O","",""
"K300","pva","1","REG","Texto fixo contendo “K300”","C","004*","","","",""
"K300","pva","3","DT_PROD","Data do reconhecimento da produção ocorrida no terceiro","D","008*","","O","",""
"K301","pva","1","REG","Texto fixo contendo “K301”","C","004*","","O","",""
"K301","pva","2","COD_ITEM","Código do item produzido (campo 02 do Registro 0200)","C","060","","O","",""
"K301","pva","3","QTD","Quantidade produzida","N","","6","O","",""
"K302","pva","1","REG","Texto fixo contendo “K302”","C","004*","","OC","",""
"K302","pva","2","COD_ITEM","Código do insumo (campo 02 do Registro 0200)","C","060","","O","",""
"K302","pva","3","QTD","Quantidade consumida","N","","6","O","",""
"K990","pva","1","REG","Texto fixo contendo “K990”","C","004*","","O","",""
"K990","pva","2","QTD_LIN_K","Quantidade total de linhas do Bloco K","N","","","O","",""
"1001","pva","1","REG","Texto fixo contendo “1001”","C","004*","","O","",""
"1001","pva","2","IND_MOV","Indicador de movimento","N","001","","O","",""
"1010","pva","1","REG","Texto fixo contendo “1010”","C","004*","","O","",""
"1010","pva","2","IND_EXP","Reg. 1100 - Ocorreu averbação (conclusão) de exportação no período:S – Sim;N – Não","C","001*","","O","",""
"1010","pva","3","IND_CCRF","Reg. 1200 – Existem informações acerca de créditos de ICMS a serem controlados, definidos pela Sefaz:S – Sim;N – Não","C","001*","","O","",""
"1010","pva","4","IND_COMB","Reg. 1300 – É comercio varejista de combustíveis com movimentação e/ou estoque no período:S – Sim;N – Não","C","001*","","O","",""
"1010","pva","5","IND_USINA","Reg. 1390 – Usinas de açúcar e/álcool - O estabelecimento é produtor de açúcar e/ou álcool carburante com movimentação e/ou estoque no período:S – Sim;N – Não","C","001*","","O","",""
"1010","pva","6","IND_VA","Reg 1400 – Sendo o registro obrigatório em sua Unidade de Federação, existem informações a serem prestadas neste registro:S – Sim;N – Não","C","001*","","O","",""
"1010","pva","7","IND_EE","Reg 1500 - A empresa é distribuidora de energia e ocorreu fornecimento de energia elétrica para consumidores de outra UF:S – Sim;N – Não","C","001*","","O","",""
"1010","pva","8","IND_CART","Reg 1601 - Realizou vendas com instrumentos eletrônicos de pagamento:S – Sim;N – Não","C","001*","","O","",""
"1010","pva","9","IND_FORM","Reg. 1700 - Foram emitidos documentos fiscais em papel no período em unidade da federação que exija o controle de utilização de documentos fiscais:S – Sim;N – Não","C","001*","","O","",""
"1010","pva","10","IND_AER","Reg 1800 – A empresa prestou serviços de transporte aéreo de cargas e de passageiros:S – Sim;N – Não","C","001*","","O","",""
"1010","pva","11","IND_GIAF1","Reg. 1960 – Possui informações GIAF1?:S – Sim;N – Não","C","001*","","O","",""
"1010","pva","12","IND_GIAF3","Reg. 1970 – Possui informações GIAF3?:S – Sim;N – Não","C","001*","","O","",""
"1010","pva","13","IND_GIAF4","Reg. 1980 – Possui informações GIAF4?:S – Sim;N – Não","C","001*","","O","",""
"1010","pva","14","IND_REST_RESSARC_COMPL_ICMS","Reg. 1250 – Possui informações consolidadas de saldos de restituição, ressarcimento e complementação do ICMS:S – Sim;N – Não","C","001*","","O","",""
"1100","pva","1","REG","Texto fixo contendo “1100”","C","004*","","","",""
"1100","pva","2","IND_DOC","Indicador do tipo de documento: 0 – Declaração de Exportação; 1 - Declaração Simplificada de Exportação","N","001","","O","",""
"1100","pva","3","NRO_DE","Número da declaração","C","014","","O","",""
"1100","pva","4","DT_DE","Data da Declaração (DDMMAAAA)","D","008*","","O","",""
"1100","pva","5","NAT_EXP","Indicador do tipo de exportação: 0 - Exportação Direta; 1 - Exportação Indireta","N","001","","O","",""
"1100","pva","6","NRO_RE","Nº do registro de exportação","N","012","","","",""
"1100","pva","7","DT_RE","Data do registro de exportação (DDMMAAAA)","D","008*","","","",""
"1100","pva","8","CHC_EMB","Nº do conhecimento de embarque","C","018","","","",""
"1100","pva","9","DT_CHC","Data do conhecimento de embarque (DDMMAAAA)","D","008*","","","",""
"1100","pva","10","DT_AVB","Data da averbação da declaração de exportação (DDMMAAAA)","D","008*","","O","",""
"1100","pva","11","TP_CHC","Informação do tipo de conhecimento de transporte, conforme tabela de tipo de documento de carga do SISCOMEX","N","002*","","O","",""
"1100","pva","12","PAIS","Código do país de destino da mercadoria, conforme tabela do SISCOMEX","N","003","","O","",""
"1105","pva","1","REG","Texto fixo contendo “1105”","C","004*","","","",""
"1105","pva","2","COD_MOD","Código do modelo da Nota Fiscal, conforme Tabela Documentos Fiscais do ICMS","C","002*","","O","",""
"1105","pva","3","SER","Série da Nota Fiscal","C","003","","","",""
"1105","pva","4","NUM_DOC","Número da Nota Fiscal de exportação emitida pelo exportador","N","009","","O","",""
"1105","pva","5","CHV_NFE","Chave da Nota Fiscal Eletrônica","C","044*","","","",""
"1105","pva","6","DT_DOC","Data da emissão da NF de exportação (DDMMAAAA)","D","008*","","O","",""
"1105","pva","7","COD_ITEM","Código do item (campo 02 do Registro 0200)","C","060","","O","",""
"1110","pva","1","REG","Texto fixo contendo “1110”","C","004*","","","",""
"1110","pva","2","COD_PART","Código do participante-fornecedor da mercadoria destinada à exportação (campo 02 do Registro 0150)","C","060","","O","",""
"1110","pva","3","COD_MOD","Código do documento fiscal, conforme a Tabela Documentos Fiscais do ICMS","C","002*","","O","",""
"1110","pva","4","SER","Série do documento fiscal recebido com fins específicos de exportação","C","004","","","",""
"1110","pva","5","NUM_DOC","Número do documento fiscal recebido com fins específicos de exportação","N","009","","O","",""
"1110","pva","6","DT_DOC","Data da emissão do documento fiscal (DDMMAAAA) recebido com fins específicos de exportação","D","008*","","O","",""
"1110","pva","7","CHV_NFE","Chave da Nota Fiscal Eletrônica","C","044*","","","",""
"1110","pva","8","NR_MEMO","Número do Memorando de Exportação","N","","","","",""
"1110","pva","9","QTD","Quantidade do item efetivamente exportado","N","","3","O","",""
"1110","pva","10","UNID","Unidade do item (Campo 02 do registro 0190)","C","006","","O","",""
"1200","pva","1","REG","Texto fixo contendo “1200”","C","004*","","","",""
"1200","pva","2","COD_AJ_APUR","Código de ajuste, conforme informado na Tabela de Códigos de Ajustes da Apuração do ICMS","C","008*","","O","",""
"1200","pva","3","SLD_CRED","Saldo de créditos fiscais de períodos anteriores","N","","2","O","",""
"1200","pva","4","CRED_APR","Total de crédito apropriado no mês","N","","2","O","",""
"1200","pva","5","CRED_RECEB","Total de créditos recebidos por transferência","N","","2","O","",""
"1200","pva","6","CRED_UTIL","Total de créditos utilizados no período","N","","2","O","",""
"1200","pva","7","SLD_CRED_FIM","Saldo de crédito fiscal acumulado a transportar para o período seguinte","N","","2","O","",""
"1210","pva","1","REG","Texto fixo contendo “1210”","C","004*","","","",""
"1210","pva","2","TIPO_UTIL","Tipo de utilização do crédito, conforme Tabela de Tipos de Utilização dos Créditos Fiscais","C","004","","O","",""
"1210","pva","3","NR_DOC","Número do documento utilizado na baixa de créditos","C","","","","",""
"1210","pva","4","VL_CRED_UTIL","Total de crédito utilizado","N","","2","O","",""
"1210","pva","5","CHV_DOCE","Chave do documento eletrônico","C","044*","","","",""
"1250","pva","1","REG","Texto fixo contendo “1250”","C","004*","","","",""
"1250","pva","2","VL_CREDITO_ICMS_OP","Valor total do ICMS OP creditado no desfazimento da ST","N","","2","O","",""
"1250","pva","3","VL_ICMS_ST_REST","Valor total do ICMS ST, incluindo FCP ST, a ser restituído/ressarcido","N","","2","O","",""
"1250","pva","4","VL_FCP_ST_REST","Parcela do FCP ST que compõe o campo anterior","N","","2","O","",""
"1250","pva","5","VL_ICMS_ST_COMPL","Valor total do complemento de ICMS ST, incluindo FCP ST","N","","2","O","",""
"1250","pva","6","VL_FCP_ST_COMPL","Parcela do FCP ST que compõe o campo anterior","N","","2","O","",""
"1255","pva","1","REG","Texto fixo contendo “1255”","C","004*","","","",""
"1255","pva","2","COD_MOT_REST_COMPL","Código do motivo da restituição ou complementação conforme Tabela 5.7","C","005*","","O","",""
"1255","pva","3","VL_CREDITO_ICMS_OP_MOT","Valor total do ICMS OP creditado no desfazimento da ST","N","","2","O","",""
"1255","pva","4","VL_ICMS_ST_REST_MOT","Valor total do ICMS ST, incluindo FCP ST, a ser restituído/ressarcido","N","","2","O","",""
"1255","pva","5","VL_FCP_ST_REST_MOT","Parcela do FCP ST que compõe o campo anterior","N","","2","O","",""
"1255","pva","6","VL_ICMS_ST_COMPL_MOT","Valor total do complemento de ICMS ST, incluindo FCP ST","N","","2","O","",""
"1255","pva","7","VL_FCP_ST_COMPL_MOT","Parcela do FCP ST que compõe o campo anterior","N","","2","O","",""
"1300","pva","1","REG","Tipo de Registro contendo “1300”","C","004*","","","",""
"1300","pva","2","COD_ITEM","Código do produto, constante do registro 0200","C","060","","O","",""
"1300","pva","3","DT_FECH","Data do fechamento da movimentação","D","008*","","O","",""
"1300","pva","4","ESTQ_ABERT","Estoque no inicio do dia","N","","3","O","",""
"1300","pva","5","VOL_ENTR","Volume total das entradas","N","","3","O","",""
"1300","pva","6","VOL_DISP","Volume disponível (05 , 06)","N","","3","O","",""
"1300","pva","7","VOL_SAIDAS","Volume total das saídas (Somatório dos registros de volume de vendas)","N","","3","O","",""
"1300","pva","8","ESTQ_ESCR","Estoque escritural (07 – 08)","N","","3","O","",""
"1300","pva","9","VAL_AJ_PERDA","Valor da perda","N","","3","O","",""
"1300","pva","10","VAL_AJ_GANHO","Valor do ganho","N","","3","O","",""
"1300","pva","11","FECH_FISICO","Estoque de fechamento (Somatório dos registros da conciliação de estoques )","N","","3","O","",""
"1310","pva","1","REG","Texto fixo contendo “1310”","C","004*","","O","",""
"1310","pva","2","NUM_TANQUE","Tanque onde foi armazenado o combustível","C","003","","O","",""
"1310","pva","3","ESTQ_ABERT","Estoque no início do dia, em litros","N","","3","O","",""
"1310","pva","4","VOL_ENTR","Volume recebido no dia (em litros)","N","","3","O","",""
"1310","pva","5","VOL_DISP","Volume disponível(03 , 04), em litros","N","","3","O","",""
"1310","pva","6","VOL_SAIDAS","Volume total das saídas, em litros","N","","3","O","",""
"1310","pva","7","ESTQ_ESCR","Estoque escritural(05 - 06), litros","N","","3","O","",""
"1310","pva","8","VAL_AJ_PERDA","Valor da perda, em litros","N","","3","O","",""
"1310","pva","9","VAL_AJ_GANHO","Valor do ganho, em litros","N","","3","O","",""
"1310","pva","10","FECH_FISICO","Volume aferido no tanque, em litros. Estoque de fechamento físico do tanque","N","","3","O","",""
"1310","pva","11","CAP_TANQUE","Capacidade de armazenagem, em litros","N","006","","O","",""
"1320","pva","1","REG","Texto fixo contendo “1320”","C","004*","","OC","",""
"1320","pva","2","NUM_BICO","Bico ligado à bomba","N","","","O","",""
"1320","pva","3","NR_INTERV","Número da intervenção","N","","","","",""
"1320","pva","4","MOT_INTERV","Motivo da intervenção","C","050","","","",""
"1320","pva","5","NOM_INTERV","Nome do interventor","C","030","","","",""
"1320","pva","6","CNPJ_INTERV","CNPJ da empresa responsável pela intervenção","C","014*","","","",""
"1320","pva","7","CPF_INTERV","CPF do técnico responsável pela intervenção","N","011*","","","",""
"1320","pva","8","VAL_FECHA","Valor da leitura final do contador, no fechamento do bico","N","","3","O","",""
"1320","pva","9","VAL_ABERT","Valor da leitura inicial do contador, na abertura do bico","N","","3","O","",""
"1320","pva","10","VOL_AFERI","Aferição da bomba, em litros","N","","3","","",""
"1320","pva","11","VOL_VENDAS","Venda (08 - 09 - 10) do bico, em litros","N","","3","O","",""
"1350","pva","1","REG","Texto fixo contendo“1350”","C","004*","","OC","",""
"1350","pva","2","SERIE","Número de série da bomba","C","","","O","",""
"1350","pva","3","FABRICANTE","Nome do fabricante da bomba","C","060","","O","",""
"1350","pva","4","MODELO","Modelo da bomba","C","","","O","",""
"1350","pva","5","TIPO_MEDICAO","Identificador de medição: 0 - Analógigo 1 - Digital","C","001","","O","",""
"1360","pva","1","REG","Texto fixo contendo“1360”","C","004*","","O","",""
"1360","pva","2","NUM_LACRE","Número do lacre associado na bomba","C","020","","O","",""
"1360","pva","3","DAT_APLICACAO","Data de aplicação do lacre","D","008*","","O","",""
"1370","pva","1","REG","Texto fixo contendo“1360”","C","004*","","O","",""
"1370","pva","2","NUM_BICO","Número seqüencial do bico ligado a bomba","N","003","","O","",""
"1370","pva","3","COD_ITEM","Código do Produto, constante do registro 0200","C","060","","O","",""
"1370","pva","4","NUM_TANQUE","Tanque que armazena o combustível","C","003","","O","",""
"1390","pva","1","REG","Texto fixo contendo “1390”","C","004*","","","",""
"1390","pva","2","COD_PROD","Código do Produto conforme  de Código de Produto 5.8","C","002*","","O","",""
"1391","pva","1","REG","Texto fixo contendo“1391”","C","004*","","O","",""
"1391","pva","2","DT_REGISTRO","Data produção","D","008*","","O","",""
"1391","pva","3","QTD","Quantidade de insumo esmagado (toneladas)","N","","2","","",""
"1391","pva","4","ESTQ_INI","Estoque inicial (litros/Kg)","N","","2","O","",""
"1391","pva","5","QTD_PRODUZ","Quantidade produzida (litros/Kg)","N","","2","","",""
"1391","pva","6","ENT_ANID_HID","Entrada de álcool anidro decorrente da transformação do álcool hidratado ou Entrada de álcool hidratado decorrente da transformação do álcool anidro (litros)","N","","2","","",""
"1391","pva","7","OUTR_ENTR","Outras entradas (litros/Kg)","N","","2","","",""
"1391","pva","8","PERDA","Evaporação (litros) ou Quebra de peso (Kg)","N","","2","","",""
"1391","pva","9","CONS","Consumo (litros)","N","","2","","",""
"1391","pva","10","SAI_ANI_HID","Saída para transformação (litros)","N","","2","","",""
"1391","pva","11","SAIDAS","Saídas (litros/Kg)","N","","2","","",""
"1391","pva","12","ESTQ_FIN","Estoque final (litros/Kg)","N","","2","O","",""
"1391","pva","13","ESTQ_INI_MEL","Estoque inicial de mel residual (Kg)","N","","2","","",""
"1391","pva","14","PROD_DIA_MEL","Produção de mel residual (Kg) e entradas de mel (Kg)","N","","2","","",""
"1391","pva","15","UTIL_MEL","Mel residual utilizado (Kg) e saídas de mel","N","","2","","",""
"1391","pva","16","PROD_ALC_MEL","Produção de álcool (litros) proveniente do mel residual","N","","2","","",""
"1391","pva","17","OBS","Observações","C","","","","",""
"1391","pva","18","COD_ITEM","Informar o insumo conforme código do item (campo 02 do Registro 0200)","C","060","","O","",""
"1391","pva","19","TP_RESIDUO","01 - Bagaço de cana, 02 - DDG, 03 - WDG ou 04 - DDG + WDG","N","002*","","O","",""
"1391","pva","20","QTD_RESIDUO","Quantidade de resíduo produzido","N","","2","O","",""
"1391","pva","21","QTD_RESIDUO_DDG","Quantidade de resíduo produzido de DDG (toneladas)","N","","2","O","",""
"1391","pva","22","QTD_RESIDUO_WDG","Quantidade de resíduo produzido de WDG (toneladas)","N","","2","O","",""
"1391","pva","23","QTD_RESIDUO_CANA","Quantidade de resíduo produzido de bagaço de cana (toneladas)","N","","2","O","",""
"1400","pva","1","REG","Texto fixo contendo “1400”","C","004*","","","",""
"1400","pva","2","COD_ITEM_IPM","Código do item (Tabela 5.9.1 de Itens UF Índice de Participação dos Municípios ou Tabela 5.9.2 de Itens UF_ST Índice de participação dos Municípios) ou campo 02 do Registro 0200","C","060","","O","",""
"1400","pva","3","MUN","Código do município de origem/destino","N","007*","","O","",""
"1400","pva","4","VALOR","Valor mensal correspondente ao município","N","","2","O","",""
"1500","pva","1","REG","Texto fixo contendo “1500”","C","004*","","","",""
"1500","pva","2","IND_OPER","Indicador do tipo de operação (1-Saída)","C","001","","O","",""
"1500","pva","3","IND_EMIT","Indicador do emitente do documento fiscal: 0 - Emissão própria","C","001","","O","",""
"1500","pva","4","COD_PART","Código do participante (campo 02 do Registro 0150):- do adquirente, no caso das saídas","C","060","","O","",""
"1500","pva","5","COD_MOD","Código do modelo do documento fiscal","C","002","","O","",""
"1500","pva","6","COD_SIT","Código da situação do documento fiscal","N","002","","O","",""
"1500","pva","7","SER","Série do documento fiscal","C","004","","","",""
"1500","pva","8","SUB","Subsérie do documento fiscal","N","003","","","",""
"1500","pva","9","COD_CONS","Código de classe de consumo de energia elétrica","N","002*","","O","",""
"1500","pva","10","NUM_DOC","Número do documento fiscal","N","009","","O","",""
"1500","pva","11","DT_DOC","Data da emissão do documento fiscal","D","008*","","O","",""
"1500","pva","12","DT_E_S","Data da entrada ou da saída","D","008*","","O","",""
"1500","pva","13","VL_DOC","Valor total do documento fiscal","N","","2","O","",""
"1500","pva","14","VL_DESC","Valor total do desconto","N","","2","","",""
"1500","pva","15","VL_FORN","Valor total fornecido/consumido","N","","2","O","",""
"1500","pva","16","VL_SERV_NT","Valor total dos serviços não-tributados pelo ICMS","N","","2","","",""
"1500","pva","17","VL_TERC","Valor total cobrado em nome de terceiros","N","","2","","",""
"1500","pva","18","VL_DA","Valor total de despesas acessórias indicadas no documento fiscal","N","","2","","",""
"1500","pva","19","VL_BC_ICMS","Valor acumulado da base de cálculo do ICMS","N","","2","","",""
"1500","pva","20","VL_ICMS","Valor acumulado do ICMS","N","","2","","",""
"1500","pva","21","VL_BC_ICMS_ST","Valor acumulado da base de cálculo do ICMS substituição tributária","N","","2","","",""
"1500","pva","22","VL_ICMS_ST","Valor acumulado do ICMS retido por substituição tributária","N","","2","","",""
"1500","pva","23","COD_INF","Código da informação complementar do documento fiscal (campo 02 do Registro 0450)","C","006","","","",""
"1500","pva","24","VL_PIS","Valor do PIS","N","","2","","",""
"1500","pva","25","VL_COFIS","Valor do COFIS","N","","2","","",""
"1500","pva","26","TP_LIGACAO","Código de tipo de Ligação","N","001*","","","",""
"1500","pva","27","COD_GRUPO_TENSAO","Código de grupo de tensão","N","002*","","","",""
"1510","pva","1","REG","Texto fixo contendo “1510”","C","004*","","","",""
"1510","pva","2","NUM_ITEM","Número sequencial do item no documento fiscal","N","003","","O","",""
"1510","pva","3","COD_ITEM","Código do item (campo 02 do Registro 0200)","C","060","","O","",""
"1510","pva","4","COD_CLASS","Código de classificação do item de energia elétrica","N","004*","","O","",""
"1510","pva","5","QTD","Quantidade do item","N","","3","","",""
"1510","pva","6","UNID","Unidade do item (Campo 02 do registro 0190)","C","006","","","",""
"1510","pva","7","VL_ITEM","Valor do item","N","","2","O","",""
"1510","pva","8","VL_DESC","Valor total do desconto","N","","2","","",""
"1510","pva","9","CST_ICMS","Código da Situação Tributária","N","003*","","O","",""
"1510","pva","10","CFOP","Código Fiscal de Operação e Prestação","N","004*","","O","",""
"1510","pva","11","VL_BC_ICMS","Valor da base de cálculo do ICMS","N","","2","","",""
"1510","pva","12","ALIQ_ICMS","Alíquota do ICMS","N","006","2","","",""
"1510","pva","13","VL_ICMS","Valor do ICMS creditado/debitado","N","","2","","",""
"1510","pva","14","VL_BC_ICMS_ST","Valor da base de cálculo referente à substituição tributária","N","","2","","",""
"1510","pva","15","ALIQ_ST","Alíquota do ICMS da substituição tributária na unidade da federação de destino","N","","2","","",""
"1510","pva","16","VL_ICMS_ST","Valor do ICMS referente à substituição tributária","N","","2","","",""
"1510","pva","17","IND_REC","Indicador do tipo de receita: 0-Receita própria; 1-Receita de terceiros","C","001*","","O","",""
"1510","pva","18","COD_PART","Código do participante receptor da receita, terceiro da operação (campo 02 do Registro 0150)","C","060","","","",""
"1510","pva","19","VL_PIS","Valor do PIS","N","","2","","",""
"1510","pva","20","VL_COFIS","Valor da COFINS","N","","2","","",""
"1510","pva","21","COD_CTA","Código da conta analítica contábil debitada/creditada","C","","","","",""
"1601","pva","1","REG","Texto fixo contendo“1601”","C","004*","","","",""
"1601","pva","2","COD_PART_IP","Código do participante (campo 02 do Registro 0150): identificação da instituição que efetuou o pagamento","C","060","","O","",""
"1601","pva","3","COD_PART_IT","Código do participante (campo 02 do Registro 0150): identificação do intermediador da transação","C","060","","","",""
"1601","pva","4","TOT_VS","Valor total bruto das vendas e/ou prestações de serviços no campo de incidência do ICMS (TOT_VS), incluindo operações com imunidade do imposto","N","","2","O","",""
"1601","pva","5","TOT_ISS","Valor total bruto das prestações de serviços no campo de incidência do ISS (TOT_ISS)","N","","2","O","",""
"1601","pva","6","TOT_OUTROS","Valor total de operações deduzido dos valores dos campos TOT_VS e TOT_ISS.","N","","2","O","",""
"1700","pva","1","REG","Texto fixo contendo “1700”","C","004*","","","",""
"1700","pva","2","COD_DISP","Código dispositivo autorizado","C","002*","","O","",""
"1700","pva","3","COD_MOD","Código do modelo do documento fiscal","C","002*","","O","",""
"1700","pva","4","SER","Série do documento fiscal","C","004","","","",""
"1700","pva","5","SUB","Subsérie do documento fiscal","C","003","","","",""
"1700","pva","6","NUM_DOC_INI","Número do documento fiscal inicial","N","012","","O","",""
"1700","pva","7","NUM_DOC_FIN","Número do documento fiscal final","N","012","","O","",""
"1700","pva","8","NUM_AUT","Número da autorização, conforme dispositivo autorizado","N","060","","O","",""
"1710","pva","1","REG","Texto fixo contendo “1710”","C","004*","","","",""
"1710","pva","6","NUM_DOC_INI","Número do dispositivo autorizado inicial","N","012","","O","",""
"1710","pva","7","NUM_DOC_FIN","Número do dispositivo autorizado final","N","012","","O","",""
"1800","pva","1","REG","Texto fixo contendo“1800”","C","004*","","","",""
"1800","pva","2","VL_CARGA","Valor das prestações cargas (Tributado)","N","","2","O","",""
"1800","pva","3","VL_PASS","Vr. das prestações passageiros/cargas (Não Tributado)","N","","2","O","",""
"1800","pva","4","VL_FAT","Valor total do faturamento","N","","2","O","",""
"1800","pva","5","IND_RAT","Índice para rateio","N","008","6","O","",""
"1800","pva","6","VL_ICMS_ANT","Valor total dos créditos de ICMS","N","","2","O","",""
"1800","pva","7","VL_BC_ICMS","Valor da base de cálculo do ICMS","N","","2","O","",""
"1800","pva","8","VL_ICMS_APUR","Valor do ICMS apurado","N","","2","O","",""
"1800","pva","9","VL_BC_ICMS_APUR","Valor da base de cálclo do ICMS apurada","N","","2","O","",""
"1800","pva","10","VL_DIF","Vr. da diferença a ser levada a estorno de crédito na apuração","N","","2","O","",""
"1900","pva","1","REG","Texto fixo contendo“1900”","C","004*","","","",""
"1900","pva","2","IND_APUR_ICMS","Indicador de apuração do ICMS","C","001*","","O","",""
"1900","pva","3","DESCR_COMPL_OUT_APUR","Descrição complementar de Outra Apuração do ICMS","C","","","O","",""
"1910","pva","1","REG","Texto fixo contendo “1910”","C","004*","","O","",""
"1910","pva","2","DT_INI","Data Inicial da sub-apuração","D","008*","","O","",""
"1910","pva","3","DT_FIN","Data final da sub-apuração","D","008*","","O","",""
"1920","pva","1","REG","Texto fixo contendo “1920”","C","004*","","O","",""
"1920","pva","2","VL_TOT_TRANSF_DEBITOS_OA","Valor total dos débitos por “Saídas e Prestações com débito do imposto“","N","","2","O","",""
"1920","pva","3","VL_TOT_AJ_DEBITOS_OA","Valor total de “Ajustes a débito“","N","","2","O","",""
"1920","pva","4","VL_ESTORNOS_CRED_OA","Valor total de Ajustes “Estornos de créditos“","N","","2","O","",""
"1920","pva","5","VL_TOT_TRANSF_CREDITOS_OA","Valor total dos créditos por “Entradas e aquisições com crédito do imposto“","N","","2","O","",""
"1920","pva","6","VL_TOT_AJ_CREDITOS_OA","Valor total de “Ajustes a crédito“","N","","2","O","",""
"1920","pva","7","VL_ESTORNOS_DEB_OA","Valor total de Ajustes “Estornos de Débitos“","N","","2","O","",""
"1920","pva","8","VL_SLD_CREDOR_ANT_OA","Valor total de “Saldo Credor do período anterior“","N","","2","O","",""
"1920","pva","9","VL_SLD_APURADO_OA","Valor total de “Ajustes a crédito“","N","","2","O","",""
"1920","pva","10","VL_TOT_DED","Valor total de “Deduções“","N","","2","O","",""
"1920","pva","11","VL_ICMS_RECOLHER_OA","Valor total de “ICMS a recolher“ (9-10)","N","","2","O","",""
"1920","pva","12","VL_SLD_CREDOR_TRANSP_OA","Valor total de “Saldo credor a transportar para o período seguinte“","N","","2","O","",""
"1920","pva","13","DEB_ESP_OA","Valores recolhidos ou a recolher, extra-apuração","N","","2","O","",""
"1921","pva","1","REG","Texto fixo contendo “1921”","C","004*","","","",""
"1921","pva","2","COD_AJ_APUR","Código do ajustes da SUB-APURAÇÃO e dedução","C","008*","","O","",""
"1921","pva","3","DESCR_COMPL_AJ","Descrição complementar do ajuste da apuração","C","","","","",""
"1921","pva","4","VL_AJ_APUR","Valor ajuste da operação“","N","","2","O","",""
"1922","pva","1","REG","Texto fixo contendo “1922”","C","004*","","","",""
"1922","pva","2","NUM_DA","Número do documento de arredação estadual, se houver","C","","","","",""
"1922","pva","3","NUM_PROC","Número do processo ao qual o ajuste está vinculado, se houver","C","060","","","",""
"1922","pva","4","IND_PROC","Indicador da origem do processo","C","001*","","","",""
"1922","pva","5","PROC","Descrição resumida do processo que embasou o lançamento","C","","","","",""
"1922","pva","6","TXT_COMPL","Descrição Complementar","C","","","","",""
"1923","pva","1","REG","Texto fixo contendo “1923”","C","004*","","","",""
"1923","pva","2","COD_PART","Código do participante (campo 02 do Registro 0150): - do emitente do documento ou do remetente das mercadorias, no caso de entradas; - do adquirente, no caso de saídas","C","060","","O","",""
"1923","pva","3","COD_MOD","Código do modelo do documento fiscal","C","002*","","O","",""
"1923","pva","4","SER","Série do documento fiscal","C","004","","","",""
"1923","pva","5","SUB","Subsérie do documento fiscal","N","003","","","",""
"1923","pva","6","NUM_DOC","Número do documento fiscal","N","009","","O","",""
"1923","pva","7","DT_DOC","Data de emissão do Documento Fiscal (DD/MM/AAAA)","D","008*","","O","",""
"1923","pva","8","COD_ITEM","Código do item (campo 02 do Registro 0200)","C","060","","","",""
"1923","pva","9","VL_AJ_ITEM","Valor ajuste para a operação/item.“","N","","2","O","",""
"1923","pva","10","CHV_DOCE","Chave do documento eletrônico","C","044*","","","",""
"1925","pva","1","REG","Texto fixo contendo “1925”","C","004*","","","",""
"1925","pva","2","COD_INF_ADIC","Código da informação adicional conforme tabela a ser definida pelas SEFAZ","C","008*","","O","",""
"1925","pva","3","VL_INF_ADIC","Valor referente à informação adicional","N","","2","O","",""
"1925","pva","4","DESC_COMPL_AJ","Descrição complementar do ajuste","C","","","","",""
"1926","pva","1","REG","Texto fixo contendo “1926”","C","004*","","","",""
"1926","pva","2","COD_OR","Código da obrigação a recolher, conforme a Tabela de Códigos das Obrigações de ICMS a recolher","C","003*","","O","",""
"1926","pva","3","VL_OR","Valor da obrigação a recolher","N","","2","O","",""
"1926","pva","4","DT_VCTO","Data de Vencimento da obrigação","D","008*","","O","",""
"1926","pva","5","COD_REC","Código da receita referente à obrigaçãom próprio da unidade da federação, conforme legislação estadual","C","","","O","",""
"1926","pva","6","NUM_PROC","Número do processo ou auto de infração ao qual a obrigação está vinculada, se houver","C","060","","","",""
"1926","pva","7","IND_PROC","Indicador da origem do processo","C","001*","2","","",""
"1926","pva","8","PROC","Descrição resumida do processo que embasou o lançamento","C","","","","",""
"1926","pva","9","TXT_COMPL","Descrição complementar de obrigações a recolher.“","C","","","","",""
"1926","pva","10","MES_REF","Informe o mês de referência no formato mmaaaa.“","C","006*","","O","",""
"1960","pva","1","REG","Texto fixo contendo “1960”","C","004*","","","",""
"1960","pva","2","IND_AP","Indicador da sub-apuração por tipo de benefício (conforme tabela 4.7.1)","N","002*","","O","",""
"1960","pva","3","G1_01","Percentual de crédito presumido","N","","2","O","",""
"1960","pva","4","G1_02","Saídas não incentivadas de PI","N","","2","O","",""
"1960","pva","5","G1_03","Saídas incentivadas de PI","N","","2","O","",""
"1960","pva","6","G1_04","Saídas incentivadas de PI para fora do Nordeste","N","","2","O","",""
"1960","pva","7","G1_05","Saldo devedor do ICMS antes das deduções do incentivo","N","","2","O","",""
"1960","pva","8","G1_06","Saldo devedor do ICMS relativo à faixa incentivada de PI","N","","2","O","",""
"1960","pva","9","G1_07","Crédito presumido nas saídas incentivadas de PI para fora do Nordeste","N","","2","O","",""
"1960","pva","10","G1_08","Saldo devedor relativo à faixa incentivada de PI após o crédito presumido nas saídas para fora do Nordeste","N","","2","O","",""
"1960","pva","11","G1_09","Crédito presumido","N","","2","O","",""
"1960","pva","12","G1_10","Dedução de incentivo da Indústria (crédito presumido)","N","","2","O","",""
"1960","pva","13","G1_11","Saldo devedor do ICMS após deduções","N","","2","O","",""
"1970","pva","1","REG","Texto fixo contendo “1970”","C","004*","","","",""
"1970","pva","2","IND_AP","Indicador da sub-apuração por tipo de benefício (conforme tabela 4.7.1)","N","002*","","O","",""
"1970","pva","3","G3_01","Importações com ICMS diferido","N","","2","O","",""
"1970","pva","4","G3_02","ICMS diferido nas importações","N","","2","O","",""
"1970","pva","5","G3_03","Saídas não incentivadas de PI","N","","2","O","",""
"1970","pva","6","G3_04","Percentual de incentivo nas saídas para fora do Estado","N","","2","O","",""
"1970","pva","7","G3_05","Saídas incentivadas de PI para fora do Estado","N","","2","O","",""
"1970","pva","8","G3_06","ICMS das saídas incentivadas de PI para fora do Estado","N","","2","O","",""
"1970","pva","9","G3_07","Crédito presumido nas saídas para fora do Estado","N","","2","O","",""
"1970","pva","10","G3_T","Dedução de incentivo da Importação (crédito presumido)","N","","2","O","",""
"1970","pva","11","G3_08","Saldo devedor do ICMS antes das deduções do incentivo","N","","2","O","",""
"1970","pva","12","G3_09","Saldo devedor do ICMS após deduções do incentivo","N","","2","O","",""
"1975","pva","1","REG","Texto fixo contendo “1975”","C","004*","","O","",""
"1975","pva","2","ALIQ_IMP_BASE","Alíquota incidente sobre as importações-base","N","","2","O","",""
"1975","pva","3","G3_10","Saídas incentivadas de PI","N","","2","O","",""
"1975","pva","4","G3_11","Importações-base para o crédito presumido","N","","2","O","",""
"1975","pva","5","G3_12","Crédito presumido nas saídas internas","N","","2","O","",""
"1980","pva","1","REG","Texto fixo contendo “1980”","C","004*","","","",""
"1980","pva","2","IND_AP","Indicador da sub-apuração por tipo de benefício (conforme tabela 4.7.1)","N","002*","","O","",""
"1980","pva","3","G4_01","Entradas (percentual de incentivo)","N","","2","O","",""
"1980","pva","4","G4_02","Entradas não incentivadas de PI","N","","2","O","",""
"1980","pva","5","G4_03","Entradas incentivadas de PI","N","","2","O","",""
"1980","pva","6","G4_04","Saídas (percentual de incentivo)","N","","2","O","",""
"1980","pva","7","G4_05","Saídas não incentivadas de PI","N","","2","O","",""
"1980","pva","8","G4_06","Saídas incentivadas de PI","N","","2","O","",""
"1980","pva","9","G4_07","Saldo devedor do ICMS antes das deduções do incentivo (PI e itens não incentivados)","N","","2","O","",""
"1980","pva","10","G4_08","Crédito presumido nas entradas incentivadas de PI","N","","2","O","",""
"1980","pva","11","G4_09","Crédito presumido nas saídas incentivadas de PI","N","","2","O","",""
"1980","pva","12","G4_10","Dedução de incentivo da Central de Distribuição (entradas/saídas)","N","","2","O","",""
"1980","pva","13","G4_11","Saldo devedor do ICMS após deduções do incentivo","N","","2","O","",""
"1980","pva","14","G4_12","Índice de recolhimento da central de distribuição","N","","2","O","",""
"1990","pva","1","REG","Texto fixo contendo “1990”","C","004*","","O","",""
"1990","pva","2","QTD_LIN_1","Quantidade total de linhas do Bloco 1","N","","","O","",""
"9001","pva","1","REG","Texto fixo contendo “9001”","C","004*","","O","",""
"9001","pva","2","IND_MOV","Indicador de movimento","N","001","","O","",""
"9900","pva","1","REG","Texto fixo contendo “9900”","C","004*","","O","",""
"9900","pva","2","REG_BLC","Registro que será totalizado no próximo campo","C","004","","O","",""
"9900","pva","3","QTD_REG_BLC","Total de registros do tipo informado no campo anterior","N","","","O","",""
"9990","pva","1","REG","Texto fixo contendo “9990”","C","004*","","O","",""
"9990","pva","2","QTD_LIN_9","Quantidade total de linhas do Bloco 9","N","","","O","",""
"9999","pva","1","REG","Texto fixo contendo “9999”","C","004*","","O","",""
"9999","pva","2","QTD_LIN","Quantidade total de linhas do arquivo digital","N","","","O","",""
