"register","index","code","type","required","in_required","out_required","conditional_required","conditional_in_required","conditional_out_required","length","xsd_type","decimal","spec_type","spec_required","desc"
"0000","2","COD_VER","char","True","","","","","","003*","numeric_code","","N","O","Código da versão do leiaute conforme Tabela Versão do Leiaute"
"0000","3","COD_FIN","char","True","","","","","","001","numeric_code","","N","O","Código da finalidade do arquivo: 0 - Remessa do arquivo original; 1 - Remessa do arquivo substituto"
"0000","4","DT_INI","date","True","","","","","","008*","","","D","O","Data inicial das informações contidas no arquivo"
"0000","5","DT_FIN","date","True","","","","","","008*","","","D","O","Data final das informações contidas no arquivo"
"0000","6","NOME","char","True","","","","","","100","","","C","O","Nome empresarial da entidade"
"0000","7","CNPJ","char","","","","","","","014*","","","C","","Número de inscrição da entidade no CNPJ"
"0000","8","CPF","char","","","","","","","011*","numeric_code","","N","","Número de inscrição da pessoa natural no CPF"
"0000","9","UF","char","True","","","","","","002*","","","C","O","Sigla da unidade da federação da entidade"
"0000","10","IE","char","True","","","","","","014","","","C","O","Inscrição Estadual da entidade"
"0000","11","COD_MUN","char","True","","","","","","007*","numeric_code","","N","O","Código do município do domicílio fiscal da entidade, conforme a tabela IBGE"
"0000","12","IM","char","","","","","","","","","","C","","Inscrição Municipal da entidade"
"0000","13","SUFRAMA","char","","","","","","","009*","","","C","","Inscrição da entidade na SUFRAMA"
"0000","14","IND_PERFIL","char","True","","","","","","001","","","C","O","Perfil de apresentação do arquivo fiscal; A – Perfil A; B – Perfil B; C – Perfil C"
"0000","15","IND_ATIV","char","True","","","","","","001","numeric_code","","N","O","Indicador de tipo de atividade: 0 – Industrial ou equiparado a industrial; 1 – Outras"
"0001","2","IND_MOV","char","True","","","","","","001","numeric_code","","N","O","Indicador de movimento"
"0002","2","CLAS_ESTAB_IND","char","True","","","","","","002*","numeric_code","","N","O","Informar a classificação do Contribuinte conforme tabela 4.5.5."
"0005","2","FANTASIA","char","True","","","","","","060","","","C","O","Nome de fantasia associado ao nome empresarial"
"0005","3","CEP","char","True","","","","","","008*","numeric_code","","N","O","Código de Endereçamento Postal"
"0005","4","ENDERECO","char","True","","","","","","060","","","C","O","Logradouro do imóvel"
"0005","5","NUM","char","","","","","","","010","","","C","","Número do imóvel"
"0005","6","COMPL","char","","","","","","","060","","","C","","Dados complementares do endereço"
"0005","7","BAIRRO","char","True","","","","","","060","","","C","O","Bairro em que o imóvel está situado"
"0005","8","FONE","char","","","","","","","011","","","C","","Número do telefone"
"0005","9","FAX","char","","","","","","","011","","","C","","Número do fax"
"0005","10","EMAIL","char","","","","","","","060","","","C","","Endereço do correio eletrônico"
"0015","2","UF_ST","char","True","","","","","","002*","","","C","O","Sigla da unidade da federação do contribuinte substituído ou unidade de federação do consumidor final não contribuinte - ICMS Destino EC 87/15"
"0015","3","IE_ST","char","True","","","","","","014","","","C","O","Inscrição Estadual do contribuinte substituto na unidade da federação do contribuinte substituído ou unidade de federação do consumidor final não contribuinte - ICMS Destino EC 87/15"
"0100","2","NOME","char","True","","","","","","060","","","C","O","Nome do contabilista"
"0100","3","CPF","char","True","","","","","","011*","numeric_code","","N","O","Número de inscrição do contabilista no CPF"
"0100","4","CRC","char","True","","","","","","015","","","C","O","Número de inscrição do contabilista no Conselho Regional de Contabilidade"
"0100","5","CNPJ","char","","","","","","","014*","","","C","","Número de inscrição do escritório de contabilidade no CNPJ, se houver"
"0100","6","CEP","char","","","","","","","008*","numeric_code","","N","","Código de Endereçamento Postal"
"0100","7","ENDERECO","char","","","","","","","060","","","C","","Logradouro do imóvel"
"0100","8","NUM","char","","","","","","","010","","","C","","Número do imóvel"
"0100","9","COMPL","char","","","","","","","060","","","C","","Dados complementares do endereço"
"0100","10","BAIRRO","char","","","","","","","060","","","C","","Bairro em que o imóvel está situado"
"0100","11","FONE","char","","","","","","","011","","","C","","Número do telefone"
"0100","12","FAX","char","","","","","","","011","","","C","","Número do fax"
"0100","13","EMAIL","char","True","","","","","","060","","","C","O","Endereço do correio eletrônico"
"0100","14","COD_MUN","char","True","","","","","","007*","numeric_code","","N","O","Código do município, conforme tabela IBGE"
"0150","2","COD_PART","char","True","","","","","","060","","","C","O","Código de identificação do participante no arquivo"
"0150","3","NOME","char","True","","","","","","100","","","C","O","Nome pessoal ou empresarial do participante"
"0150","4","COD_PAIS","char","True","","","","","","005","numeric_code","","N","O","Código do país do participante, conforme a tabela Órgãos mantenedores e endereços eletrônicos das tabelas externas - Tabela de Países"
"0150","5","CNPJ","char","","","","","","","014*","","","C","","CNPJ do participante"
"0150","6","CPF","char","","","","","","","011*","numeric_code","","N","","CPF do participante"
"0150","7","IE","char","","","","","","","014","","","C","","Inscrição Estadual do participante"
"0150","8","COD_MUN","char","","","","","","","007*","numeric_code","","N","","Código do município, conforme a tabela IBGE"
"0150","9","SUFRAMA","char","","","","","","","009*","","","C","","Número de inscrição do participante na SUFRAMA"
"0150","10","ENDERECO","char","True","","","","","","060","","","C","O","Logradouro do imóvel"
"0150","11","NUM","char","","","","","","","010","","","C","","Número do imóvel"
"0150","12","COMPL","char","","","","","","","060","","","C","","Dados complementares do endereço"
"0150","13","BAIRRO","char","","","","","","","060","","","C","","Bairro em que o imóvel está situado"
"0175","2","DT_ALT","date","True","","","","","","008*","","","D","O","Data de alteração do cadastro"
"0175","3","NR_CAMPO","char","True","","","","","","002","","","C","O","Número do campo alterado"
"0175","4","CONT_ANT","char","True","","","","","","100","","","C","O","Conteúdo anterior do campo"
"0190","2","UNID","char","True","","","","","","006","","","C","O","Código da unidade de medida"
"0190","3","DESCR","char","True","","","","","","","","","C","O","Descrição da unidade de medida"
"0200","2","COD_ITEM","char","True","","","","","","060","","","C","O","Código do item"
"0200","3","DESCR_ITEM","char","True","","","","","","","","","C","O","Descrição do item"
"0200","4","COD_BARRA","char","","","","","","","020","","","C","","Representação alfanumérica do código de barra do produto, se houver"
"0200","5","COD_ANT_ITEM","char","","","","","","","060","","","C","","Código anterior do item com relação à última informação apresentada"
"0200","6","UNID_INV","char","True","","","","","","006","","","C","O","Unidade de medida utilizada na quantificação de estoques"
"0200","7","TIPO_ITEM","char","True","","","","","","002","numeric_code","","N","O","Tipo do item – Atividades Industriais, Comerciais e Serviços"
"0200","8","COD_NCM","char","","","","","","","008","","","C","","Código da Nomenclatura Comum do Mercosul"
"0200","9","EX_IPI","char","","","","","","","003","","","C","","Código EX, conforme a TIPI"
"0200","10","COD_GEN","char","","","","","","","002*","numeric_code","","N","","Código do gênero do item, conforme a Tabela Gênero do Item de Mercadoria/Serviço"
"0200","11","COD_LST","char","","","","","","","005","","","C","","Código do serviço, conforme lista do Anexo I da Lei Complementar Federal nº 116/03"
"0200","12","ALIQ_ICMS","float","","","","","","","006","","2","N","","Alíquota de ICMS aplicável ao item nas operações internas"
"0200","13","CEST","char","","","","","","","007*","numeric_code","","N","","Código Especificador de Substituição Tribuitária"
"0205","2","DESCR_ANT_ITEM","char","","","","","","","","","","C","","Descrição anterior do item"
"0205","3","DT_INI","date","True","","","","","","008*","","","D","O","Data inicial de utilização da descrição do item"
"0205","4","DT_FIM","date","True","","","","","","008*","","","D","O","Data final de utilização da descrição do item"
"0205","5","COD_ANT_ITEM","char","","","","","","","060","","","C","","Código anterior do item com relação à última informação apresentada"
"0206","2","COD_COMB","char","True","","","","","","","","","C","O","Código do produto, conforme tabela ANP"
"0220","2","UNID_CONV","char","True","","","","","","006","","","C","O","Unidade comercial a ser convertida na unidade de estoque, referida no registro 0200"
"0220","3","FAT_CONV","float","True","","","","","","","","6","N","O","Fator de conversão: fator utilizado para converter (multiplicar) a unidade a ser convertida na unidade adotada no inventário"
"0220","3","COD_BARRA","char","","","","","","","020","","","C","","Representação alfanumérico do código de barra da unidade comercial do produto, se houver"
"0221","2","COD_ITEM_ATOMICO","char","True","","","","","","060","","","C","O","Informar o código do item atômico contido no item informado no 0200 Pai"
"0221","3","QTD_CONTIDA","float","True","","","","","","","","6","N","O","Informar quantos itens atômicos estão contidos no item informado no 0200 Pai"
"0300","2","COD_IND_BEM","char","True","","","","","","060","","","C","O","Código individualizado do bem ou componente adotado no controle patrimonial do estabelecimento informante"
"0300","3","IDENT_MERC","char","True","","","","","","001*","","","C","O","Identificação do tipo de mercadoria"
"0300","4","DESCR_ITEM","char","True","","","","","","","","","C","O","Descrição do bem ou componente (modelo, marca e outras características necessárias a sua individualização)"
"0300","5","COD_PRNC","char","","","","","","","060","","","C","","Código de cadastro do bem principal nos casos em que o bem ou componente (campo 02) esteja vinculado a um bem principal"
"0300","6","COD_CTA","char","True","","","","","","060","","","C","O","Código da conta analítica de contabilização do bem ou componente (campo 06 do Registro 0500)"
"0300","7","NR_PARC","char","","","","","","","003","numeric_code","","N","","Número total de parcelas a serem apropriadas, segundo a legislação de cada unidade federada"
"0305","2","COD_CCUS","char","True","","","","","","060","","","C","O","Código do centro de custo onde está localizado o bem (campo 03 do Registro 0600)"
"0305","3","FUNC","char","True","","","","","","","","","C","O","Descrição sucinta da função do bem na atividade do estabelecimento"
"0305","4","VIDA_UTIL","char","","","","","","","003","numeric_code","","N","","Vida útil estimada do bem, em número de meses"
"0400","2","COD_NAT","char","True","","","","","","010","","","C","O","Código da natureza da operação/prestação"
"0400","3","DESCR_NAT","char","True","","","","","","","","","C","O","Descrição da natureza da operação/prestação"
"0450","2","COD_INF","char","True","","","","","","006","","","C","O","Código da informação complementar do documento fiscal"
"0450","3","TXT","char","True","","","","","","","","","C","O","Texto livre da informação complementar existente no documento fiscal, inclusive espécie de normas legais, poder normativo, número, capitulação, data e demais referências pertinentes com indicação referentes ao tributo"
"0460","2","COD_OBS","char","True","","","","","","006","","","C","O","Código da observação do lançamento fiscal"
"0460","3","TXT","char","True","","","","","","","","","C","O","Descrição da observação vinculada ao lançamento fiscal"
"0500","2","DT_ALT","date","True","","","","","","008*","","","D","O","Data da inclusão/alteração"
"0500","3","COD_NAT_CC","char","True","","","","","","002*","","","C","O","Código da natureza da conta/grupo de contas"
"0500","4","IND_CTA","char","True","","","","","","001*","","","C","O","Indicador do tipo de conta"
"0500","5","NIVEL","char","True","","","","","","005","numeric_code","","N","O","Nível da conta analítica/grupo de contas"
"0500","6","COD_CTA","char","True","","","","","","060","","","C","O","Código da conta analítica/grupo de contas"
"0500","7","NOME_CTA","char","True","","","","","","060","","","C","O","Nome da conta analítica/grupo de contas"
"0600","2","DT_ALT","date","True","","","","","","008*","","","D","O","Data da inclusão/alteração"
"0600","3","COD_CCUS","char","True","","","","","","060","","","C","O","Código do centro de custos"
"0600","4","CCUS","char","True","","","","","","060","","","C","O","Nome do centro de custos"
"0990","2","QTD_LIN_0","int","True","","","","","","","","","N","O","Quantidade total de linhas do Bloco 0"
"B001","2","IND_MOV","char","True","","","","","","001","","","C","O","Indicador de movimento"
"B020","2","IND_OPER","char","True","","","","","","001","","","C","O","Indicador do tipo de operação"
"B020","3","IND_EMIT","char","True","","","","","","001","","","C","O","Indicador do emitente do documento fiscal"
"B020","4","COD_PART","char","True","","","","","","060","","","C","O","Código do participante (campo 02 do Registro 0150): - do emitente do documento ou do remetente das mercadorias, no caso de entradas; - do adquirente, no caso de saídas"
"B020","5","COD_MOD","char","True","","","","","","002*","","","C","O","Código do modelo do documento fiscal, conforme a tabela de Codificação dos Documentos"
"B020","6","COD_SIT","char","True","","","","","","002*","numeric_code","","N","O","Código da situação do documento fiscal, conforme a Tabela Situação do Documento"
"B020","7","SER","char","","","","","","","003","","","C","","Série do documento fiscal"
"B020","8","NUM_DOC","char","True","","","","","","009","numeric_code","","N","O","Número do documento fiscal"
"B020","9","CHV_NFE","char","","","","","","","044*","","","C","","Chave da Nota Fiscal Eletrônica"
"B020","10","DT_DOC","date","True","","","","","","008*","","","D","O","Data da emissão do documento fiscal (DDMMAAAA)"
"B020","11","COD_MUN_SERV","char","True","","","","","","007*","numeric_code","","N","O","Código do município onde o serviço foi prestado, conforme a tabela IBGE"
"B020","12","VL_CONT","float","True","","","","","","","","2","N","O","Valor contábil (valor total do documento)"
"B020","13","VL_MAT_TERC","float","True","","","","","","","","2","N","O","Valor do material fornecido por terceiros na prestação do serviço"
"B020","14","VL_SUB","float","True","","","","","","","","2","N","O","Valor da subempreitada"
"B020","15","VL_ISNT_ISS","float","True","","","","","","","","2","N","O","Valor das operações isentas ou não-tributadas pelo ISS"
"B020","16","VL_DED_BC","float","True","","","","","","","","2","N","O","Valor da dedução da base de cálculo"
"B020","17","VL_BC_ISS","float","True","","","","","","","","2","N","O","Valor da base de cálculo do ISS"
"B020","18","VL_BC_ISS_RT","float","True","","","","","","","","2","N","O","Valor da base de cálculo de retenção do ISS"
"B020","19","VL_ISS_RT","float","True","","","","","","","","2","N","O","Valor do ISS retido pelo tomador"
"B020","20","VL_ISS","float","True","","","","","","","","2","N","O","Valor do ISS destacado"
"B020","21","COD_INF_OBS","char","","","","","","","006","","","C","","Código da observação do lançamento fiscal (Campo 02 do regisro 0460)"
"B025","2","VL_CONT_P","float","True","","","","","","","","2","N","O","Parcela correspondente ao “Valor Contábil” referente à combinação da alíquota e item da lista"
"B025","3","VL_BC_ISS_P","float","True","","","","","","","","2","N","O","Parcela correspondente ao “Valor da base de cálculo do ISS” referente à combinação da alíquota e item da lista"
"B025","4","ALIQ_ISS","float","True","","","","","","","","2","N","O","Alíquota do ISS"
"B025","5","VL_ISS_P","float","True","","","","","","","","2","N","O","Parcela correspondente ao “Valor do ISS” referente à combinação da alíquota e item da lista"
"B025","6","VL_ISNT_ISS_P","float","True","","","","","","","","2","N","O","Parcela correspondente ao “Valor das operações isentas ou não-tributadas pelo ISS” referente à combinação da alíquota e item da lista"
"B025","7","COD_SERV","char","True","","","","","","004*","","","C","O","Item da lista de serviços, conforme Tabela 4.6.3"
"B030","2","COD_MOD","char","True","","","","","","002","","","C","O","Código do modelo do documento fiscal, conforme a Tabela 4.1.3"
"B030","3","SER","char","","","","","","","003","","","C","","Série do documento fiscal"
"B030","4","NUM_DOC_INI","char","True","","","","","","009","numeric_code","","N","O","Número do primeiro documento fiscal emitido no dia"
"B030","5","NUM_DOC_FIN","char","True","","","","","","009","numeric_code","","N","O","Número do último documento fiscal emitido no dia"
"B030","6","DT_DOC","date","True","","","","","","008*","","","D","O","Data da emissão dos documentos fiscais"
"B030","7","QTD_CANC","int","True","","","","","","","","","N","O","Quantidade de documentos cancelados"
"B030","8","VL_CONT","float","True","","","","","","","","2","N","O","Valor contábil (valor total acumulado dos documentos)"
"B030","9","VL_ISNT_ISS","float","True","","","","","","","","2","N","O","Valor acumulado das operações isentas ou não-tributadas pelo ISS"
"B030","10","VL_BC_ISS","float","True","","","","","","","","2","N","O","Valor acumulado da base de cálculo do ISS"
"B030","11","VL_ISS","float","True","","","","","","","","2","N","O","Valor acumulado do ISS destacado"
"B030","12","COD_INF_OBS","char","","","","","","","006","","","C","","Código da observação do lançamento fiscal (campo 02 do Registro 0460)"
"B035","2","VL_CONT_P","float","True","","","","","","","","2","N","O","Parcela correspondente ao “Valor Contábil” referente à combinação da alíquota e item da lista"
"B035","3","VL_BC_ISS_P","float","True","","","","","","","","2","N","O","Parcela correspondente ao “Valor da base de cálculo do ISS” referente à combinação da alíquota e item da lista"
"B035","4","ALIQ_ISS","float","True","","","","","","","","2","N","O","Alíquota do ISS"
"B035","5","VL_ISS_P","float","True","","","","","","","","2","N","O","Parcela correspondente ao “Valor do ISS” referente à combinação da alíquota e item da lista"
"B035","6","VL_ISNT_ISS_P","float","True","","","","","","","","2","N","O","Parcela correspondente ao “Valor das operações isentas ou não-tributadas pelo ISS” referente à combinação da alíquota e item da lista"
"B035","7","COD_SERV","char","True","","","","","","004*","","","C","O","Item da lista de serviços, conforme Tabela 4.6.3"
"B350","2","COD_CTD","char","True","","","","","","","","","C","O","Código da conta do plano de contas"
"B350","3","CTA_ISS","char","True","","","","","","","","","C","O","Descrição da conta no plano de contas"
"B350","4","CTA_COSIF","char","True","","","","","","008*","numeric_code","","N","O","Código COSIF a que está subordinada a conta do ISS das instituições financeiras"
"B350","5","QTD_OCOR","int","True","","","","","","","","","N","O","Quantidade de ocorrências na conta"
"B350","6","COD_SERV","char","True","","","","","","004*","numeric_code","","N","O","Item da lista de serviços, conforme Tabela 4.6.3."
"B350","7","VL_CONT","float","True","","","","","","","","2","N","O","Valor contábil"
"B350","8","VL_BC_ISS","float","True","","","","","","","","2","N","O","Valor da base de cálculo do ISS"
"B350","9","ALIQ_ISS","float","True","","","","","","","","2","N","O","Alíquota do ISS"
"B350","10","VL_ISS","float","True","","","","","","","","2","N","O","Valor do ISS"
"B350","11","COD_INF_OBS","char","","","","","","","006","","","C","","Código da observação do lançamento fiscal (campo 02 do Registro 0460)"
"B420","2","VL_CONT","float","True","","","","","","","","2","N","O","Totalização do Valor Contábil das prestações do declarante referente à combinação da alíquota e item da lista"
"B420","3","VL_BC_ISS","float","True","","","","","","","","2","N","O","Totalização do Valor da base de cálculo do ISS das prestações do declarante referente à combinação da alíquota e item da lista"
"B420","4","ALIQ_ISS","float","True","","","","","","","","2","N","O","Alíquota do ISS"
"B420","5","VL_ISNT_ISS","float","True","","","","","","","","2","N","O","Totalização do valor das operações isentas ou não-tributadas pelo ISS referente à combinação da alíquota e item da lista "
"B420","6","VL_ISS","float","True","","","","","","","","2","N","O","Totalização, por combinação da alíquota e item da lista, do Valor do ISS"
"B420","7","COD_SERV","char","True","","","","","","004*","","","C","O","Item da lista de serviços, conforme Tabela 4.6.3"
"B440","2","IND_OPER","char","True","","","","","","001","","","C","O","Indicador do tipo de operação"
"B440","3","COD_PART","char","True","","","","","","060","","","C","O","Código do participante (campo 02 do Registro 0150): - do emitente do documento ou do remetente das mercadorias, no caso de entradas; - do adquirente, no caso de saídas"
"B440","4","VL_CONT_RT","float","True","","","","","","","","2","N","O","Totalização do Valor Contábil das prestações e/ou aquisições do declarante pela combinação de tipo de operação e participante."
"B440","5","VL_BC_ISS_RT","float","True","","","","","","","","2","N","O","Totalização do Valor da base de cálculo de retenção do ISS das prestações e/ou aquisições do declarante pela combinação de tipo de operação e participante."
"B440","6","VL_ISS_RT","float","True","","","","","","","","2","N","O","Totalização do Valor do ISS retido pelo tomador das prestações e/ou aquisições do declarante pela combinação de tipo de operação e participante."
"B460","2","IND_DED","char","True","","","","","","001*","numeric_code","","N","O","Indicador do tipo de dedução"
"B460","3","VL_DED","float","True","","","","","","","","2","N","O","Valor da dedução"
"B460","4","NUM_PROC","char","","","","","","","","","","C","","Número do processo ao qual o ajuste está vinculado, se houver"
"B460","5","IND_PROC","char","","","","","","","001*","","","C","","Indicador da origem do processo"
"B460","6","PROC","char","","","","","","","","","","C","","Descrição do processo que embasou o lançamento"
"B460","7","COD_INF_OBS","char","True","","","","","","006","","","C","O","Código da observação do lançamento fiscal (campo 02 do Registro 0460)"
"B460","8","IND_OBR","char","True","","","","","","001*","","","C","O","Indicador da obrigação onde será aplicada a dedução"
"B470","2","VL_CONT","float","True","","","","","","","","2","N","O","Valor das prestações de serviço"
"B470","3","VL_MAT_TERC","float","True","","","","","","","","2","N","O","Valor do material de terceiros"
"B470","4","VL_MAT_PROP","float","True","","","","","","","","2","N","O","Valor do material próprio utilizado na prestação do serviço"
"B470","5","VL_SUB","float","True","","","","","","","","2","N","O","Valor total das subempreitadas"
"B470","6","VL_ISNT","float","True","","","","","","","","2","N","O","Prestações isentas ou não-tributadas"
"B470","7","VL_DED_BC","float","True","","","","","","","","2","N","O","Valor total das deduções da base de cálculo (VL_MAT_TERC + VL_MAT_PROP + VL_SUB + VL_ISNT)"
"B470","8","VL_BC_ISS","float","True","","","","","","","","2","N","O","Valor total da base de cálculo do ISS"
"B470","9","VL_BC_ISS_RT","float","True","","","","","","","","2","N","O","Valor total da base de cálculo de retenção do ISS referente às prestações do declarante"
"B470","10","VL_ISS","float","True","","","","","","","","2","N","O","Valor total do ISS destacado"
"B470","11","VL_ISS_RT","float","True","","","","","","","","2","N","O","Valor total do ISS retido pelo tomador nas prestações do declarante"
"B470","12","VL_DED","float","True","","","","","","","","2","N","O","Valor total das deduções do ISS próprio"
"B470","13","VL_ISS_REC","float","True","","","","","","","","2","N","O","Valor total apurado do ISS próprio a recolher (VL_ISS - VL_ISS_RT - VL_DED)"
"B470","14","VL_ISS_ST","float","True","","","","","","","","2","N","O","Valor total do ISS substituto a recolher pelas aquisições do declarante (tomador)"
"B470","15","VL_ISS_REC_UNI","float","True","","","","","","","","2","N","O","Valor do ISS Uniprofissional a recolher"
"B500","2","VL_REC","float","True","","","","","","","","2","N","O","Valor mensal das receitas auferidas pela sociedade uniprofissional"
"B500","3","QTD_PROF","int","True","","","","","","","","","N","O","Quantidade de profissionais habilitados"
"B500","4","VL_OR","float","True","","","","","","","","2","N","O","Valor do ISS devido"
"B510","2","IND_PROF","char","True","","","","","","001*","","","C","O","Indicador de habilitação"
"B510","3","IND_ESC","char","True","","","","","","001*","","","C","O","Indicador de escolaridade"
"B510","4","IND_SOC","char","True","","","","","","001*","","","C","O","Indicador de participação societária"
"B510","5","CPF","char","True","","","","","","011*","numeric_code","","N","O","Número de inscrição do profissional no CPF"
"B510","6","NOME","char","True","","","","","","100","","","C","O","Nome do profissional"
"B990","2","QTD_LIN_B","int","True","","","","","","","","","N","O","Quantidade total de linhas do Bloco B"
"C001","2","IND_MOV","char","True","","","","","","001","","","C","O","Indicador de movimento"
"C100","2","IND_OPER","char","True","","","","","","001","","","C","O","Indicador do tipo de operação"
"C100","3","IND_EMIT","char","True","","","","","","001","","","C","O","Indicador do emitente do documento fiscal"
"C100","4","COD_PART","char","True","","","","","","060","","","C","O","Código do participante (campo 02 do Registro 0150): - do emitente do documento ou do remetente das mercadorias, no caso de entradas; - do adquirente, no caso de saídas"
"C100","5","COD_MOD","char","True","","","","","","002*","","","C","O","Código do modelo do documento fiscal, conforme a tabela de Codificação dos Documentos"
"C100","6","COD_SIT","char","True","","","","","","002*","numeric_code","","N","O","Código da situação do documento fiscal, conforme a Tabela Situação do Documento"
"C100","7","SER","char","","","","","","","003","","","C","","Série do documento fiscal"
"C100","8","NUM_DOC","char","True","","","","","","009","numeric_code","","N","O","Número do documento fiscal"
"C100","9","CHV_NFE","char","","","","","","","044*","","","C","","Chave da Nota Fiscal Eletrônica"
"C100","10","DT_DOC","date","True","","","","","","008*","","","D","O","Data da emissão do documento fiscal (DDMMAAAA)"
"C100","11","DT_E_S","date","","","","","","","008*","","","D","","Data da entrada ou da saída"
"C100","12","VL_DOC","float","True","","","","","","","","2","N","O","Valor total do documento fiscal"
"C100","13","IND_PGTO","char","True","","","","","","001","","","C","O","Indicador do tipo de pagamento"
"C100","14","VL_DESC","float","","","","","","","","","2","N","","Valor total do desconto"
"C100","15","VL_ABAT_NT","float","","","","","","","","","2","N","","Abatimento não tributado e não comercial Ex. desconto ICMS nas remessas para ZFM"
"C100","16","VL_MERC","float","","","","","","","","","2","N","","Valor das mercadorias constantes no documento fiscal"
"C100","17","IND_FRT","char","True","","","","","","001","","","C","O","Indicador do tipo do frete"
"C100","18","VL_FRT","float","","","","","","","","","2","N","","Valor do frete indicado no documento fiscal"
"C100","19","VL_SEG","float","","","","","","","","","2","N","","Valor do seguro indicado no documento fiscal"
"C100","20","VL_OUT_DA","float","","","","","","","","","2","N","","Valor de outras despesas acessórias"
"C100","21","VL_BC_ICMS","float","","","","","","","","","2","N","","Valor da base de cálculo do ICMS"
"C100","22","VL_ICMS","float","","","","","","","","","2","N","","Valor do ICMS"
"C100","23","VL_BC_ICMS_ST","float","","","","","","","","","2","N","","Valor da base de cálculo do ICMS substituição tributária"
"C100","24","VL_ICMS_ST","float","","","","","","","","","2","N","","Valor do ICMS retido por substituição tributária"
"C100","25","VL_IPI","float","","","","","","","","","2","N","","Valor total do IPI"
"C100","26","VL_PIS","float","","","","","","","","","2","N","","Valor total do PIS"
"C100","27","VL_COFINS","float","","","","","","","","","2","N","","Valor total da COFINS"
"C100","28","VL_PIS_ST","float","","","","","","","","","2","N","","Valor total do PIS retido por substituição tributária"
"C100","29","VL_COFINS_ST","float","","","","","","","","","2","N","","Valor total da COFINS retido por substituição tributária"
"C101","2","VL_FCP_UF_DEST","float","True","","","","","","","","2","N","O","Valor total relativo ao Fundo de Combate à Pobreza (FCP) da UF de destino se for operação de entrada ou da UF de origem de se for operação de saída"
"C101","3","VL_ICMS_UF_DEST","float","True","","","","","","","","2","N","O","Valor total do ICMS interestadual para a UF de destino"
"C101","4","VL_ICMS_UF_REM","float","True","","","","","","","","2","N","O","Valor total do ICMS interestadual para a UF do remetente"
"C105","2","OPER","char","True","","","","","","001*","numeric_code","","N","O","Indicador do tipo de operação: 0-Combustíveis e Lubrificantes; 1-Leasing de veículos ou faturamento direto; 2-Recusa de recebimento (de acordo com as condições descritas nas instruções do Registro)"
"C105","3","COD_UF","char","True","","","","","","002*","","","C","O","Sigla da UF de destino do ICMS_ST"
"C110","2","COD_INF","char","True","","","","","","006","","","C","O","Código da informação complementar do documento fiscal (campo 02 do Registro 0450)"
"C110","3","TXT_COMPL","char","","","","","","","","","","C","","Descrição complementar do código de referência"
"C111","2","NUM_PROC","char","True","","","","","","060","","","C","O","Identificação do processo ou ato concessório"
"C111","3","IND_PROC","char","True","","","","","","001","","","C","O","Indicador da origem do processo"
"C112","2","COD_DA","char","True","","","","","","001","","","C","O","Código do modelo do documento de arrecadação"
"C112","3","UF","char","True","","","","","","002*","","","C","O","Unidade federada beneficiária do recolhimento"
"C112","4","NUM_DA","char","","","","","","","","","","C","","Número do documento de arrecadação"
"C112","5","COD_AUT","char","","","","","","","","","","C","","Código completo da autenticação bancária"
"C112","6","VL_DA","float","True","","","","","","","","2","N","O","Valor do total do documento de arrecadação (principal, atualização monetária, juros e multa)"
"C112","7","DT_VCTO","date","True","","","","","","008*","","","D","O","Data de vencimento do documento de arrecadação"
"C112","8","DT_PGTO","date","True","","","","","","008*","","","D","O","Data de pagamento do documento de arrecadação, ou data do vencimento, no caso de ICMS antecipado a recolher"
"C113","2","IND_OPER","char","True","","","","","","001*","","","C","O","Indicador do tipo de operação"
"C113","3","IND_EMIT","char","True","","","","","","001*","","","C","O","Indicador do emitente do Documento Fiscal"
"C113","4","COD_PART","char","","","","","","","060","","","C","","Código do participante emitente (campo 02 do Registro 0150) do documento referenciado"
"C113","5","COD_MOD","char","True","","","","","","002*","","","C","O","Código do documento fiscal, conforme a tabela de Codificação dos Documentos"
"C113","6","SER","char","","","","","","","004","","","C","","Série do documento fiscal"
"C113","7","SUB","char","","","","","","","003","numeric_code","","N","","Subsérie do documento fiscal"
"C113","8","NUM_DOC","char","True","","","","","","009","numeric_code","","N","O","Número do documento fiscal"
"C113","9","DT_DOC","date","True","","","","","","008*","","","D","O","Data da emissão do documento fiscal"
"C113","10","CHV_DOCE","char","","","","","","","044*","","","C","","Chave do documento eletrônico"
"C114","2","COD_MOD","char","True","","","","","","002*","","","C","O","Código do modelo do documento fiscal, conforme a tabela de Codificação dos Documentos"
"C114","3","ECF_FAB","char","True","","","","","","021","","","C","O","Número de série de fabricação do ECF"
"C114","4","ECF_CX","char","True","","","","","","003","numeric_code","","N","O","Número do caixa atribuído ao ECF"
"C114","5","NUM_DOC","char","True","","","","","","009","numeric_code","","N","O","Número do documento fiscal"
"C114","6","DT_DOC","date","True","","","","","","008*","","","D","O","Data da emissão do documento fiscal"
"C115","2","IND_CARGA","char","","","","","","","001","numeric_code","","N","","Indicador do tipo de transporte da carga coletada"
"C115","3","CNPJ_COL","char","","","","","","","014*","","","C","","Número do CNPJ do contribuinte do local de coleta"
"C115","4","IE_COL","char","","","","","","","014","","","C","","Inscrição Estadual do contribuinte do local de coleta"
"C115","5","CPF_COL","char","","","","","","","011*","numeric_code","","N","","CPF do contribuinte do local de coleta das mercadorias"
"C115","6","COD_MUN_COL","char","","","","","","","007*","numeric_code","","N","","Código do Município do local de coleta conforme tabela IBGE"
"C115","7","CNPJ_ENTG","char","","","","","","","014*","","","C","","Número do CNPJ do contribuinte do local de entrega"
"C115","8","IE_ENTG","char","","","","","","","014","","","C","","Inscrição Estadual do contribuinte do local de entrega"
"C115","9","CPF_ENTG","char","","","","","","","011*","numeric_code","","N","","CPF do contribuinte do local de entrega"
"C115","10","COD_MUN_ENTG","char","","","","","","","007*","numeric_code","","N","","Código do Município do local de entrega conforme tabela do IBGE"
"C116","2","COD_MOD","char","True","","","","","","002*","","","C","O","Código do modelo de Documento Fiscal"
"C116","3","NR_SAT","char","True","","","","","","009","numeric_code","","N","O","Número de série do Equipamento SAT"
"C116","4","CHV_CFE","char","True","","","","","","044*","","","C","O","Chave do Cupom Fiscal Eletrônico"
"C116","5","NUM_CFE","char","True","","","","","","006","numeric_code","","N","O","Número do cupom fiscal eletrônico"
"C116","6","DT_DOC","date","True","","","","","","008*","","","N","O","Data de Emissão do Documento Fiscal"
"C120","2","COD_DOC_IMP","char","","","","","","","001","","","C","","Documento de importação"
"C120","3","NUM_DOC_IMP","char","","","","","","","015","","","C","","Número do documento de Importação"
"C120","4","PIS_IMP","float","","","","","","","","","2","N","","Valor pago de PIS na importação"
"C120","5","COFINS_IMP","float","","","","","","","","","2","N","","Valor pago de COFINS na importação"
"C120","6","NUM_ACDRAW","char","","","","","","","020","","","C","","Número do Ato Concessório do regime Drawback"
"C130","2","VL_SERV_NT","float","","","","","","","","","2","N","","Valor dos serviços sob não-incidência ou não-tributados pelo ICMS"
"C130","3","VL_BC_ISSQN","float","","","","","","","","","2","N","","Valor da base de cálculo do ISSQN"
"C130","4","VL_ISSQN","float","","","","","","","","","2","N","","Valor do ISSQN"
"C130","5","VL_BC_IRRF","float","","","","","","","","","2","N","","Valor da base de cálculo do Imposto de Renda Retido na Fonte"
"C130","6","VL_IRRF","float","","","","","","","","","2","N","","Valor do Imposto de Renda Retido na Fonte"
"C130","7","VL_BC_PREV","float","","","","","","","","","2","N","","Valor da base de cálculo de retenção da Previdência Social"
"C130","8","VL_PREV","float","","","","","","","","","2","N","","Valor destacado para retenção da Previdência Social"
"C140","2","IND_EMIT","char","True","","","","","","001*","","","C","O","Indicador do emitente do título"
"C140","3","IND_TIT","char","True","","","","","","002*","","","C","O","Tipo de título de crédito"
"C140","4","DESC_TIT","char","","","","","","","","","","C","","Descrição complementar do título de crédito"
"C140","5","NUM_TIT","char","True","","","","","","","","","C","O","Número do título de crédito"
"C140","6","QTD_PARC","char","True","","","","","","002","numeric_code","","N","O","Quantidade de parcelas a receber/pagar"
"C140","7","VL_TIT","float","True","","","","","","","","2","N","O","Valor total dos títulos de créditos"
"C141","2","NUM_PARC","char","True","","","","","","002","numeric_code","","N","O","Número da parcela a receber/pagar"
"C141","3","DT_VCTO","date","True","","","","","","008*","","","D","O","Data de vencimento da parcela"
"C141","4","VL_PARC","float","True","","","","","","","","2","N","O","Valor da parcela a receber/pagar"
"C160","2","COD_PART","char","","","","","","","060","","","C","","Código do participante (campo 02 do Registro 0150): - transportador, se houver"
"C160","3","VEIC_ID","char","","","","","","","007*","","","C","","Placa de identificação do veículo"
"C160","4","QTD_VOL","int","","","","","","","","","","N","","Quantidade de volumes transportados"
"C160","5","PESO_BRT","float","","","","","","","","","2","N","","Peso bruto dos volumes transportados (em Kg)"
"C160","6","PESO_LIQ","float","","","","","","","","","2","N","","Peso líquido dos volumes transportados (em Kg)"
"C160","7","UF_ID","char","","","","","","","002","","","C","","Sigla da UF da placa do veículo"
"C165","2","COD_PART","char","","","","","","","060","","","C","","Código do participante (campo 02 do Registro 0150): - transportador, se houver"
"C165","3","VEIC_ID","char","True","","","","","","007*","","","C","O","Placa de identificação do veículo"
"C165","4","COD_AUT","char","","","","","","","","","","C","","Código da autorização fornecido pela SEFAZ (combustíveis)"
"C165","5","NR_PASSE","char","","","","","","","","","","C","","Número do Passe Fiscal"
"C165","6","HORA","char","","","","","","","006*","numeric_code","","N","","Hora da saída das mercadorias"
"C165","7","TEMPER","float","","","","","","","","","1","N","","Temperatura em graus Celsius utilizada para quantificação do volume de combustível"
"C165","8","QTD_VOL","int","True","","","","","","","","","N","O","Quantidade de volumes transportados"
"C165","9","PESO_BRT","float","True","","","","","","","","2","N","O","Peso bruto dos volumes transportados (em Kg)"
"C165","10","PESO_LIQ","float","True","","","","","","","","2","N","O","Peso líquido dos volumes transportados (em Kg)"
"C165","11","NOM_MOT","char","","","","","","","060","","","C","","Nome do motorista"
"C165","12","CPF","char","","","","","","","011*","numeric_code","","N","","CPF do motorista"
"C165","13","UF_ID","char","","","","","","","002","","","C","","Sigla da UF da placa do veículo"
"C170","2","NUM_ITEM","char","True","","","","","","003","numeric_code","","N","O","Número seqüencial do item no documento fiscal"
"C170","3","COD_ITEM","char","True","","","","","","060","","","C","O","Código do item (campo 02 do Registro 0200)"
"C170","4","DESCR_COMPL","char","","","","","","","","","","C","","Descrição complementar do item como adotado no documento fiscal"
"C170","5","QTD","float","True","","","","","","","","5","N","O","Quantidade do item"
"C170","6","UNID","char","True","","","","","","006","","","C","O","Código da unidade de medida do item(Campo 02 do registro 0190)"
"C170","7","VL_ITEM","float","True","","","","","","","","2","N","O","Valor total do item"
"C170","8","VL_DESC","float","","","","","","","","","2","N","","Valor do desconto comercial"
"C170","9","IND_MOV","char","True","","","","","","001","","","C","O","Movimentação física do ITEM/PRODUTO"
"C170","10","CST_ICMS","char","True","","","","","","003*","numeric_code","","N","O","Código da Situação Tributária, referente ao ICMS, conforme Tabela Código da Situação Tributária - CST (ICMS)"
"C170","11","CFOP","char","True","","","","","","004*","numeric_code","","N","O","Código Fiscal de Operação e Prestação"
"C170","12","COD_NAT","char","","","","","","","010","","","C","","Código da natureza da operação (campo 02 do registro 0400)"
"C170","13","VL_BC_ICMS","float","","","","","","","","","2","N","","Valor da base de cálculo do ICMS"
"C170","14","ALIQ_ICMS","float","","","","","","","006","","2","N","","Alíquota do ICMS"
"C170","15","VL_ICMS","float","","","","","","","","","2","N","","Valor do ICMS creditado/debitado"
"C170","16","VL_BC_ICMS_ST","float","","","","","","","","","2","N","","Valor da base de cálculo referente à substituição tributária"
"C170","17","ALIQ_ST","float","","","","","","","006","","2","N","","Alíquota do ICMS da substituição tributária na unidade da federação de destino"
"C170","18","VL_ICMS_ST","float","","","","","","","","","2","N","","Valor do ICMS referente à substituição tributária"
"C170","19","IND_APUR","char","","","","","","","001*","","","C","","Indicador de período de apuração do IPI"
"C170","20","CST_IPI","char","","","","","","","002*","","","C","","Código da Situação Tributária referente ao IPI, conforme Tabela Código de Tributação do IPI – CST_IPI: Tabela publicada pela RFB"
"C170","21","COD_ENQ","char","","","","","","","003*","","","C","","Código de enquadramento legal do IPI, conforme Tabela Código de Enquadramento Legal do IPI – Tabela publicada pela RFB"
"C170","22","VL_BC_IPI","float","","","","","","","","","2","N","","Valor da base de cálculo do IPI"
"C170","23","ALIQ_IPI","float","","","","","","","006","","2","N","","Alíquota do IPI"
"C170","24","VL_IPI","float","","","","","","","","","2","N","","Valor do IPI creditado/debitado"
"C170","25","CST_PIS","char","","","","","","","002*","numeric_code","","N","","Código da Situação Tributária referente ao PIS, conforme Tabela Código de Situação Tributária do PIS – Tabela publicada pela RFB"
"C170","26","VL_BC_PIS","float","","","","","","","","","2","N","","Valor da base de cálculo do PIS"
"C170","27","ALIQ_PIS_PERC","float","","","","","","","008","","4","N","","Alíquota do PIS (em percentual)"
"C170","28","QUANT_BC_PIS","float","","","","","","","","","3","N","","Quantidade – Base de cálculo PIS"
"C170","29","ALIQ_PIS_REAIS","float","","","","","","","","","4","N","","Alíquota do PIS (em reais)"
"C170","30","VL_PIS","float","","","","","","","","","2","N","","Valor do PIS"
"C170","31","CST_COFINS","char","","","","","","","002*","numeric_code","","N","","Código da Situação Tributária referente a COFINS, conforme Tabela Código de Situação Tributária da COFINS – Tabela publicada pela RFB"
"C170","32","VL_BC_COFINS","float","","","","","","","","","2","N","","Valor da base de cálculo da COFINS"
"C170","33","ALIQ_COFINS_PERC","float","","","","","","","008","","4","N","","Alíquota da COFINS (em percentual)"
"C170","34","QUANT_BC_COFINS","float","","","","","","","","","3","N","","Quantidade – Base de cálculo COFINS"
"C170","35","ALIQ_COFINS_REAIS","float","","","","","","","","","4","N","","Alíquota da COFINS (em reais)"
"C170","36","VL_COFINS","float","","","","","","","","","2","N","","Valor da COFINS"
"C170","37","COD_CTA","char","","","","","","","","","","C","","Código da conta analítica contábil debitada/creditada"
"C170","38","VL_ABAT_NT","float","","","","","","","","","2","N","","Valor do abatimento não tributado e não comercial"
"C171","2","NUM_TANQUE","char","","","","","","","003","","","C","","Tanque onde foi armazenado o combustível"
"C171","3","QTDE","float","","","","","","","","","3","N","","Quantidade ou volume armazenado"
"C172","2","VL_BC_ISSQN","float","","","","","","","","","2","N","","Valor da base de cálculo do ISSQN"
"C172","3","ALIQ_ISSQN","float","","","","","","","006","","2","N","","Alíquota do ISSQN"
"C172","4","VL_ISSQN","float","","","","","","","","","2","N","","Valor do ISSQN"
"C173","2","LOTE_MED","char","True","","","","","","","","","C","O","Número do lote de fabricação do medicamento"
"C173","3","QTD_ITEM","float","True","","","","","","","","3","N","O","Quantidade de item por lote"
"C173","4","DT_FAB","date","True","","","","","","008*","","","D","O","Data de fabricação do medicamento"
"C173","5","DT_VAL","date","True","","","","","","008*","","","D","O","Data de expiração da validade do medicamento"
"C173","6","IND_MED","char","True","","","","","","001*","","","C","O","Indicador de tipo de referência da base de cálculo do ICMS (ST) do produto farmacêutico"
"C173","7","TP_PROD","char","True","","","","","","001*","","","C","O","Tipo de produto"
"C173","8","VL_TAB_MAX","float","True","","","","","","","","2","N","O","Preço tabelado ou máximo"
"C174","2","IND_ARM","char","","","","","","","001","","","C","","Indicador do tipo da arma de fogo"
"C174","3","NUM_ARM","char","","","","","","","","","","C","","Numeração de série de fabricação da arma"
"C174","4","DESCR_COMPL","char","","","","","","","","","","C","","Descrição da arma, compreendendo: número do cano, calibre, marca, capacidade de cartuchos, tipo de funcionamento, quantidade de canos, comprimento, tipo de arma, quantidade e sentido das raias e demais elementos que permitam sua perfeita identificação"
"C175","2","IND_VEIC_OPER","char","True","","","","","","001","","","C","O","Indicador do tipo de operação com veículo"
"C175","3","CNPJ","char","","","","","","","014*","","","C","","CNPJ da Concessionária"
"C175","4","UF","char","","","","","","","002*","","","C","","Sigla da unidade da federação da Concessionária"
"C175","5","CHASSI_VEIC","char","True","","","","","","017","","","C","O","Chassi do veículo"
"C176","2","COD_MOD_ULT_E","char","True","","","","","","002","","","C","O","Código do modelo do documento fiscal relativo à última entrada"
"C176","3","NUM_DOC_ULT_E","char","True","","","","","","009","numeric_code","","N","O","Número do documento fiscal relativo à última entrada"
"C176","4","SER_ULT_E","char","","","","","","","003","","","C","","Série do documento fiscal relativa à última entrada"
"C176","5","DT_ULT_E","date","True","","","","","","008*","","","D","O","Data relativa à última entrada da mercadoria"
"C176","6","COD_PART_ULT_E","char","True","","","","","","060","","","C","O","Código do participante (do emitente do documento relativo à última entrada)"
"C176","7","QUANT_ULT_E","float","True","","","","","","","","3","N","O","Quantidade do item relativa à última entrada"
"C176","8","VL_UNIT_ULT_E","float","True","","","","","","","","3","N","O","Valor unitário da mercadoria constante na NF relativo à última entrada inclusive despesas acessórias"
"C176","9","VL_UNIT_BC_ST","float","True","","","","","","","","3","N","O","Valor unitário da base de cálculo do imposto pago por substituição"
"C176","10","CHAVE_NFE_ULT_E","char","","","","","","","044*","","","C","","Número completo da chave da NFe relativo à última entrada"
"C176","11","NUM_ITEM_ULT_E","char","","","","","","","003","numeric_code","","N","","Número sequencial do item na NF entrada que corresponde à mercadoria objeto de pedido de ressarcimento"
"C176","12","VL_UNIT_BC_ICMS_ULT_E","float","","","","","","","","","2","N","","Valor unitário da base de cálculo da operação própria do remetente sob o regime comum de tributação"
"C176","13","ALIQ_ICMS_ULT_E","float","","","","","","","","","2","N","","Alíquota do ICMS aplicável à última entrada da mercadoria"
"C176","14","VL_UNIT_LIMITE_BC_ICMS_ULT_E","float","","","","","","","","","2","N","","Valor unitário da base de cálculo do ICMS relativo à última entrada da mercadoria, limitado ao valor da BC da retenção (corresponde ao menor valor entre os campos VL_UNIT_BC_ST e VL_UNIT_BC_ICMS_ULT_E )"
"C176","15","VL_UNIT_ICMS_ULT_E","float","","","","","","","","","3","N","","Valor unitário do crédito de ICMS sobre operações próprias do remetente, relativo à última entrada da mercadoria, decorrente da quebra da ST – equivalente a multiplicação entre os campos 13 e 14"
"C176","16","ALIQ_ST_ULT_E","float","","","","","","","","","2","N","","Alíquota do ICMS ST relativa à última entrada da mercadoria"
"C176","17","VL_UNIT_RES","float","","","","","","","","","3","N","","Valor unitário do ressarcimento (parcial ou completo) de ICMS decorrente da quebra da ST"
"C176","18","COD_RESP_RET","char","","","","","","","001*","numeric_code","","N","","Código que indica o responsável pela retenção do ICMS-ST"
"C176","19","COD_MOT_RES","char","","","","","","","001*","numeric_code","","N","","Código do motivo do ressarcimento:"
"C176","20","CHAVE_NFE_RET","char","","","","","","","044*","","","C","","Número completo da chave da NF-e emitida pelo substituto, na qual consta o valor do ICMS-ST retido"
"C176","21","COD_PART_NFE_RET","char","","","","","","","060","","","C","","Código do participante do emitente da NF-e em que houve a retenção do ICMS-ST – campo 02 do registro 0150"
"C176","22","SER_NFE_RET","char","","","","","","","003","","","C","","Série da NF-e em que houve a retenção do ICMS-ST"
"C176","23","NUM_NFE_RET","char","","","","","","","009","numeric_code","","N","","Número da NF-e em que houve a retenção do ICMS-ST"
"C176","24","ITEM_NFE_RET","char","","","","","","","003","numeric_code","","N","","Número sequencial do item na NF-e em que houve a retenção do ICMS-ST, que corresponde à mercadoria objeto de pedido de ressarcimento"
"C176","25","COD_DA","char","","","","","","","001*","","","C","","Código do modelo do documento de arrecadação"
"C176","26","NUM_DA","char","","","","","","","","","","C","","Número do documento de arrecadação estadual, se houver"
"C176","27","VL_UNIT_RES_FCP_ST","float","","","","","","","","","3","N","","Valor unitário do ressarcimento (parcial ou completo) de FCP decorrente da quebra da ST"
"C177","2","COD_INF_ITEM","char","True","","","","","","008*","","","C","O","Código da informação adicional de acordo com tabela a ser publicada pelas SEFAZ, conforme tabela definida no item 5.6"
"C178","2","CL_ENQ","char","","","","","","","005","","","C","","Código da classe de enquadramento do IPI, conforme Tabela de Códigos da Classe de Enquadramento do IPI"
"C178","3","VL_UNID","float","","","","","","","","","2","N","","Valor por unidade padrão de tributação"
"C178","4","QUANT_PAD","float","","","","","","","","","3","N","","Quantidade total de produtos na unidade padrão de tributação"
"C179","2","BC_ST_ORIG_DEST","float","True","","","","","","","","2","N","O","Valor da base de cálculo ST na origem/destino em operações interestaduais"
"C179","3","ICMS_ST_REP","float","True","","","","","","","","2","N","O","Valor do ICMS-ST a repassar/deduzir em operações interestaduais"
"C179","4","ICMS_ST_COMPL","float","","","","","","","","","2","N","","Valor do ICMS-ST a complementar à UF de destino"
"C179","5","BC_RET","float","","","","","","","","","2","N","","Valor da base de cálculo de retenção em remessa promovida por Substituído intermediário"
"C179","6","ICMS_RET","float","","","","","","","","","2","N","","Valor da parcela do imposto retido em remessa promovida por substituído intermediário"
"C180","2","COD_RESP_RET","char","","","","","","","001*","numeric_code","","N","","Código que indica o responsável pela retenção do ICMS-ST:"
"C180","3","QUANT_CONV","float","","","","","","","","","6","N","","Quantidade do item"
"C180","4","UNID","char","","","","","","","006","","","C","","Unidade adotada para informar a quantidade do item (campo 03)"
"C180","5","VL_UNIT_CONV","float","","","","","","","","","6","N","","Valor unitário da mercadoria, considerando a unidade utilizada para informar o campo “quantidade do item”"
"C180","6","VL_UNIT_ICMS_OP_CONV","float","","","","","","","","","6","N","","Valor unitário do ICMS operação própria que o informante teria direito ao crédito caso a mercadoria estivesse sob o regime comum de tributação, considerando unidade utilizada para informar o campo “QUANT_CONV”"
"C180","7","VL_UNIT_BC_ICMS_ST_CONV","float","","","","","","","","","6","N","","Valor unitário da Base de Cálculo do ICMS ST"
"C180","8","VL_UNIT_ICMS_ST_CONV","float","","","","","","","","","6","N","","Valor unitário de ICMS ST"
"C180","9","VL_UNIT_FCP_ST_CONV","float","","","","","","","","","6","N","","Valor unitário da parcela do FCP_ST agregado ao valor informado no campo “VL_UNIT_ICMS_ST_CONV”"
"C180","10","COD_DA","char","","","","","","","001*","","","C","","Código do modelo do documento de arrecadação"
"C180","11","NUM_DA","char","","","","","","","","","","C","","Número do documento de arrecadação estadual, se houver"
"C181","2","COD_MOT_REST_COMPL","char","","","","","","","005*","","","C","","Código do motivo da restituição ou complementação conforme Tabela 5.7"
"C181","3","QUANT_CONV","float","","","","","","","","","6","N","","Quantidade do Item"
"C181","4","UNID","char","","","","","","","006","","","C","","Unidade adotada para informar o campo Quantidade do Item QUANT_CONV"
"C181","5","COD_MOD_SAIDA","char","","","","","","","002*","","","C","","Código do modelo do documento fiscal de saída, conforme a tabela indicada no item 4.1.1"
"C181","6","SERIE_SAIDA","char","","","","","","","003","","","C","","Número de série do documento de saída em papel"
"C181","7","ECF_FAB_SAIDA","char","","","","","","","021","","","C","","Número de série de fabricação do equipamento ECF"
"C181","8","NUM_DOC_SAIDA","char","","","","","","","009","numeric_code","","N","","Número do documento fiscal de saída"
"C181","9","CHV_DFE_SAIDA","char","","","","","","","044*","","","C","","Chave do documento fiscal eletrônico de saída"
"C181","10","DT_DOC_SAIDA","date","","","","","","","008*","","","D","","Data da emissão do documento fiscal de saída"
"C181","11","NUM_ITEM_SAIDA","char","","","","","","","003","numeric_code","","N","","Número do item informado na saída"
"C181","12","VL_UNIT_CONV_SAIDA","float","","","","","","","","","6","N","","Valor unitário da mercadoria informado na saída"
"C181","13","VL_UNIT_ICMS_OP_ESTOQUE_CONV_SAIDA","float","","","","","","","","","6","N","","Valor médio unitário do ICMS OP informado na saída"
"C181","14","VL_UNIT_ICMS_ST_ESTOQUE_CONV_SAIDA","float","","","","","","","","","6","N","","Valor médio unitário do ICMS ST, incluindo FCP ST, em estoque informado na saída"
"C181","15","VL_UNIT_FCP_ICMS_ST_ESTOQUE_CONV_SAIDA","float","","","","","","","","","6","N","","Parcela correspondente a FCP ST que compõe o campo anterior"
"C181","16","VL_UNIT_ICMS_NA_OPERACAO_CONV_SAIDA","float","","","","","","","","","6","N","","Valor unitá para o ICMS na operação informado na saída"
"C181","17","VL_UNIT_ICMS_OP_CONV_SAIDA","float","","","","","","","","","6","N","","Valor unitário de ICMS OP para desfazimento da ST informado na saída"
"C181","18","VL_UNIT_ICMS_ST_CONV_REST","float","","","","","","","","","6","N","","Valor unitário do estorno de complemento, incluindo FCP ST"
"C181","19","VL_UNIT_FCP_ST_CONV_REST","float","","","","","","","","","6","N","","Parcela correspondente a FCP ST que compõe o campo anterior"
"C181","20","VL_UNIT_ICMS_ST_CONV_COMPL","float","","","","","","","","","6","N","","Valor unitário do estorno do ressarcimento/restituição, incluindo FCP ST"
"C181","21","VL_UNIT_FCP_ST_CONV_COMPL","float","","","","","","","","","6","N","","Parcela correspondente a FCP ST que compõe o campo anterior"
"C185","2","NUM_ITEM","char","","","","","","","003","numeric_code","","N","","Quantidade do item"
"C185","3","COD_ITEM","char","","","","","","","060","","","C","","Código do item (campo 02 do Registro 0200)"
"C185","4","CST_ICMS","char","","","","","","","003*","numeric_code","","N","","Código da Situação Tributária referente ao ICMS"
"C185","5","CFOP","char","","","","","","","004*","numeric_code","","N","","Código Fiscal de Operação e Prestação"
"C185","6","COD_MOT_REST_COMPL","char","","","","","","","005*","","","C","","Código do motivo da restituição ou complementação conforme Tabela 5.7"
"C185","7","QUANT_CONV","float","","","","","","","","","6","N","","Quantidade do item"
"C185","8","UNID","char","","","","","","","006","","","C","","Unidade adotada p/ o campo QUANT_CONV"
"C185","9","VL_UNIT_CONV","float","","","","","","","","","6","N","","Valor unitário da mercadoria, considerando a unidade utilizada para informar o campo “QUANT_CONV”"
"C185","10","VL_UNIT_ICMS_NA_OPERACAO_CONV","float","","","","","","","","","6","N","","Valor unitário para o ICMS na operação, caso não houvesse a ST, considerando unidade utilizada para informar o campo “QUANT_CONV”"
"C185","11","VL_UNIT_ICMS_OP_CONV","float","","","","","","","","","6","N","","Valor unitário de ICMS Operações Próprias(OP) para desfazimento da Substituição Tributária(ST)"
"C185","12","VL_UNIT_ICMS_OP_ESTOQUE_CONV","float","","","","","","","","","6","N","","Valor unitário médio de ICMS Operações Próprias"
"C185","13","VL_UNIT_ICMS_ST_ESTOQUE_CONV","float","","","","","","","","","6","N","","Valor unitário médio de ICMS ST, incluindo FCP ST"
"C185","14","VL_UNIT_FCP_ICMS_ST_ESTOQUE_CONV","float","","","","","","","","","6","N","","Parcela correspondente a FCP ST que compõe o campo “Valor unit. médio de ICMS ST, incluindo FCP ST”"
"C185","15","VL_UNIT_ICMS_ST_CONV_REST","float","","","","","","","","","6","N","","Valor unitário do ICMS ST, incluindo FCP ST, a ser restituído/ressarcido"
"C185","16","VL_UNIT_FCP_ST_CONV_REST","float","","","","","","","","","6","N","","Parcela correspondente a FCP ST que compõe o campo “Valor unit. ICMS ST, incluindo FCP ST, a ser restituído/ressarcido”"
"C185","17","VL_UNIT_ICMS_ST_CONV_COMPL","float","","","","","","","","","6","N","","Valor unitário do complemento do ICMS, incluindo FCP ST, considerando a unidade utilizada para informar o campo “Quantidade do Item”"
"C185","18","VL_UNIT_FCP_ST_CONV_COMPL","float","","","","","","","","","6","N","","Valor unitário correspondente à parcela de FCP ST que compõe o campo acima, considerando unidade utilizada para informar o campo “Quantidade do Item”."
"C186","2","NUM_ITEM","char","","","","","","","003","numeric_code","","N","","Número sequencial do item no documento fiscal"
"C186","3","COD_ITEM","char","","","","","","","060","","","C","","Código do item (campo 02 do Registro 0200)"
"C186","4","CST_ICMS","char","","","","","","","003*","","","C",""," Código da Situação Tributária referente ao ICMS"
"C186","5","CFOP","char","","","","","","","004*","","","C","","Código Fiscal de Operação e Prestação"
"C186","6","COD_MOT_REST_COMPL","char","","","","","","","005*","","","C","","Código do motivo da restituição ou complementação conforme Tabela 5.7"
"C186","7","QUANT_CONV","float","","","","","","","","","6","N","","Quantidade do item"
"C186","8","UNID","char","","","","","","","006","","","C","","Unidade adotada para informar a quantidade do item"
"C186","9","COD_MOD_ENTRADA","char","","","","","","","002*","","","C","","Código do modelo do documento fiscal de entrada, conforme a tabela indicada no item 4.1.1"
"C186","10","SERIE_ENTRADA","char","","","","","","","003","","","C","","Número de série do documento de entrada em papel"
"C186","11","NUM_DOC_ENTRADA","char","","","","","","","009","numeric_code","","N","","Número do documento fiscal de entrada"
"C186","12","CHV_DFE_ENTRADA","char","","","","","","","044*","","","C","","Chave do documento fiscal eletrônico de entrada"
"C186","13","DT_DOC_ENTRADA","date","","","","","","","008*","","6","D","","Data da emissão do documento fiscal de entrada"
"C186","14","NUM_ITEM_ENTRADA","char","","","","","","","003","numeric_code","","N","","Número do item informado na entrada"
"C186","15","VL_UNIT_CONV_ENTRADA","float","","","","","","","","","6","N","","VValor unitário da mercadoria informado na entrada"
"C186","16","VL_UNIT_ICMS_OP_CONV_ENTRADA","float","","","","","","","","","6","N","","Valor unitário do ICMS OP informado na entrada"
"C186","17","VL_UNIT_BC_ICMS_ST_CONV_ENTRADA","float","","","","","","","","","6","N","","Valor unitário da Base de Cálculo do ICMS ST informado na entrada"
"C186","18","VL_UNIT_ICMS_ST_CONV_ENTRADA","float","","","","","","","","","6","N","","Valor unitário ICMS ST informado na entrada"
"C186","19","VL_UNIT_FCP_ST_CONV_ENTRADA","float","","","","","","","","","6","N","","Parcela correspondente a FCP ST que compõe o campo anterior"
"C190","2","CST_ICMS","char","True","","","","","","003*","numeric_code","","N","O","Código da Situação Tributária"
"C190","3","CFOP","char","True","","","","","","004*","numeric_code","","N","O","Código Fiscal de Operação e Prestação do agrupamento de itens"
"C190","4","ALIQ_ICMS","float","","","","","","","006","","2","N","","Alíquota do ICMS"
"C190","5","VL_OPR","float","True","","","","","","","","2","N","O","Valor da operação na combinação de CST_ICMS, CFOP e alíquota do ICMS, correspondente ao somatório do valor das mercadorias, despesas acessórias (frete, seguros e outras despesas acessórias), ICMS_ST, FCP_ST e IPI"
"C190","6","VL_BC_ICMS","float","True","","","","","","","","2","N","O","Parcela correspondente ao “Valor da base de cálculo do ICMS” referente à combinação de CST/ICMS, CFOP e alíquota do ICMS"
"C190","7","VL_ICMS","float","True","","","","","","","","2","N","O","Parcela correspondente ao “Valor do ICMS”, incluindo o FCP, quando aplicável, referente à combinação de CST_ICMS, CFOP e alíquota do ICMS"
"C190","8","VL_BC_ICMS_ST","float","True","","","","","","","","2","N","O","Parcela correspondente ao “Valor da base de cálculo do ICMS” da substituição tributária, referente à combinação de CST/ICMS, CFOP e alíquota do ICMS"
"C190","9","VL_ICMS_ST","float","True","","","","","","","","2","N","O","Parcela correspondente ao valor creditado/debitado do ICMS da substituição tributária, incluindo o FCP_ ST, quando aplicável, referente à combinação de CST_ICMS, CFOP, e alíquota do ICMS"
"C190","10","VL_RED_BC","float","True","","","","","","","","2","N","O","Valor não tributado em função da redução da base de cálculo do ICMS, referente à combinação de CST/ICMS, CFOP e alíquota do ICMS"
"C190","11","VL_IPI","float","True","","","","","","","","2","N","O","Parcela correspondente ao “Valor do IPI” referente à combinação CST/ICMS, CFOP e alíquota do ICMS"
"C190","12","COD_OBS","char","","","","","","","006","","","C","","Código da observação do lançamento fiscal (campo 02 do Registro 0460)"
"C191","2","VL_FCP_OP","float","","","","","","","","","2","N","","Valor do Fundo de Combate à Pobreza (FCP) vinculado à operação própria, na combinação de CST_ICMS, CFOP e alíquota do ICMS"
"C191","3","VL_FCP_ST","float","","","","","","","","","2","N","","Valor do Fundo de Combate à Pobreza (FCP) vinculado à operação de substituição tributária, na combinação de CST_ICMS, CFOP e alíquota do ICMS"
"C191","4","VL_FCP_RET","float","","","","","","","","","2","N","","Valor relativo ao Fundo de Combate à Pobreza (FCP) retido anteriormente nas operações com Substituição Tributárias, na combinação de CST_ICMS, CFOP e alíquota do ICMS"
"C195","2","COD_OBS","char","True","","","","","","006","","","C","O","Código da observação do lançamento fiscal (campo 02 do Registro 0460)"
"C195","3","TXT_COMPL","char","","","","","","","","","","C","","Descrição complementar do código de observação"
"C197","2","COD_AJ","char","True","","","","","","010*","","","C","O","Código do ajuste/benefício/incentivo, conforme TABELA DE AJUSTES E INFORMAÇÕES DE VALORES PROVENIENTES DE DOCUMENTO FISCAL"
"C197","3","DESCR_COMPL_AJ","char","","","","","","","","","","C","","Descrição complementar do ajuste do documento fiscal"
"C197","4","COD_ITEM","char","","","","","","","060","","","C","","Código do item (campo 02 do Registro 0200)"
"C197","5","VL_BC_ICMS","float","","","","","","","","","2","N","","Base de cálculo do ICMS ou do ICMS ST"
"C197","6","ALIQ_ICMS","float","","","","","","","006","","2","N","","Alíquota do ICMS"
"C197","7","VL_ICMS","float","","","","","","","","","2","N","","Valor do ICMS ou ICMS ST"
"C197","8","VL_OUTROS","float","","","","","","","","","2","N","","Outros valores"
"C300","2","COD_MOD","char","","","","","","","002*","","","C","","Código do modelo do documento fiscal, conforme a Tabela Documentos Fiscais do ICMS"
"C300","3","SER","char","","","","","","","004","","","C","","Série do documento fiscal"
"C300","4","SUB","char","","","","","","","003","","","C","","Subsérie do documento fiscal"
"C300","5","NUM_DOC_INI","char","","","","","","","006","numeric_code","","N","","Número do documento fiscal inicial"
"C300","6","NUM_DOC_FIN","char","","","","","","","006","numeric_code","","N","","Número do documento fiscal final"
"C300","7","DT_DOC","date","","","","","","","008*","","","D","","Data da emissão dos documentos fiscais"
"C300","8","VL_DOC","float","","","","","","","","","2","N","","Valor total dos documentos"
"C300","9","VL_PIS","float","","","","","","","","","2","N","","Valor total do PIS"
"C300","10","VL_COFINS","float","","","","","","","","","2","N","","Valor total da COFINS"
"C300","11","COD_CTA","char","","","","","","","","","","C","","Código da conta analítica contábil debitada/creditada"
"C310","2","NUM_DOC_CANC","char","","","","","","","006","numeric_code","","N","","Número do documento fiscal cancelado"
"C320","2","CST_ICMS","char","","","","","","","003*","numeric_code","","N","","Código da Situação Tributária referente ao ICMS, conforme Tabela Código da Situação Tributária - CST (ICMS)"
"C320","3","CFOP","char","","","","","","","004*","numeric_code","","N","","Código Fiscal de Operação e Prestação"
"C320","4","ALIQ_ICMS","float","","","","","","","006","","2","N","","Alíquota do ICMS"
"C320","5","VL_OPR","float","","","","","","","","","2","N","","Valor total acumulado das operações correspondentes à combinação de CST/ICMS, CFOP e alíquota do ICMS, incluídas as despesas acessórias e acréscimos"
"C320","6","VL_BC_ICMS","float","","","","","","","","","2","N","","Valor acumulado da base de cálculo do ICMS, referente à combinação de CST/ICMS, CFOP e alíquota do ICMS"
"C320","7","VL_ICMS","float","","","","","","","","","2","N","","Valor acumulado do ICMS, referente à combinação de CST/ICMS, CFOP e alíquota do ICMS"
"C320","8","VL_RED_BC","float","","","","","","","","","2","N","","Valor não tributado em função da redução da base de cálculo do ICMS, referente à combinação de CST/ICMS, CFOP e alíquota do ICMS"
"C320","9","COD_OBS","char","","","","","","","006","","","C","","Código da observação do lançamento fiscal (campo 02 do Registro 0460)"
"C321","2","COD_ITEM","char","","","","","","","060","","","C","","Código do item (campo 02 do Registro 0200)"
"C321","3","QTD","float","","","","","","","","","3","N","","Quantidade acumulada do item"
"C321","4","UNID","char","","","","","","","006","","","C","","Unidade do item (Campo 02 do registro 0190)"
"C321","5","VL_ITEM","float","","","","","","","","","2","N","","Valor acumulado do item"
"C321","6","VL_DESC","float","","","","","","","","","2","N","","Valor do desconto acumulado"
"C321","7","VL_BC_ICMS","float","","","","","","","","","2","N","","Valor acumulado da base de cálculo do ICMS"
"C321","8","VL_ICMS","float","","","","","","","","","2","N","","Valor acumulado do ICMS debitado"
"C321","9","VL_PIS","float","","","","","","","","","2","N","","Valor acumulado do PIS"
"C321","10","VL_COFINS","float","","","","","","","","","2","N","","Valor acumulado da COFINS"
"C330","2","COD_MOT_REST_COMPL","char","","","","","","","005*","","","C","","Código do motivo da restituição ou complementação conforme Tabela 5.7"
"C330","3","QUANT_CONV","float","","","","","","","","","6","N","","Quantidade do item"
"C330","4","UNID","char","","","","","","","006","","","C","","Unidade adotada para informar o campo QUANT_CONV."
"C330","5","VL_UNIT_CONV","float","","","","","","","","","6","N","","Valor unitário da mercadoria, considerando a unidade utilizada para informar o campo “QUANT_CONV”"
"C330","6","VL_UNIT_ICMS_NA_OPERACAO_CONV","float","","","","","","","","","6","N","","Valor unitário da mercadoria, considerando a unidade utilizada para informar o campo “QUANT_CONV”"
"C330","7","VL_UNIT_ICMS_OP_CONV","float","","","","","","","","","6","N","","Valor unitário de ICMS Operações Próprias(OP) para desfazimento da Substituição Tributária(ST)"
"C330","8","VL_UNIT_BC_ICMS_ST_ESTOQUE_CONV","float","","","","","","","","","6","N","","Valor unitário médio de ICMS ST, incluindo FCP ST"
"C330","9","VL_UNIT_ICMS_ST_ESTOQUE_CONV","float","","","","","","","","","6","N","","Valor unitário médio de ICMS ST, incluindo FCP ST"
"C330","10","VL_UNIT_FCP_ICMS_ST_ESTOQUE_CONV","float","","","","","","","","","6","N","","Parcela correspondente a FCP ST que compõe o campo “Valor unit. médio de ICMS ST, incluindo FCP ST”"
"C330","11","VL_UNIT_ICMS_ST_CONV_REST","float","","","","","","","","","6","N","","Valor unitário do ICMS ST, incluindo FCP ST, a ser restituído/ressarcido"
"C330","12","VL_UNIT_FCP_ST_CONV_REST","float","","","","","","","","","6","N","","Parcela correspondente a FCP ST que compõe o campo “Valor unit. ICMS ST, incluindo FCP ST, a ser restituído/ressarcido”"
"C330","13","VL_UNIT_ICMS_ST_CONV_COMPL","float","","","","","","","","","6","N","","Valor unitário do complemento do ICMS, incluindo FCP ST, considerando a unidade utilizada para informar o campo “Quantidade do Item”"
"C330","14","VL_UNIT_FCP_ST_CONV_COMPL","float","","","","","","","","","6","N","","Valor unitário correspondente à parcela de FCP ST que compõe o campo acima, considerando unidade utilizada para informar o campo “Quantidade do Item”."
"C350","2","SER","char","","","","","","","004","","","C","","Série do documento fiscal"
"C350","3","SUB_SER","char","","","","","","","003","","","C","","Subsérie do Documento Fiscal"
"C350","4","NUM_DOC","char","","","","","","","006","numeric_code","","N","","Número do documento fiscal"
"C350","5","DT_DOC","date","","","","","","","008","","","D","","Data da emissão do documento fiscal"
"C350","6","CNPJ_CPF","char","","","","","","","014","","","C","","CNPJ ou CPF do destinatário"
"C350","7","VL_MERC","float","","","","","","","","","2","N","","Valor das mercadorias constantes no documento fiscal"
"C350","8","VL_DOC","float","","","","","","","","","2","N","","Valor Total do Documento Fiscal"
"C350","9","VL_DESC","float","","","","","","","","","2","N","","Valor Total do desconto"
"C350","10","VL_PIS","float","","","","","","","","","2","N","","Valor Total do PIS"
"C350","11","VL_COFIS","float","","","","","","","","","2","N","","Valor Total da COFIS"
"C350","12","COD_CTA","char","","","","","","","","","","C","","Código da Conta Analítica Contábil creditada/Debitada"
"C370","2","NUM_ITEM","char","","","","","","","003","numeric_code","","N","","Número Sequencial do item no documento fiscal"
"C370","3","COD_ITEM","char","","","","","","","060","","","C","","Código do Item (Campo 02 do Registro 0200)"
"C370","4","QTD","float","","","","","","","","","3","N","","Quantidade do Item"
"C370","5","UNID","char","","","","","","","006","","","C","","Unidade do Item (campo 02 do Registro 0190)"
"C370","6","VL_ITEM","float","","","","","","","","","2","N","","Valor total do item"
"C370","7","VL_DESC","float","","","","","","","","","2","N","","Valor total do desconto no item"
"C380","2","COD_MOT_REST_COMPL","char","","","","","","","005*","","","C","","Código do motivo da restituição ou complementação conforme Tabela 5.7"
"C380","3","QUANT_CONV","float","","","","","","","","","6","N","","Quantidade do item"
"C380","4","UNID","char","","","","","","","006","","","C","","Unidade adotada para informar o campo QUANT_CONV."
"C380","5","VL_UNIT_CONV","float","","","","","","","","","6","N","","Valor unitário da mercadoria, considerando a unidade utilizada para informar o campo “QUANT_CONV”"
"C380","6","VL_UNIT_ICMS_NA_OPERACAO_CONV","float","","","","","","","","","6","N","","Valor unitário da mercadoria, considerando a unidade utilizada para informar o campo “QUANT_CONV”"
"C380","7","VL_UNIT_ICMS_OP_CONV","float","","","","","","","","","6","N","","Valor unitário de ICMS Operações Próprias(OP) para desfazimento da Substituição Tributária(ST)"
"C380","8","VL_UNIT_BC_ICMS_ST_ESTOQUE_CONV","float","","","","","","","","","6","N","","Valor unitário médio de ICMS Operações Próprias"
"C380","9","VL_UNIT_ICMS_ST_ESTOQUE_CONV","float","","","","","","","","","6","N","","Valor unitário médio de ICMS ST, incluindo FCP ST"
"C380","10","VL_UNIT_FCP_ICMS_ST_ESTOQUE_CONV","float","","","","","","","","","6","N","","Parcela correspondente a FCP ST que compõe o campo “Valor unit. médio de ICMS ST, incluindo FCP ST”"
"C380","11","VL_UNIT_ICMS_ST_CONV_REST","float","","","","","","","","","6","N","","Valor unitário do ICMS ST, incluindo FCP ST, a ser restituído/ressarcido"
"C380","12","VL_UNIT_FCP_ST_CONV_REST","float","","","","","","","","","6","N","","Parcela correspondente a FCP ST que compõe o campo “Valor unit. ICMS ST, incluindo FCP ST, a ser restituído/ressarcido”"
"C380","13","VL_UNIT_ICMS_ST_CONV_COMPL","float","","","","","","","","","6","N","","Valor unitário do complemento do ICMS, incluindo FCP ST, considerando a unidade utilizada para informar o campo “Quantidade do Item”"
"C380","14","VL_UNIT_FCP_ST_CONV_COMPL","float","","","","","","","","","6","N","","Valor unitário correspondente à parcela de FCP ST que compõe o campo acima, considerando unidade utilizada para informar o campo “Quantidade do Item”."
"C380","15","CST_ICMS","char","","","","","","","003*","numeric_code","","N","","Código da Situação Tributária referente ao ICMS"
"C380","16","CFOP","char","","","","","","","004*","numeric_code","","N","","Código Fiscal de Operação e Prestação"
"C390","2","CST_ICMS","char","","","","","","","003*","numeric_code","","N","","Código da Situação Tributária"
"C390","3","CFOP","char","","","","","","","004*","numeric_code","","N","","Código Fiscal de Operação e Prestação"
"C390","4","ALIQ_ICMS","float","","","","","","","006","","2","N","","Alíquota do ICMS"
"C390","5","VL_OPR","float","","","","","","","","","2","N","","Valor total acumulado das operações correspondentes à combinação de CST_ICMS, CFOP e alíquota do ICMS, incluídas as despesas acessórias e acréscimos"
"C390","6","VL_BC_ICMS","float","","","","","","","","","2","N","","Valor acumulado da base de cálculo do ICMS, referente à combinação de CST_ICMS, CFOP, e alíquota do ICMS"
"C390","7","VL_ICMS","float","","","","","","","","","2","N","","Valor acumulado do ICMS, referente à combinação de CST_ICMS, CFOP e alíquota do ICMS"
"C390","8","VL_RED_BC","float","","","","","","","","","2","N","","Valor não tributado em função da redução da base de cálculo do ICMS, referente à combinação de CST_ICMS, CFOP, e alíquota do ICMS"
"C390","9","COD_OBS","char","","","","","","","006","","","C","","Código da observação do lançamento fiscal (campo 02 do Registro 0460)"
"C400","2","COD_MOD","char","","","","","","","002*","","","C","","Código do modelo do documento fiscal, conforme a Tabela Documentos Fiscais do ICMS"
"C400","3","ECF_MOD","char","","","","","","","020","","","C","","Modelo do equipamento"
"C400","4","ECF_FAB","char","","","","","","","021","","","C","","Número de série de fabricação do ECF"
"C400","5","ECF_CX","char","","","","","","","003","numeric_code","","N","","Número do caixa atribuído ao ECF"
"C405","2","DT_DOC","date","","","","","","","008*","","","D","","Data do movimento a que se refere a Redução Z"
"C405","3","CRO","char","","","","","","","003","numeric_code","","N","","Posição do Contador de Reinício de Operação"
"C405","4","CRZ","char","","","","","","","006","numeric_code","","N","","Posição do Contador de Redução Z"
"C405","5","NUM_COO_FIN","char","","","","","","","009","numeric_code","","N","","Número do Contador de Ordem de Operação do último documento emitido no dia. (Número do COO na Redução Z)"
"C405","6","GT_FIN","float","","","","","","","","","2","N","","Valor do Grande Total final"
"C405","7","VL_BRT","float","","","","","","","","","2","N","","Valor da venda bruta"
"C410","2","VL_PIS","float","","","","","","","","","2","N","","Valor total do PIS"
"C410","3","VL_COFINS","float","","","","","","","","","2","N","","Valor total da COFINS"
"C420","2","COD_TOT_PAR","char","","","","","","","007","","","C","","Código do totalizador, conforme Tabela de Códigos dos Totalizadores Parciais da REDUÇÃO Z"
"C420","3","VLR_ACUM_TOT","float","","","","","","","","","2","N","","Valor acumulado no totalizador, relativo à respectiva Redução Z"
"C420","4","NR_TOT","char","","","","","","","002","numeric_code","","N","","Número do totalizador quando ocorrer mais de uma situação com a mesma carga tributária efetiva"
"C420","5","DESCR_NR_TOT","char","","","","","","","","","","C","","Descrição da situação tributária relativa ao totalizador parcial do campo anterior"
"C425","2","COD_ITEM","char","","","","","","","060","","","C","","Código do item (campo 02 do Registro 0200)"
"C425","3","QTD","float","","","","","","","","","3","N","","Quantidade acumulada do item"
"C425","4","UNID","char","","","","","","","006","","","C","","Unidade do item (Campo 02 do registro 0190)"
"C425","5","VL_ITEM","float","","","","","","","","","2","N","","Valor acumulado do item"
"C425","6","VL_PIS","float","","","","","","","","","2","N","","Valor do PIS"
"C425","7","VL_COFINS","float","","","","","","","","","2","N","","Valor da COFINS"
"C430","2","COD_MOT_REST_COMPL","char","","","","","","","005*","","","C","","Código do motivo da restituição ou complementação conforme Tabela 5.7"
"C430","3","QUANT_CONV","float","","","","","","","","","6","N","","Quantidade do item"
"C430","4","UNID","char","","","","","","","006","","","C","","Unidade adotada para informar o campo QUANT_CONV."
"C430","5","VL_UNIT_CONV","float","","","","","","","","","6","N","","Valor unitário da mercadoria, considerando a unidade utilizada para informar o campo “QUANT_CONV”"
"C430","6","VL_UNIT_ICMS_NA_OPERACAO_CONV","float","","","","","","","","","6","N","","Valor unitário da mercadoria, considerando a unidade utilizada para informar o campo “QUANT_CONV”"
"C430","7","VL_UNIT_ICMS_OP_CONV","float","","","","","","","","","6","N","","Valor unitário de ICMS Operações Próprias(OP) para desfazimento da Substituição Tributária(ST)"
"C430","8","VL_UNIT_BC_ICMS_ST_ESTOQUE_CONV","float","","","","","","","","","6","N","","Valor unitário médio de ICMS Operações Próprias"
"C430","9","VL_UNIT_ICMS_ST_ESTOQUE_CONV","float","","","","","","","","","6","N","","Valor unitário médio de ICMS ST, incluindo FCP ST"
"C430","10","VL_UNIT_FCP_ICMS_ST_ESTOQUE_CONV","float","","","","","","","","","6","N","","Parcela correspondente a FCP ST que compõe o campo “Valor unit. médio de ICMS ST, incluindo FCP ST”"
"C430","11","VL_UNIT_ICMS_ST_CONV_REST","float","","","","","","","","","6","N","","Valor unitário do ICMS ST, incluindo FCP ST, a ser restituído/ressarcido"
"C430","12","VL_UNIT_FCP_ST_CONV_REST","float","","","","","","","","","6","N","","Parcela correspondente a FCP ST que compõe o campo “Valor unit. ICMS ST, incluindo FCP ST, a ser restituído/ressarcido”"
"C430","13","VL_UNIT_ICMS_ST_CONV_COMPL","float","","","","","","","","","6","N","","Valor unitário do complemento do ICMS, incluindo FCP ST, considerando a unidade utilizada para informar o campo “Quantidade do Item”"
"C430","14","VL_UNIT_FCP_ST_CONV_COMPL","float","","","","","","","","","6","N","","Valor unitário correspondente à parcela de FCP ST que compõe o campo acima, considerando unidade utilizada para informar o campo “Quantidade do Item”."
"C430","15","CST_ICMS","char","","","","","","","003*","numeric_code","","N","","Código da Situação Tributária referente ao ICMS"
"C430","16","CFOP","char","","","","","","","004*","numeric_code","","N","","Código Fiscal de Operação e Prestação"
"C460","2","COD_MOD","char","","","","","","","002*","","","C","","Código do modelo do documento fiscal, conforme a Tabela Documentos Fiscais do ICMS"
"C460","3","COD_SIT","char","","","","","","","002*","numeric_code","","N","","Código da situação do documento fiscal, conforme a Tabela Situação do Documento"
"C460","4","NUM_DOC","char","","","","","","","009","numeric_code","","N","","Número do documento fiscal (COO)"
"C460","5","DT_DOC","date","","","","","","","008*","","","D","","Data da emissão do documento fiscal"
"C460","6","VL_DOC","float","","","","","","","","","2","N","","Valor total do documento fiscal"
"C460","7","VL_PIS","float","","","","","","","","","2","N","","Valor do PIS"
"C460","8","VL_COFINS","float","","","","","","","","","2","N","","Valor da COFINS"
"C460","9","CPF_CNPJ","char","","","","","","","014","","","C","","CPF ou CNPJ do adquirente"
"C460","10","NOME_ADQ","char","","","","","","","060","","","C","","Nome do adquirente"
"C465","2","CHV_CFE","char","","","","","","","044*","","","C","","Chave do Cupom Fiscal Eletrônico"
"C465","3","NUM_CCF","char","","","","","","","009","numeric_code","","N","","Número do Contador do Cupom Fiscal"
"C470","2","COD_ITEM","char","","","","","","","060","","","C","","Código do item (campo 02 do Registro 0200)"
"C470","3","QTD","float","","","","","","","","","3","N","","Quantidade do item"
"C470","4","QTD_CANC","float","","","","","","","","","3","N","","Quantidade cancelada, no caso de cancelamento parcial de item"
"C470","5","UNID","char","","","","","","","006","","","C","","Unidade do item (Campo 02 do registro 0190)"
"C470","6","VL_ITEM","float","","","","","","","","","2","N","","Valor do item"
"C470","7","CST_ICMS","char","","","","","","","003*","numeric_code","","N","","Código da Situação Tributária referente ao ICMS"
"C470","8","CFOP","char","","","","","","","004*","numeric_code","","N","","Código Fiscal de Operação e Prestação"
"C470","9","ALIQ_ICMS","float","","","","","","","006","","2","N","","Alíquota do ICMS – Carga tributária efetiva em percentual"
"C470","10","VL_PIS","float","","","","","","","","","2","N","","Valor do PIS"
"C470","11","VL_COFINS","float","","","","","","","","","2","N","","Valor da COFINS"
"C480","2","COD_MOT_REST_COMPL","char","","","","","","","005*","","","C","","Código do motivo da restituição ou complementação conforme Tabela 5.7"
"C480","3","QUANT_CONV","float","","","","","","","","","6","N","","Quantidade do item"
"C480","4","UNID","char","","","","","","","006","","","C","","Unidade adotada para informar o campo QUANT_CONV."
"C480","5","VL_UNIT_CONV","float","","","","","","","","","6","N","","Valor unitário da mercadoria, considerando a unidade utilizada para informar o campo “QUANT_CONV”"
"C480","6","VL_UNIT_ICMS_NA_OPERACAO_CONV","float","","","","","","","","","6","N","","Valor unitário da mercadoria, considerando a unidade utilizada para informar o campo “QUANT_CONV”"
"C480","7","VL_UNIT_ICMS_OP_CONV","float","","","","","","","","","6","N","","Valor unitário de ICMS Operações Próprias(OP) para desfazimento da Substituição Tributária(ST)"
"C480","8","VL_UNIT_BC_ICMS_ST_ESTOQUE_CONV","float","","","","","","","","","6","N","","Valor unitário médio de ICMS Operações Próprias"
"C480","9","VL_UNIT_ICMS_ST_ESTOQUE_CONV","float","","","","","","","","","6","N","","Valor unitário médio de ICMS ST, incluindo FCP ST"
"C480","10","VL_UNIT_FCP_ICMS_ST_ESTOQUE_CONV","float","","","","","","","","","6","N","","Parcela correspondente a FCP ST que compõe o campo “Valor unit. médio de ICMS ST, incluindo FCP ST”"
"C480","11","VL_UNIT_ICMS_ST_CONV_REST","float","","","","","","","","","6","N","","Valor unitário do ICMS ST, incluindo FCP ST, a ser restituído/ressarcido"
"C480","12","VL_UNIT_FCP_ST_CONV_REST","float","","","","","","","","","6","N","","Parcela correspondente a FCP ST que compõe o campo “Valor unit. ICMS ST, incluindo FCP ST, a ser restituído/ressarcido”"
"C480","13","VL_UNIT_ICMS_ST_CONV_COMPL","float","","","","","","","","","6","N","","Valor unitário do complemento do ICMS, incluindo FCP ST, considerando a unidade utilizada para informar o campo “Quantidade do Item”"
"C480","14","VL_UNIT_FCP_ST_CONV_COMPL","float","","","","","","","","","6","N","","Valor unitário correspondente à parcela de FCP ST que compõe o campo acima, considerando unidade utilizada para informar o campo “Quantidade do Item”."
"C480","15","CST_ICMS","char","","","","","","","003*","numeric_code","","N","","Código da Situação Tributária referente ao ICMS"
"C480","16","CFOP","char","","","","","","","004*","numeric_code","","N","","Código Fiscal de Operação e Prestação"
"C490","2","CST_ICMS","char","","","","","","","003*","numeric_code","","N","","Código da Situação Tributária, conforme Tabela Código da Situação Tributária - CST (ICMS)"
"C490","3","CFOP","char","","","","","","","004*","numeric_code","","N","","Código Fiscal de Operação e Prestação"
"C490","4","ALIQ_ICMS","float","","","","","","","006","","2","N","","Carga tributária efetiva"
"C490","5","VL_OPR","float","","","","","","","","","2","N","","Valor da operação correspondente à combinação de CST/ICMS, CFOP e carga tributária do ICMS, incluido acréscimo e excluído desconto"
"C490","6","VL_BC_ICMS","float","","","","","","","","","2","N","","Valor acumulado da base de cálculo do ICMS, referente à combinação de CST/ICMS, CFOP e carga tributária do ICMS"
"C490","7","VL_ICMS","float","","","","","","","","","2","N","","Valor do ICMS, referente à combinação de CST/ICMS, CFOP e carga tributária do ICMS"
"C490","8","COD_OBS","char","","","","","","","006","","","C","","Código da observação do lançamento fiscal (campo 02 do Registro 0460)"
"C500","2","IND_OPER","char","True","","","","","","001","","","C","O","Indicador do tipo de operação"
"C500","3","IND_EMIT","char","True","","","","","","001","","","C","O","Indicador do emitente do documento fiscal"
"C500","4","COD_PART","char","","","","","","","060","","","C","","Código do participante (campo 02 do Registro 0150): - do adquirente, no caso das saídas; - do fornecedor no caso de entradas"
"C500","5","COD_MOD","char","True","","","","","","002*","","","C","O","Código do modelo do documento fiscal, conforme a Tabela Documentos Fiscais do ICMS"
"C500","6","COD_SIT","char","True","","","","","","002*","numeric_code","","N","O","Código da situação do documento fiscal, conforme a Tabela Situação do Documento"
"C500","7","SER","char","","","","","","","004","","","C","","Série do documento fiscal"
"C500","8","SUB","char","","","","","","","003","numeric_code","","N","","Subsérie do documento fiscal"
"C500","9","COD_CONS","char","","","","","","","002*","numeric_code","","N","","Código de classe de consumo de energia elétrica, conforme a Tabela de Faixa de Consumo de Energia Elétrica, ou Código de Consumo de Fornecimento D´água conforme Tabela de Classes de Consumo de Água Canalizada ou Código da classe de consumo de gás canalizado conforme Tabela de Classes de Consumo de Gás Canalizado"
"C500","10","NUM_DOC","char","True","","","","","","009","numeric_code","","N","O","Número do documento fiscal"
"C500","11","DT_DOC","date","True","","","","","","008*","","","D","O","Data da emissão do documento fiscal"
"C500","12","DT_E_S","date","True","","","","","","008*","","","D","O","Data da entrada ou da saída"
"C500","13","VL_DOC","float","True","","","","","","","","2","N","O","Valor total do documento fiscal"
"C500","14","VL_DESC","float","","","","","","","","","2","N","","Valor total do desconto"
"C500","15","VL_FORN","float","True","","","","","","","","2","N","O","Valor total fornecido/consumido"
"C500","16","VL_SERV_NT","float","","","","","","","","","2","N","","Valor total dos serviços não-tributados pelo ICMS"
"C500","17","VL_TERC","float","","","","","","","","","2","N","","Valor total cobrado em nome de terceiros"
"C500","18","VL_DA","float","","","","","","","","","2","N","","Valor total de despesas acessórias indicadas no documento fiscal"
"C500","19","VL_BC_ICMS","float","","","","","","","","","2","N","","Valor acumulado da base de cálculo do ICMS"
"C500","20","VL_ICMS","float","","","","","","","","","2","N","","Valor acumulado do ICMS"
"C500","21","VL_BC_ICMS_ST","float","","","","","","","","","2","N","","Valor acumulado da base de cálculo do ICMS substituição tributária"
"C500","22","VL_ICMS_ST","float","","","","","","","","","2","N","","Valor acumulado do ICMS retido por substituição tributária"
"C500","23","COD_INF","char","","","","","","","006","","","C","","Código da informação complementar do documento fiscal (campo 02 do Registro 0450)"
"C500","24","VL_PIS","float","","","","","","","","","2","N","","Valor do PIS"
"C500","25","VL_COFINS","float","","","","","","","","","2","N","","Valor da COFINS"
"C500","26","TP_LIGACAO","char","","","","","","","001*","numeric_code","","N","","Código de tipo de Ligação"
"C500","27","COD_GRUPO_TENSAO","char","","","","","","","002*","numeric_code","","N","","Código de grupo de tensão"
"C500","28","CHV_DOCE","char","","","","","","","044*","","","C","","Chave da Nota Fiscal de Energia Elétrica Eletrônica"
"C500","29","FIN_DOCE","char","","","","","","","001*","numeric_code","","N","","Finalidade da emissão do documento eletrônico"
"C500","30","CHV_DOCE_REF","char","","","","","","","044*","","","C","","Chave da nota referenciada, substituída ou ajustada"
"C500","31","IND_DEST","char","","","","","","","001*","numeric_code","","N","","Indicador do Destinatário/Acessante"
"C500","32","COD_MUN_DEST","char","","","","","","","007*","numeric_code","","N","","Código do Município do destinatário conforme a tabela do IBGE"
"C500","33","COD_CTA","char","","","","","","","","","","C","","Código da conta analítica contábil debitada/creditada"
"C500","34","COD_MOD_DOC_REF","char","","","","","","","002*","","","C","","Código do modelo do documento fiscal referenciado, conforme a Tabela 4.1.1"
"C500","35","HASH_DOC_REF","char","","","","","","","032","","","C",""," Código de autenticação digital do registro (Convênio 115/2003)"
"C500","36","SER_DOC_REF","char","","","","","","","004","","","C","","Série do documento fiscal referenciado"
"C500","37","NUM_DOC_REF","char","","","","","","","009","numeric_code","","N","","Número do documento fiscal referenciado"
"C500","38","MES_DOC_REF","char","","","","","","","006*","numeric_code","","N","","Mês e ano da emissão do documento fiscal referenciado"
"C500","39","ENER_INJET","float","","","","","","","","","2","N","","Energia injetada"
"C500","40","OUTRAS_DED","float","","","","","","","","","2","N","","Outras Deduções"
"C510","2","NUM_ITEM","char","","","","","","","003","numeric_code","","N","","Número seqüencial do item no documento fiscal"
"C510","3","COD_ITEM","char","","","","","","","060","","","C","","Código do item (campo 02 do Registro 0200)"
"C510","4","COD_CLASS","char","","","","","","","004*","numeric_code","","N","","Código de classificação do item de energia elétrica, conforme a Tabela Classificação de Itens de Energia Elétrica, Serviços de Comunicação e Telecomunicação"
"C510","5","QTD","float","","","","","","","","","3","N","","Quantidade do item"
"C510","6","UNID","char","","","","","","","006","","","C","","Unidade do item (Campo 02 do registro 0190)"
"C510","7","VL_ITEM","float","","","","","","","","","2","N","","Valor do item"
"C510","8","VL_DESC","float","","","","","","","","","2","N","","Valor total do desconto"
"C510","9","CST_ICMS","char","","","","","","","003*","numeric_code","","N","","Código da Situação Tributária, conforme Tabela Código da Situação Tributária - CST (ICMS)"
"C510","10","CFOP","char","","","","","","","004*","numeric_code","","N","","Código Fiscal de Operação e Prestação"
"C510","11","VL_BC_ICMS","float","","","","","","","","","2","N","","Valor da base de cálculo do ICMS"
"C510","12","ALIQ_ICMS","float","","","","","","","006","","2","N","","Alíquota do ICMS"
"C510","13","VL_ICMS","float","","","","","","","","","2","N","","Valor do ICMS creditado/debitado"
"C510","14","VL_BC_ICMS_ST","float","","","","","","","","","2","N","","Valor da base de cálculo referente à substituição tributária"
"C510","15","ALIQ_ST","float","","","","","","","006","","2","N","","Alíquota do ICMS da substituição tributária na unidade da federação de destino"
"C510","16","VL_ICMS_ST","float","","","","","","","","","2","N","","Valor do ICMS referente à substituição tributária"
"C510","17","IND_REC","char","","","","","","","001","","","C","","Indicador do tipo de receita"
"C510","18","COD_PART","char","","","","","","","060","","","C","","Código do participante receptor da receita, terceiro da operação (campo 02 do Registro 0150)"
"C510","19","VL_PIS","float","","","","","","","","","2","N","","Valor do PIS"
"C510","20","VL_COFINS","float","","","","","","","","","2","N","","Valor da COFINS"
"C510","21","COD_CTA","char","","","","","","","","","","C","","Código da conta analítica contábil debitada/creditada"
"C590","2","CST_ICMS","char","True","","","","","","003*","numeric_code","","N","O","Código da Situação Tributária, conforme Tabela Código da Situação Tributária - CST (ICMS)"
"C590","3","CFOP","char","True","","","","","","004*","numeric_code","","N","O","Código Fiscal de Operação e Prestação do agrupamento de itens"
"C590","4","ALIQ_ICMS","float","","","","","","","006","","2","N","","Alíquota do ICMS"
"C590","5","VL_OPR","float","True","","","","","","","","2","N","O","Valor da operação correspondente à combinação de CST/ICMS, CFOP e alíquota do ICMS"
"C590","6","VL_BC_ICMS","float","","","","","","","","","2","N","","Parcela correspondente ao “Valor da base de cálculo do ICMS” referente à combinação de CST/ICMS, CFOP e alíquota do ICMS"
"C590","7","VL_ICMS","float","","","","","","","","","2","N","","Parcela correspondente ao “Valor do ICMS” referente à combinação de CST/ICMS, CFOP e alíquota do ICMS"
"C590","8","VL_BC_ICMS_ST","float","","","","","","","","","2","N","","Parcela correspondente ao “Valor da base de cálculo do ICMS” da substituição tributária referente à combinação de CST/ICMS, CFOP e alíquota do ICMS"
"C590","9","VL_ICMS_ST","float","","","","","","","","","2","N","","Parcela correspondente ao valor creditado/debitado do ICMS da substituição tributária, referente à combinação de CST/ICMS, CFOP e alíquota do ICMS"
"C590","10","VL_RED_BC","float","","","","","","","","","2","N","","Valor não tributado em função da redução da base de cálculo do ICMS, referente à combinação de CST/ICMS, CFOP e alíquota do ICMS"
"C590","11","COD_OBS","char","","","","","","","006","","","C","","Código da observação do lançamento fiscal (campo 02 do Registro 0460)"
"C591","2","VL_FCP_OP","float","","","","","","","","","2","N","","Valor do Fundo de Combate à Pobreza (FCP) vinculado à operação própria, na combinação de CST_ICMS, CFOP e alíquota do ICMS"
"C591","3","VL_FCP_ST","float","","","","","","","","","2","N","","Valor do Fundo de Combate à Pobreza (FCP) vinculado à operação de substituição tributária, na combinação de CST_ICMS, CFOP e alíquota do ICMS"
"C595","2","COD_OBS","char","True","","","","","","006","","","C","O","Código da observação do lançamento fiscal (campo 02 do Registro 0460)"
"C595","3","TXT_COMPL","char","","","","","","","","","","C","","Descrição complementar"
"C597","2","COD_AJ","char","True","","","","","","010*","","","C","O","Código do ajuste/benefício/incentivo conforme tabela indicada no item 5.3 "
"C597","3","DESCR_COMPL_AJ","char","","","","","","","","","","C","","Descrição complementar do ajuste do documento fiscal"
"C597","4","COD_ITEM","char","","","","","","","060","","","C","","Código do item (campo 02 do Registro 0200)"
"C597","5","VL_BC_ICMS","float","","","","","","","","","2","N","","Base de Calculo do ICMS ou ICMS ST"
"C597","6","ALIQ_ICMS","float","","","","","","","006","","2","N","","Alíquota do ICMS"
"C597","7","VL_ICMS","float","","","","","","","","","2","N","","Valor do ICMS ou ICMS ST"
"C597","8","VL_OUTROS","float","","","","","","","","","2","N","","Outros valores"
"C600","2","COD_MOD","char","","","","","","","002*","","","C","","Código do modelo do documento fiscal, conforme a Tabela Documentos Fiscais do ICMS"
"C600","3","COD_MUN","char","","","","","","","007*","numeric_code","","N","","Código do município dos pontos de consumo, conforme a tabela IBGE"
"C600","4","SER","char","","","","","","","004","","","C","","Série do documento fiscal"
"C600","5","SUB","char","","","","","","","003","numeric_code","","N","","Subsérie do documento fiscal"
"C600","6","COD_CONS","char","","","","","","","002*","numeric_code","","N","","Código de classe de consumo de energia elétrica, conforme a Tabela de Faixa de Consumo de Energia Elétrica, ou Código de Consumo de Fornecimento D´água conforme Tabela de Classes de Consumo de Água Canalizada ou Código da classe de consumo de gás canalizado conforme Tabela de Classes de Consumo de Gás Canalizado"
"C600","7","QTD_CONS","int","","","","","","","","","","N","","Quantidade de documentos consolidados neste registro"
"C600","8","QTD_CANC","int","","","","","","","","","","N","","Quantidade de documentos cancelados"
"C600","9","DT_DOC","date","","","","","","","008*","","","D","","Data dos documentos consolidados"
"C600","10","VL_DOC","float","","","","","","","","","2","N","","Valor total dos documentos"
"C600","11","VL_DESC","float","","","","","","","","","2","N","","Valor acumulado dos descontos"
"C600","12","CONS","int","","","","","","","","","","N","","Consumo total acumulado, em kWh (Código 06)"
"C600","13","VL_FORN","float","","","","","","","","","2","N","","Valor acumulado do fornecimento"
"C600","14","VL_SERV_NT","float","","","","","","","","","2","N","","Valor acumulado dos serviços não-tributados pelo ICMS"
"C600","15","VL_TERC","float","","","","","","","","","2","N","","Valores cobrados em nome de terceiros"
"C600","16","VL_DA","float","","","","","","","","","2","N","","Valor acumulado das despesas acessórias"
"C600","17","VL_BC_ICMS","float","","","","","","","","","2","N","","Valor acumulado da base de cálculo do ICMS"
"C600","18","VL_ICMS","float","","","","","","","","","2","N","","Valor acumulado do ICMS"
"C600","19","VL_BC_ICMS_ST","float","","","","","","","","","2","N","","Valor acumulado da base de cálculo do ICMS substituição tributária"
"C600","20","VL_ICMS_ST","float","","","","","","","","","2","N","","Valor acumulado do ICMS retido por substituição tributária"
"C600","21","VL_PIS","float","","","","","","","","","2","N","","Valor acumulado do PIS"
"C600","22","VL_COFINS","float","","","","","","","","","2","N","","Valor acumulado da COFINS"
"C601","2","NUM_DOC_CANC","char","","","","","","","009","numeric_code","","N","","Número do documento fiscal cancelado"
"C610","2","COD_CLASS","char","","","","","","","004*","","","C","","Código de classificação do item de energia elétrica, conforme Tabela Classificação de Itens de Energia Elétrica, Serviços de Comunicação e Telecomunicação"
"C610","3","COD_ITEM","char","","","","","","","060","","","C","","Código do item (campo 02 do Registro 0200)"
"C610","4","QTD","float","","","","","","","","","3","N","","Quantidade acumulada do item"
"C610","5","UNID","char","","","","","","","006","","","C","","Unidade do item (Campo 02 do registro 0190)"
"C610","6","VL_ITEM","float","","","","","","","","","2","N","","Valor acumulado do item"
"C610","7","VL_DESC","float","","","","","","","","","2","N","","Valor acumulado dos descontos"
"C610","8","CST_ICMS","char","","","","","","","003*","numeric_code","","N","","Código da Situação Tributária"
"C610","9","CFOP","char","","","","","","","004*","numeric_code","","N","","Código Fiscal de Operação e Prestação"
"C610","10","ALIQ_ICMS","float","","","","","","","006","","2","N","","Alíquota do ICMS"
"C610","11","VL_BC_ICMS","float","","","","","","","","","2","N","","Valor acumulado da base de cálculo do ICMS"
"C610","12","VL_ICMS","float","","","","","","","","","2","N","","Valor acumulado do ICMS debitado"
"C610","13","VL_BC_ICMS_ST","float","","","","","","","","","2","N","","Valor da base de cálculo do ICMS substituição tributária"
"C610","14","VL_ICMS_ST","float","","","","","","","","","2","N","","Valor do ICMS retido por substituição tributária"
"C610","15","VL_PIS","float","","","","","","","","","2","N","","Valor do PIS"
"C610","16","VL_COFINS","float","","","","","","","","","2","N","","Valor da COFINS"
"C610","17","COD_CTA","char","","","","","","","","","","C","","Código da conta analítica contábil debitada/creditada"
"C690","2","CST_ICMS","char","","","","","","","003*","numeric_code","","N","","Código da Situação Tributária, conforme tabela Código da Situação Tributária - CST (ICMS)"
"C690","3","CFOP","char","","","","","","","004*","numeric_code","","N","","Código Fiscal de Operação e Prestação"
"C690","4","ALIQ_ICMS","float","","","","","","","006","","2","N","","Alíquota do ICMS"
"C690","5","VL_OPR","float","","","","","","","","","2","N","","Valor da operação correspondente à combinação de CST/ICMS, CFOP e alíquota do ICMS"
"C690","6","VL_BC_ICMS","float","","","","","","","","","2","N","","Parcela correspondente ao “Valor da base de cálculo do ICMS” referente à combinação CST/ICMS, CFOP e alíquota do ICMS"
"C690","7","VL_ICMS","float","","","","","","","","","2","N","","Parcela correspondente ao “Valor do ICMS” referente à combinação CST/ICMS, CFOP e alíquota do ICMS"
"C690","8","VL_RED_BC","float","","","","","","","","","2","N","","Valor não tributado em função da redução da base de cálculo do ICMS, referente à combinação de CST/ICMS, CFOP e alíquota do ICMS"
"C690","9","VL_BC_ICMS_ST","float","","","","","","","","","2","N","","Valor da base de cálculo do ICMS substituição tributária"
"C690","10","VL_ICMS_ST","float","","","","","","","","","2","N","","Valor do ICMS retido por substituição tributária"
"C690","11","COD_OBS","char","","","","","","","006","","","C","","Código da observação do lançamento fiscal (campo 02 do Registro 0460)"
"C700","2","COD_MOD","char","","","","","","","002*","","","C","","Código do modelo do documento fiscal, conforme a Tabela Documentos Fiscais do ICMS"
"C700","3","SER","char","","","","","","","004","","","C","","Série do documento fiscal"
"C700","4","NRO_ORD_INI","char","","","","","","","009","numeric_code","","N","","Número de ordem inicial"
"C700","5","NRO_ORD_FIN","char","","","","","","","009","numeric_code","","N","","Número de ordem final"
"C700","6","DT_DOC_INI","date","","","","","","","008*","","","D","","Data de emissão inicial dos documentos/Data inicial de vencimento da fatura"
"C700","7","DT_DOC_FIN","date","","","","","","","008*","","","D","","Data de emissão final dos documentos/Data final de vencimento da fatura"
"C700","8","NOM_MEST","char","","","","","","","033","","","C","","Nome do arquivo Mestre de Documento Fiscal"
"C700","9","CHV_COD_DIG","char","","","","","","","032","","","C","","Chave de codificação digital do arquivo mestre de documento fiscal"
"C790","2","CST_ICMS","char","","","","","","","003*","numeric_code","","N","","Código da Situação Tributária, conforme Tabela Código da Situação Tributária - CST (ICMS)"
"C790","3","CFOP","char","","","","","","","004*","numeric_code","","N","","Código Fiscal de Operação e Prestação"
"C790","4","ALIQ_ICMS","float","","","","","","","006","","2","N","","Alíquota do ICMS"
"C790","5","VL_OPR","float","","","","","","","","","2","N","","Valor da operação correspondente à combinação de CST/ICMS, CFOP e alíquota do ICMS"
"C790","6","VL_BC_ICMS","float","","","","","","","","","2","N","","Parcela correspondente ao “Valor da base de cálculo do ICMS” referente à combinação CST/ICMS, CFOP e alíquota do ICMS"
"C790","7","VL_ICMS","float","","","","","","","","","2","N","","Parcela correspondente ao “Valor do ICMS” referente à combinação CST/ICMS, CFOP e alíquota do ICMS"
"C790","8","VL_BC_ICMS_ST","float","","","","","","","","","2","N","","Valor da base de cálculo do ICMS substituição tributária"
"C790","9","VL_ICMS_ST","float","","","","","","","","","2","N","","Valor do ICMS retido por substituição tributária"
"C790","10","VL_RED_BC","float","","","","","","","","","2","N","","Valor não tributado em função da redução da base de cálculo do ICMS, referente à combinação de CST/ICMS, CFOP e alíquota do ICMS"
"C790","11","COD_OBS","char","","","","","","","006","","","C","","Código da observação do lançamento fiscal (campo 02 do Registro 0460)"
"C791","2","UF","char","","","","","","","002*","","","C","","Sigla da unidade da federação a que se refere a retenção ST"
"C791","3","VL_BC_ICMS_ST","float","","","","","","","","","2","N","","Valor da base de cálculo do ICMS substituição tributária"
"C791","4","VL_ICMS_ST","float","","","","","","","","","2","N","","Valor do ICMS retido por substituição tributária"
"C800","2","COD_MOD","char","","","","","","","002*","","","C","","Código do modelo de Documento Fiscal"
"C800","3","COD_SIT","char","","","","","","","002*","numeric_code","","N","","Código da Situação do Documento Fiscal"
"C800","4","NUM_CFE","char","","","","","","","006","numeric_code","","N","","Número do Cupom Fiscal Eletrônico"
"C800","5","DT_DOC","date","","","","","","","008*","","","D","","Data da emissão do cupom fiscal eletrônico"
"C800","6","VL_CFE","float","","","","","","","","","2","N","","Valor Total do Cupom Fiscal Eletrônico"
"C800","7","VL_PIS","float","","","","","","","","","2","N","","Valor Total do Pis"
"C800","8","VL_COFINS","float","","","","","","","","","2","N","","Valor Total da COFINS"
"C800","9","CNPJ_CPF","char","","","","","","","014","","","C","","CNPJ ou CPF do destinatário"
"C800","10","NR_SAT","char","","","","","","","009","numeric_code","","N","","Número de Série do Equipamento SAT"
"C800","11","CHV_CFE","char","","","","","","","044*","","","C","","Chave do Cupom Fiscal Eletrônico"
"C800","12","VL_DESC","float","","","","","","","","","2","N","","Valor total do desconto sobre item"
"C800","13","VL_MERC","float","","","","","","","","","2","N","","Valor total das mercadorias e serviços"
"C800","14","VL_OUT_DA","float","","","","","","","","","2","N","","Valor de outras desp. acessórias (acréscimo)"
"C800","15","VL_ICMS","float","","","","","","","","","2","N","","Valor do ICMS"
"C800","16","VL_PIS_ST","float","","","","","","","","","2","N","","Valor total do PIS retido por subs. trib."
"C800","17","VL_COFINS_ST","float","","","","","","","","","2","N","","Valor total da COFINS retido por subs. trib."
"C810","2","NUM_ITEM","char","","","","","","","003","numeric_code","","N","","Número seqüencial do documento fiscal"
"C810","3","COD_ITEM","char","","","","","","","060","","","C","","Código do item (campo 02 do Registro 0200)"
"C810","4","QTD","float","","","","","","","","","5","N","","Quantidade do item"
"C810","5","UNID","char","","","","","","","006","","","C","","Unidade do item (Campo 02 do registro 0190)"
"C810","6","VL_ITEM","float","","","","","","","","","2","N","","Valor total do item (mercadorias ou serviços)"
"C810","7","CST_ICMS","char","","","","","","","003*","","","C","","Código da Situação Tributária referente ao ICMS"
"C810","8","CFOP","char","","","","","","","004*","numeric_code","","N","","Código Fiscal de Operação e Prestação"
"C815","2","COD_MOT_REST_COMPL","char","","","","","","","005*","","","C","","Código do motivo da restituição ou complementação conforme Tabela 5.7"
"C815","3","QUANT_CONV","float","","","","","","","","","6","N","","Quantidade do item"
"C815","4","UNID","char","","","","","","","006","","","C","","Unidade adotada para informar o campo QUANT_CONV."
"C815","5","VL_UNIT_CONV","float","","","","","","","","","6","N","","Valor unitário da mercadoria, considerando a unidade utilizada para informar o campo “QUANT_CONV”"
"C815","6","VL_UNIT_ICMS_NA_OPERACAO_CONV","float","","","","","","","","","6","N","","Valor unitário da mercadoria, considerando a unidade utilizada para informar o campo “QUANT_CONV”"
"C815","7","VL_UNIT_ICMS_OP_CONV","float","","","","","","","","","6","N","","Valor unitário de ICMS Operações Próprias(OP) para desfazimento da Substituição Tributária(ST)"
"C815","8","VL_UNIT_BC_ICMS_ST_ESTOQUE_CONV","float","","","","","","","","","6","N","","Valor unitário médio de ICMS Operações Próprias"
"C815","9","VL_UNIT_ICMS_ST_ESTOQUE_CONV","float","","","","","","","","","6","N","","Valor unitário médio de ICMS ST, incluindo FCP ST"
"C815","10","VL_UNIT_FCP_ICMS_ST_ESTOQUE_CONV","float","","","","","","","","","6","N","","Parcela correspondente a FCP ST que compõe o campo “Valor unit. médio de ICMS ST, incluindo FCP ST”"
"C815","11","VL_UNIT_ICMS_ST_CONV_REST","float","","","","","","","","","6","N","","Valor unitário do ICMS ST, incluindo FCP ST, a ser restituído/ressarcido"
"C815","12","VL_UNIT_FCP_ST_CONV_REST","float","","","","","","","","","6","N","","Parcela correspondente a FCP ST que compõe o campo “Valor unit. ICMS ST, incluindo FCP ST, a ser restituído/ressarcido”"
"C815","13","VL_UNIT_ICMS_ST_CONV_COMPL","float","","","","","","","","","6","N","","Valor unitário do complemento do ICMS, incluindo FCP ST, considerando a unidade utilizada para informar o campo “Quantidade do Item”"
"C815","14","VL_UNIT_FCP_ST_CONV_COMPL","float","","","","","","","","","6","N","","Valor unitário correspondente à parcela de FCP ST que compõe o campo acima, considerando unidade utilizada para informar o campo “Quantidade do Item”."
"C850","2","CST_ICMS","char","","","","","","","003*","","","C","","Código da Situação Tributária"
"C850","3","CFOP","char","","","","","","","004*","numeric_code","","N","","Código Fiscal de Operação e Prestação"
"C850","4","ALIQ_ICMS","float","","","","","","","006","","2","N","","Alíquota do ICMS"
"C850","5","VL_OPR","float","","","","","","","","","2","N","","Valor da operação correspondente à combinação de CST_ICMS_CFOP e Aliquota do ICMS"
"C850","6","VL_BC_ICMS","float","","","","","","","","","2","N","","Parcela Correspondente ao Valor da Base de cálculo do ICMS referente à combinação CST_ICMS,CFOP e Alíquota do ICMS"
"C850","7","VL_ICMS","float","","","","","","","","","2","N","","Parcela correspondente ao Valor do ICMS referente à combinação CST_ICMS, CFOP e Alíquota do ICMS"
"C850","8","COD_OBS","char","","","","","","","006","","","C","","Código da observação do lançamento fiscal (Campo 02 do regisro 0460)"
"C855","2","COD_OBS","char","True","","","","","","006","","","C","O","Código da observação do lançamento fiscal (campo 02 do Registro 0460)"
"C855","3","TXT_COMPL","char","","","","","","","","","","C","","Descrição complementar do código de observação"
"C857","2","COD_AJ","char","True","","","","","","010*","","","C","O","Código do ajuste/benefício/incentivo, conforme TABELA DE AJUSTES E INFORMAÇÕES DE VALORES PROVENIENTES DE DOCUMENTO FISCAL"
"C857","3","DESCR_COMPL_AJ","char","","","","","","","","","","C","","Descrição complementar do ajuste do documento fiscal"
"C857","4","COD_ITEM","char","","","","","","","060","","","C","","Código do item (campo 02 do Registro 0200)"
"C857","5","VL_BC_ICMS","float","","","","","","","","","2","N","","Base de cálculo do ICMS ou do ICMS ST"
"C857","6","ALIQ_ICMS","float","","","","","","","006","","2","N","","Alíquota do ICMS"
"C857","7","VL_ICMS","float","","","","","","","","","2","N","","Valor do ICMS ou ICMS ST"
"C857","8","VL_OUTROS","float","","","","","","","","","2","N","","Outros valores"
"C860","2","COD_MOD","char","","","","","","","002*","","","C","","Código do Modelo do documentos fiscal"
"C860","3","NR_SAT","char","","","","","","","009","numeric_code","","N","","Número de série do equipamento SAT"
"C860","4","DT_DOC","date","","","","","","","008*","","","D","","Data de emissão dos documentos fiscais"
"C860","5","DOC_INI","char","","","","","","","006","numeric_code","","N","","Número do documento inicial"
"C860","6","DOC_FIM","char","","","","","","","006","numeric_code","","N","","Número do documento final"
"C870","2","COD_ITEM","char","","","","","","","060","","","C","","Código do item (campo 02 do Registro 0200)"
"C870","3","QTD","float","","","","","","","","","5","N","","Quantidade do item"
"C870","4","UNID","char","","","","","","","006","","","C","","Unidade do item (Campo 02 do registro 0190)"
"C870","5","CST_ICMS","char","","","","","","","003*","","","C","","Código da Situação Tributária referente ao ICMS"
"C870","6","CFOP","char","","","","","","","004*","numeric_code","","N","","Código Fiscal de Operação e Prestação"
"C880","2","COD_MOT_REST_COMPL","char","","","","","","","005*","","","C","","Código do motivo da restituição ou complementação conforme Tabela 5.7"
"C880","3","QUANT_CONV","float","","","","","","","","","6","N","","Quantidade do item"
"C880","4","UNID","char","","","","","","","006","","","C","","Unidade adotada para informar o campo QUANT_CONV."
"C880","5","VL_UNIT_CONV","float","","","","","","","","","6","N","","Valor unitário da mercadoria, considerando a unidade utilizada para informar o campo “QUANT_CONV”"
"C880","6","VL_UNIT_ICMS_NA_OPERACAO_CONV","float","","","","","","","","","6","N","","Valor unitário da mercadoria, considerando a unidade utilizada para informar o campo “QUANT_CONV”"
"C880","7","VL_UNIT_ICMS_OP_CONV","float","","","","","","","","","6","N","","Valor unitário de ICMS Operações Próprias(OP) para desfazimento da Substituição Tributária(ST)"
"C880","8","VL_UNIT_BC_ICMS_ST_ESTOQUE_CONV","float","","","","","","","","","6","N","","Valor unitário médio de ICMS Operações Próprias"
"C880","9","VL_UNIT_ICMS_ST_ESTOQUE_CONV","float","","","","","","","","","6","N","","Valor unitário médio de ICMS ST, incluindo FCP ST"
"C880","10","VL_UNIT_FCP_ICMS_ST_ESTOQUE_CONV","float","","","","","","","","","6","N","","Parcela correspondente a FCP ST que compõe o campo “Valor unit. médio de ICMS ST, incluindo FCP ST”"
"C880","11","VL_UNIT_ICMS_ST_CONV_REST","float","","","","","","","","","6","N","","Valor unitário do ICMS ST, incluindo FCP ST, a ser restituído/ressarcido"
"C880","12","VL_UNIT_FCP_ST_CONV_REST","float","","","","","","","","","6","N","","Parcela correspondente a FCP ST que compõe o campo “Valor unit. ICMS ST, incluindo FCP ST, a ser restituído/ressarcido”"
"C880","13","VL_UNIT_ICMS_ST_CONV_COMPL","float","","","","","","","","","6","N","","Valor unitário do complemento do ICMS, incluindo FCP ST, considerando a unidade utilizada para informar o campo “Quantidade do Item”"
"C880","14","VL_UNIT_FCP_ST_CONV_COMPL","float","","","","","","","","","6","N","","Valor unitário correspondente à parcela de FCP ST que compõe o campo acima, considerando unidade utilizada para informar o campo “Quantidade do Item”."
"C890","2","CST_ICMS","char","","","","","","","003*","numeric_code","","N","","Código da Situação Tributária"
"C890","3","CFOP","char","","","","","","","004*","numeric_code","","N","","Código Fiscal de Operação e Prestação"
"C890","4","ALIQ_ICMS","float","","","","","","","006","","2","N","","Alíquota do ICMS"
"C890","5","VL_OPR","float","","","","","","","","","2","N","","Valor da Operação correspondente à combinação CST_ICMS, CFOP, e a alíquota do ICMS"
"C890","6","VL_BC_ICMS","float","","","","","","","","","2","N","","Parcela correspondente ao Valor da Base de Cálculo do ICMS referente combinação CST_ICMS, CFOP, e a alíquota do ICMS"
"C890","6","VL_ICMS","float","","","","","","","","","2","N","","Parcela Correspondente ao Valor da Base de Cálculo do ICMs referente à combinação CST_ICMS, CFOP e alíquota do ICMS"
"C890","6","COD_OBS","char","","","","","","","006","","","C","","Código da observação do Lançamento Fiscal"
"C895","2","COD_OBS","char","True","","","","","","006","","","C","O","Código da observação do lançamento fiscal (campo 02 do Registro 0460)"
"C895","3","TXT_COMPL","char","","","","","","","","","","C","","Descrição complementar do código de observação"
"C897","2","COD_AJ","char","True","","","","","","010*","","","C","O","Código do ajuste/benefício/incentivo, conforme TABELA DE AJUSTES E INFORMAÇÕES DE VALORES PROVENIENTES DE DOCUMENTO FISCAL"
"C897","3","DESCR_COMPL_AJ","char","","","","","","","","","","C","","Descrição complementar do ajuste do documento fiscal"
"C897","4","COD_ITEM","char","","","","","","","060","","","C","","Código do item (campo 02 do Registro 0200)"
"C897","5","VL_BC_ICMS","float","","","","","","","","","2","N","","Base de cálculo do ICMS ou do ICMS ST"
"C897","6","ALIQ_ICMS","float","","","","","","","006","","2","N","","Alíquota do ICMS"
"C897","7","VL_ICMS","float","","","","","","","","","2","N","","Valor do ICMS ou ICMS ST"
"C897","8","VL_OUTROS","float","","","","","","","","","2","N","","Outros valores"
"C990","2","QTD_LIN_C","int","True","","","","","","","","","N","O","Quantidade total de linhas do Bloco C"
"D001","2","IND_MOV","char","True","","","","","","001","","","C","O","Indicador de movimento"
"D100","2","IND_OPER","char","True","","","","","","001","","","C","O","Indicador do tipo de operação:"
"D100","3","IND_EMIT","char","True","","","","","","001","","","C","O","Indicador do emitente do documento fiscal"
"D100","4","COD_PART","char","True","","","","","","060","","","C","O","Código do participante (campo 02 do Registro 0150): - do prestador de serviço, no caso de aquisição de serviço; - do tomador do serviço, no caso de prestação de serviços"
"D100","5","COD_MOD","char","True","","","","","","002*","","","C","O","Código do modelo do documento fiscal, conforme a Tabela Documentos Fiscais do ICMS"
"D100","6","COD_SIT","char","True","","","","","","002*","numeric_code","","N","O","Código da situação do documento fiscal, conforme a Tabela Situação do Documento"
"D100","7","SER","char","","","","","","","004","","","C","","Série do documento fiscal"
"D100","8","SUB","char","","","","","","","003","","","C","","Subsérie do documento fiscal"
"D100","9","NUM_DOC","char","True","","","","","","009","numeric_code","","N","O","Número do documento fiscal"
"D100","10","CHV_CTE","char","","","","","","","044*","","","C","","Chave do Conhecimento de Transporte Eletrônico ou do Bilhete de Passagem Eletrônico"
"D100","11","DT_DOC","date","True","","","","","","008*","","","D","O","Data da emissão do documento fiscal"
"D100","12","DT_A_P","date","","","","","","","008*","","","D","","Data da aquisição ou da prestação do serviço"
"D100","13","TP_CT_E","char","","","","","","","001*","numeric_code","","N","","Tipo de Conhecimento de Transporte Eletrônico conforme definido no Manual de Integração do CT-e ou do Bilhete de Passagem Eletrônico conforme definido no Manual de Integração do BP-e"
"D100","14","CHV_CTE_REF","char","","","","","","","044*","","","C","","Chave do Documento Eletrônico Substituído"
"D100","15","VL_DOC","float","True","","","","","","","","2","N","O","Valor total do documento fiscal"
"D100","16","VL_DESC","float","","","","","","","","","2","N","","Valor total do desconto"
"D100","17","IND_FRT","char","","","","","","","001","","","C","","Indicador do tipo do frete"
"D100","18","VL_SERV","float","True","","","","","","","","2","N","O","Valor total da prestação de serviço"
"D100","19","VL_BC_ICMS","float","","","","","","","","","2","N","","Valor da base de cálculo do ICMS"
"D100","20","VL_ICMS","float","","","","","","","","","2","N","","Valor do ICMS"
"D100","21","VL_NT","float","","","","","","","","","2","N","","Valor não-tributado"
"D100","22","COD_INF","char","","","","","","","060","","","C","","Código da informação complementar do documento fiscal (campo 02 do Registro 0450)"
"D100","23","COD_CTA","char","","","","","","","","","","C","","Código da conta analítica contábil debitada/creditada"
"D100","24","COD_MUN_ORIG","char","","","","","","","007*","numeric_code","","N","","Código do município de origem do serviço, conforme a tabela IBGE (Preencher com 9999999, se Exterior)"
"D100","25","COD_MUN_DEST","char","","","","","","","007*","numeric_code","","N","","Código do município de destino do serviço, conforme a tabela IBGE (Preencher com 9999999, se Exterior)"
"D101","2","VL_FCP_UF_DEST","float","True","","","","","","","","2","N","O","Valor total relativo ao Fundo de Combate à Pobreza (FCP) da UF de destino se for operação de entrada ou da UF de origem de se for operação de saída"
"D101","3","VL_ICMS_UF_DEST","float","True","","","","","","","","2","N","O","Valor total do ICMS interestadual para a UF de destino"
"D101","4","VL_ICMS_UF_REM","float","True","","","","","","","","2","N","O","Valor total do ICMS interestadual para a UF do remetente"
"D110","2","NUM_ITEM","char","","","","","","","003","numeric_code","","N","","Número seqüencial do item no documento fiscal"
"D110","3","COD_ITEM","char","","","","","","","060","","","C","","Código do item (campo 02 do Registro 0200)"
"D110","4","VL_SERV","float","","","","","","","","","2","N","","Valor do serviço"
"D110","5","VL_OUT","float","","","","","","","","","2","N","","Outros valores"
"D120","2","COD_MUN_ORIG","char","","","","","","","007*","numeric_code","","N","","Código do município de origem do serviço, conforme a tabela IBGE"
"D120","3","COD_MUN_DEST","char","","","","","","","007*","numeric_code","","N","","Código do município de destino, conforme a tabela IBGE"
"D120","4","VEIC_ID","char","","","","","","","007","","","C","","Placa de identificação do veículo"
"D120","5","UF_ID","char","","","","","","","002","","","C","","Sigla da UF da placa do veículo"
"D130","2","COD_PART_CONSG","char","","","","","","","060","","","C","","Código do participante (campo 02 do Registro 0150): - consignatário, se houver"
"D130","3","COD_PART_RED","char","","","","","","","060","","","C","","Código do participante (campo 02 do Registro 0150): - redespachante, se houver"
"D130","4","IND_FRT_RED","char","","","","","","","001","","","C","","Indicador do tipo do frete da operação de redespacho"
"D130","5","COD_MUN_ORIG","char","","","","","","","007*","numeric_code","","N","","Código do município de origem do serviço, conforme a tabela IBGE"
"D130","6","COD_MUN_DEST","char","","","","","","","007*","numeric_code","","N","","Código do município de destino, conforme a tabela IBGE"
"D130","7","VEIC_ID","char","","","","","","","007","","","C","","Placa de identificação do veículo"
"D130","8","VL_LIQ_FRT","float","","","","","","","","","2","N","","Valor líquido do frete"
"D130","9","VL_SEC_CAT","float","","","","","","","","","2","N","","Soma de valores de SEC/CAT (serviços de coleta/custo adicional de transporte)"
"D130","10","VL_DESP","float","","","","","","","","","2","N","","Soma de valores de despacho"
"D130","11","VL_PEDG","float","","","","","","","","","2","N","","Soma dos valores de pedágio"
"D130","12","VL_OUT","float","","","","","","","","","2","N","","Outros valores"
"D130","13","VL_FRT","float","","","","","","","","","2","N","","Valor total do frete"
"D130","14","UF_ID","char","","","","","","","002","","","C","","Sigla da UF da placa do veículo"
"D140","2","COD_PART_CONSG","char","","","","","","","060","","","C","","Código do participante (campo 02 do Registro 0150): - consignatário, se houver"
"D140","3","COD_MUN_ORIG","char","","","","","","","007*","numeric_code","","N","","Código do município de origem do serviço, conforme a tabela IBGE"
"D140","4","COD_MUN_DEST","char","","","","","","","007*","numeric_code","","N","","Código do município de destino, conforme a tabela IBGE"
"D140","5","IND_VEIC","char","","","","","","","001","","","C","","Indicador do tipo do veículo transportador"
"D140","6","VEIC_ID","char","","","","","","","","","","C","","Identificação da embarcação (IRIM ou Registro CPP)"
"D140","7","IND_NAV","char","","","","","","","001","","","C","","Indicador do tipo da navegação"
"D140","8","VIAGEM","int","","","","","","","","","","N","","Número da viagem"
"D140","9","VL_FRT_LIQ","float","","","","","","","","","2","N","","Valor líquido do frete"
"D140","10","VL_DESP_PORT","float","","","","","","","","","2","N","","Valor das despesas portuárias"
"D140","11","VL_DESP_CAR_DESC","float","","","","","","","","","2","N","","Valor das despesas com carga e descarga"
"D140","12","VL_OUT","float","","","","","","","","","2","N","","Outros valores"
"D140","13","VL_FRT_BRT","float","","","","","","","","","2","N","","Valor bruto do frete"
"D140","14","VL_FRT_MM","float","","","","","","","","","2","N","","Valor adicional do frete para renovação da Marinha Mercante"
"D150","2","COD_MUN_ORIG","char","","","","","","","007*","numeric_code","","N","","Código do município de origem do serviço, conforme a tabela IBGE"
"D150","3","COD_MUN_DEST","char","","","","","","","007*","numeric_code","","N","","Código do município de destino, conforme a tabela IBGE"
"D150","4","VEIC_ID","char","","","","","","","","","","C","","Identificação da aeronave (DAC)"
"D150","5","VIAGEM","int","","","","","","","","","","N","","Número do vôo"
"D150","6","IND_TFA","char","","","","","","","001","","","C","","Indicador do tipo de tarifa aplicada"
"D150","7","VL_PESO_TX","float","","","","","","","","","2","N","","Peso taxado"
"D150","8","VL_TX_TERR","float","","","","","","","","","2","N","","Valor da taxa terrestre"
"D150","9","VL_TX_RED","float","","","","","","","","","2","N","","Valor da taxa de redespacho"
"D150","10","VL_OUT","float","","","","","","","","","2","N","","Outros valores"
"D150","11","VL_TX_ADV","float","","","","","","","","","2","N","","Valor da taxa “ad valorem”"
"D160","2","DESPACHO","char","","","","","","","","","","C","","Identificação do número do despacho"
"D160","3","CNPJ_CPF_REM","char","","","","","","","014","","","C","","CNPJ ou CPF do remetente das mercadorias que constam na nota fiscal"
"D160","4","IE_REM","char","","","","","","","014","","","C","","Inscrição Estadual do remetente das mercadorias que constam na nota fiscal"
"D160","5","COD_MUN_ORI","char","","","","","","","007*","numeric_code","","N","","Código do município de origem, conforme tabela IBGE"
"D160","6","CNPJ_CPF_DEST","char","","","","","","","014","","","C","","CNPJ ou CPF do destinatário das mercadorias que constam na nota fiscal"
"D160","7","IE_DEST","char","","","","","","","014","","","C","","Inscrição Estadual do destinatário das mercadorias que constam na nota fiscal"
"D160","8","COD_MUN_DEST","char","","","","","","","007*","numeric_code","","N","","Código do município de destino, conforme tabela IBGE"
"D161","2","IND_CARGA","char","","","","","","","001","numeric_code","","N","","Indicador do tipo de transporte da carga coletada"
"D161","3","CNPJ_CPF_COL","char","","","","","","","014","","","C","","Número do CNPJ ou CPF do contribuinte do local de coleta"
"D161","4","IE_COL","char","","","","","","","014","","","C","","Inscrição Estadual do contribuinte do local de coleta"
"D161","5","COD_MUN_COL","char","","","","","","","007*","numeric_code","","N","","Código do município do local de coleta, conforme tabela IBGE"
"D161","6","CNPJ_CPF_ENTG","char","","","","","","","014","","","C","","Número do CNPJ ou CPF do contribuinte do local de entrega"
"D161","7","IE_ENTG","char","","","","","","","014","","","C","","Inscrição Estadual do contribuinte do local de entrega"
"D161","8","COD_MUN_ENTG","char","","","","","","","007*","numeric_code","","N","","Código do município do local de entrega, conforme tabela IBGE"
"D162","2","COD_MOD","char","","","","","","","002","","","C","","Código do Modelo de Documento Fiscal"
"D162","3","SER","char","","","","","","","004","","","C","","Série do Documento fiscal"
"D162","4","NUM_DOC","char","","","","","","","009","numeric_code","","N","","Número do documento fiscal"
"D162","5","DT_DOC","date","","","","","","","008*","","","D","","Data de emissão do Documento Fiscal"
"D162","6","VL_DOC","float","","","","","","","","","2","N","","Valor total do documento fiscal"
"D162","7","VL_MERC","float","","","","","","","","","2","N","","Valor das mercadorias constantes no documento fiscal"
"D162","8","QTD_VOL","int","","","","","","","","","","N","","Quantidade de volumes transportados"
"D162","9","PESO_BRT","float","","","","","","","","","2","N","","Peso bruto dos volumes transportados (em kg)"
"D162","10","PESO_LIQ","float","","","","","","","","","2","N","","Peso líquido dos volumes transportados (em kg)"
"D170","2","COD_PART_CONSG","char","","","","","","","060","","","C","","Código do participante (campo 02 do Registro 0150): - consignatário, se houver"
"D170","3","COD_PART_RED","char","","","","","","","060","","","C","","Código do participante (campo 02 do Registro 0150): - redespachante, se houver"
"D170","4","COD_MUN_ORIG","char","","","","","","","007*","numeric_code","","N","","Código do município de origem do serviço, conforme a tabela IBGE"
"D170","5","COD_MUN_DEST","char","","","","","","","007*","numeric_code","","N","","Código do município de destino, conforme a tabela IBGE"
"D170","6","OTM","char","","","","","","","","","","C","","Registro do operador de transporte multimodal"
"D170","7","IND_NAT_FRT","char","","","","","","","001","","","C","","Indicador da natureza do frete"
"D170","8","VL_LIQ_FRT","float","","","","","","","","","2","N","","Valor líquido do frete"
"D170","9","VL_GRIS","float","","","","","","","","","2","N","","Valor do GRIS (gerenciamento de risco)"
"D170","10","VL_PDG","float","","","","","","","","","2","N","","Somatório dos valores de pedágio"
"D170","11","VL_OUT","float","","","","","","","","","2","N","","Outros valores"
"D170","12","VL_FRT","float","","","","","","","","","2","N","","Valor total do frete"
"D170","13","VEIC_ID","char","","","","","","","007","","","C","","Placa de identificação do veículo"
"D170","14","UF_ID","char","","","","","","","002","","","C","","Sigla da UF da placa do veículo"
"D180","2","NUM_SEQ","int","","","","","","","","","","N","","Número de ordem seqüencial do modal"
"D180","3","IND_EMIT","char","","","","","","","001","","","C","","Indicador do emitente do documento fiscal"
"D180","4","CNPJ_CPF_EMIT","char","","","","","","","014","","","C","","CNPJ/CPF do participante emitente do modal"
"D180","5","UF_EMIT","char","","","","","","","002*","","","C","","Sigla da unidade da federação do participante emitente do modal"
"D180","6","IE_EMIT","char","","","","","","","014","","","C","","Inscrição Estadual do participante emitente do modal"
"D180","7","COD_MUN_ORIG","char","","","","","","","007*","numeric_code","","N","","Código do município de origem do serviço, conforme a tabela IBGE"
"D180","8","CNPJ_CPF_TOM","char","","","","","","","014","","","C","","CNPJ/CPF do participante tomador do serviço"
"D180","9","UF_TOM","char","","","","","","","002*","","","C","","Sigla da unidade da federação do participante tomador do serviço"
"D180","10","IE_TOM","char","","","","","","","014","","","C","","Inscrição Estadual do participante tomador do serviço"
"D180","11","COD_MUN_DEST","char","","","","","","","007*","numeric_code","","N","","Código do município de destino, conforme a tabela IBGE(Preencher com 9999999, se Exterior)"
"D180","12","COD_MOD","char","","","","","","","002","","","C","","Código do modelo do documento fiscal, conforme a Tabela Documentos Fiscais do ICMS"
"D180","13","SER","char","","","","","","","004","","","C","","Série do documento fiscal"
"D180","14","SUB","char","","","","","","","003","numeric_code","","N","","Subsérie do documento fiscal"
"D180","15","NUM_DOC","char","","","","","","","009","numeric_code","","N","","Número do documento fiscal"
"D180","16","DT_DOC","date","","","","","","","008*","","","D","","Data da emissão do documento fiscal"
"D180","17","VL_DOC","float","","","","","","","","","2","N","","Valor total do documento fiscal"
"D190","2","CST_ICMS","char","True","","","","","","003*","numeric_code","","N","O","Código da Situação Tributária, conforme Tabela Código da Situação Tributária - CST (ICMS)"
"D190","3","CFOP","char","True","","","","","","004*","numeric_code","","N","O","Código Fiscal de Operação e Prestação"
"D190","4","ALIQ_ICMS","float","","","","","","","006","","2","N","","Alíquota do ICMS"
"D190","5","VL_OPR","float","True","","","","","","","","2","N","O","Valor da operação correspondente à combinação de CST/ICMS, CFOP e alíquota do ICMS"
"D190","6","VL_BC_ICMS","float","True","","","","","","","","2","N","O","Parcela correspondente ao “Valor da base de cálculo do ICMS” referente à combinação CST/ICMS, CFOP e alíquota do ICMS"
"D190","7","VL_ICMS","float","True","","","","","","","","2","N","O","Parcela correspondente ao “Valor do ICMS” referente à combinação CST/ICMS, CFOP e alíquota do ICMS"
"D190","8","VL_RED_BC","float","True","","","","","","","","2","N","O","Valor não tributado em função da redução da base de cálculo do ICMS, referente à combinação de CST/ICMS, CFOP e alíquota do ICMS"
"D190","9","COD_OBS","char","","","","","","","006","","","C","","Código da observação do lançamento fiscal (campo 02 do Registro 0460)"
"D195","2","COD_OBS","char","True","","","","","","006","","","C","O","Código da observação do lançamento fiscal (campo 02 do Registro 0460)"
"D195","3","TXT_COMPL","char","","","","","","","","","","C","","Descrição complementar do código de observação"
"D197","2","COD_AJ","char","True","","","","","","010*","","","C","O","Código do ajuste/benefício/incentivo, conforme TABELA DE AJUSTES E INFORMAÇÕES DE VALORES PROVENIENTES DE DOCUMENTO FISCAL"
"D197","3","DESCR_COMPL_AJ","char","","","","","","","","","","C","","Descrição complementar do ajuste do documento fiscal"
"D197","4","COD_ITEM","char","","","","","","","060","","","C","","Código do item (campo 02 do Registro 0200)"
"D197","5","VL_BC_ICMS","float","","","","","","","","","2","N","","Base de cálculo do ICMS ou do ICMS ST"
"D197","6","ALIQ_ICMS","float","","","","","","","006","","2","N","","Alíquota do ICMS"
"D197","7","VL_ICMS","float","","","","","","","","","2","N","","Valor do ICMS ou ICMS ST"
"D197","8","VL_OUTROS","float","","","","","","","","","2","N","","Outros valores"
"D300","2","COD_MOD","char","","","","","","","002*","","","C","","Código do modelo do documento fiscal, conforme a Tabela Documentos Fiscais do ICMS"
"D300","3","SER","char","","","","","","","004","","","C","","Série do documento fiscal"
"D300","4","SUB","char","","","","","","","004","numeric_code","","N","","Subsérie do documento fiscal"
"D300","5","NUM_DOC_INI","char","","","","","","","006","numeric_code","","N","","Número do primeiro documento fiscal emitido (mesmo modelo, série e subsérie)"
"D300","6","NUM_DOC_FIN","int","","","","","","","","","","N","","Número do último documento fiscal emitido (mesmo modelo, série e subsérie)"
"D300","7","CST_ICMS","char","","","","","","","003*","numeric_code","","N","","Código da Situação Tributária, conforme Tabela Código da Situação Tributária - CST (ICMS)"
"D300","8","CFOP","char","","","","","","","004*","numeric_code","","N","","Código Fiscal de Operação e Prestação"
"D300","9","ALIQ_ICMS","float","","","","","","","006","","2","N","","Alíquota do ICMS"
"D300","10","DT_DOC","date","","","","","","","008*","","","D","","Data da emissão dos documentos fiscais"
"D300","11","VL_OPR","float","","","","","","","","","2","N","","Valor total acumulado das operações correspondentes à combinação de CST/ICMS, CFOP e alíquota do ICMS, incluídas as despesas acessórias e acréscimos"
"D300","12","VL_DESC","float","","","","","","","","","2","N","","Valor total dos descontos"
"D300","13","VL_SERV","float","","","","","","","","","2","N","","Valor total da prestação de serviço"
"D300","14","VL_SEG","float","","","","","","","","","2","N","","Valor de seguro"
"D300","15","VL_OUT_DESP","float","","","","","","","","","2","N","","Valor de outras despesas"
"D300","16","VL_BC_ICMS","float","True","","","","","","","","2","N","O","Valor total da base de cálculo do ICMS"
"D300","17","VL_ICMS","float","True","","","","","","","","2","N","O","Valor total do ICMS"
"D300","18","VL_RED_BC","float","True","","","","","","","","2","N","O","Valor não tributado em função da redução da base de cálculo do ICMS, referente à combinação de CST/ICMS, CFOP e alíquota do ICMS"
"D300","19","COD_OBS","char","","","","","","","006","","","C","","Código da observação do lançamento fiscal (campo 02 do Registro 0460)"
"D300","20","COD_CTA","char","","","","","","","","","","C","","Código da conta analítica contábil debitada/creditada"
"D301","2","NUM_DOC_CANC","int","","","","","","","","","","N","","Número do documento fiscal cancelado"
"D310","2","COD_MUN_ORIG","char","","","","","","","007*","numeric_code","","N","","Código do município de origem do serviço, conforme a tabela IBGE"
"D310","3","VL_SERV","float","","","","","","","","","2","N","","Valor total da prestação de serviço"
"D310","4","VL_BC_ICMS","float","","","","","","","","","2","N","","Valor total da base de cálculo do ICMS"
"D310","5","VL_ICMS","float","","","","","","","","","2","N","","Valor total do ICMS"
"D350","2","COD_MOD","char","","","","","","","002*","","","C","","Código do modelo do documento fiscal, conforme a Tabela Documentos Fiscais do ICMS"
"D350","3","ECF_MOD","char","","","","","","","020","","","C","","Modelo do equipamento"
"D350","4","ECF_FAB","char","","","","","","","021","","","C","","Número de série de fabricação do ECF"
"D350","5","ECF_CX","char","","","","","","","003","numeric_code","","N","","Número do caixa atribuído ao ECF"
"D355","2","DT_DOC","date","","","","","","","008*","","","D","","Data do movimento a que se refere a Redução Z"
"D355","3","CRO","char","","","","","","","003","numeric_code","","N","","Posição do Contador de Reinício de Operação"
"D355","4","CRZ","char","","","","","","","006","numeric_code","","N","","Posição do Contador de Redução Z"
"D355","5","NUM_COO_FIN","char","","","","","","","009","numeric_code","","N","","Número do Contador de Ordem de Operação do último documento emitido no dia. (Número do COO na Redução Z)"
"D355","6","GT_FIN","float","","","","","","","","","2","N","","Valor do Grande Total Final"
"D355","7","VL_BRT","float","","","","","","","","","2","N","","Valor da venda bruta"
"D360","2","VL_PIS","float","","","","","","","","","2","N","","Valor total do PIS"
"D360","3","VL_COFINS","float","","","","","","","","","2","N","","Valor total da COFINS"
"D365","2","COD_TOT_PAR","char","","","","","","","007","","","C","","Código do totalizador, conforme Tabela de Códigos dos Totalizadores Parciais da REDUÇÃO Z"
"D365","3","VLR_ACUM_TOT","float","","","","","","","","","2","N","","Valor acumulado no totalizador, relativo à respectiva Redução Z"
"D365","4","NR_TOT","char","","","","","","","002","numeric_code","","N","","Número do totalizador quando ocorrer mais de uma situação com a mesma carga tributária efetiva"
"D365","5","DESCR_NR_TOT","char","","","","","","","","","","C","","Descrição da situação tributária relativa ao totalizador parcial do campo anterior"
"D370","2","COD_MUN_ORIG","char","","","","","","","007*","numeric_code","","N","","Código do município de origem do serviço, conforme a tabela IBGE"
"D370","3","VL_SERV","float","","","","","","","","","2","N","","Valor total da prestação de serviço"
"D370","4","QTD_BILH","int","","","","","","","","","","N","","Quantidade de bilhetes emitidos"
"D370","5","VL_BC_ICMS","float","","","","","","","","","2","N","","Valor total da base de cálculo do ICMS"
"D370","6","VL_ICMS","float","","","","","","","","","2","N","","Valor total do ICMS"
"D390","2","CST_ICMS","char","","","","","","","003*","numeric_code","","N","","Código da Situação Tributária, conforme Tabela Código da Situação Tributária - CST (ICMS)"
"D390","3","CFOP","char","","","","","","","004*","numeric_code","","N","","Código Fiscal de Operação e Prestação"
"D390","4","ALIQ_ICMS","float","","","","","","","006","","2","N","","Alíquota do ICMS"
"D390","5","VL_OPR","float","","","","","","","","","2","N","","Valor da operação correspondente à combinação de CST/ICMS, CFOP e alíquota do ICMS, incluídas as despesas acessórias e acréscimos"
"D390","6","VL_BC_ISSQN","float","","","","","","","","","2","N","","Valor da base de cálculo do ISSQN"
"D390","7","ALIQ_ISSQN","float","","","","","","","006","","2","N","","Alíquota do ISSQN"
"D390","8","VL_ISSQN","float","","","","","","","","","2","N","","Valor do ISSQN"
"D390","9","VL_BC_ICMS","float","","","","","","","","","2","N","","Base de cálculo do ICMS acumulada relativa à alíquota informada"
"D390","10","VL_ICMS","float","","","","","","","","","2","N","","Valor do ICMS acumulado relativo à alíquota informada"
"D390","11","COD_OBS","char","","","","","","","006","","","C","","Código da observação do lançamento fiscal (campo 02 do Registro 0460)"
"D400","2","COD_PART","char","","","","","","","060","","","C","","Código do participante (campo 02 do Registro 0150): - agência, filial ou posto"
"D400","3","COD_MOD","char","","","","","","","002*","","","C","","Código do modelo do documento fiscal, conforme a Tabela Documentos Fiscais do ICMS"
"D400","4","COD_SIT","char","","","","","","","002*","numeric_code","","N","","Código da situação do documento fiscal, conforme a Tabela Situação do Documento"
"D400","5","SER","char","","","","","","","004","","","C","","Série do documento fiscal"
"D400","6","SUB","char","","","","","","","003","numeric_code","","N","","Subsérie do documento fiscal"
"D400","7","NUM_DOC","char","","","","","","","006","numeric_code","","N","","Número do documento fiscal resumo"
"D400","8","DT_DOC","date","","","","","","","008*","","","D","","Data da emissão do documento fiscal"
"D400","9","VL_DOC","float","","","","","","","","","2","N","","Valor total do documento fiscal"
"D400","10","VL_DESC","float","","","","","","","","","2","N","","Valor acumulado dos descontos"
"D400","11","VL_SERV","float","","","","","","","","","2","N","","Valor acumulado da prestação de serviço"
"D400","12","VL_BC_ICMS","float","","","","","","","","","2","N","","Valor total da base de cálculo do ICMS"
"D400","13","VL_ICMS","float","","","","","","","","","2","N","","Valor total do ICMS"
"D400","14","VL_PIS","float","","","","","","","","","2","N","","Valor do PIS"
"D400","15","VL_COFINS","float","","","","","","","","","2","N","","Valor da COFINS"
"D400","16","COD_CTA","char","","","","","","","","","","C","","Código da conta analítica contábil debitada/creditada"
"D410","2","COD_MOD","char","","","","","","","002","","","C","","Código do modelo do documento fiscal, conforme a Tabela Documentos Fiscais do ICMS"
"D410","3","SER","char","","","","","","","004","","","C","","Série do documento fiscal"
"D410","4","SUB","char","","","","","","","003","numeric_code","","N","","Subsérie do documento fiscal"
"D410","5","NUM_DOC_INI","char","","","","","","","006","numeric_code","","N","","Número do documento fiscal inicial (mesmo modelo, série e subsérie)"
"D410","6","NUM_DOC_FIN","char","","","","","","","006","numeric_code","","N","","Número do documento fiscal final(mesmo modelo, série e subsérie)"
"D410","7","DT_DOC","date","","","","","","","008*","","","D","","Data da emissão dos documentos fiscais"
"D410","8","CST_ICMS","char","","","","","","","003*","numeric_code","","N","","Código da Situação Tributária, conforme Tabela Código da Situação Tributária - CST (ICMS)"
"D410","9","CFOP","char","","","","","","","004*","numeric_code","","N","","Código Fiscal de Operação e Prestação"
"D410","10","ALIQ_ICMS","float","","","","","","","006","","2","N","","Alíquota do ICMS"
"D410","11","VL_OPR","float","","","","","","","","","2","N","","Valor total acumulado das operações correspondentes à combinação de CST/ICMS, CFOP e alíquota do ICMS, incluídas as despesas acessórias e acréscimos"
"D410","12","VL_DESC","float","","","","","","","","","2","N","","Valor acumulado dos descontos"
"D410","13","VL_SERV","float","","","","","","","","","2","N","","Valor acumulado da prestação de serviço"
"D410","14","VL_BC_ICMS","float","","","","","","","","","2","N","","Valor acumulado da base de cálculo do ICMS"
"D410","15","VL_ICMS","float","","","","","","","","","2","N","","Valor acumulado do ICMS"
"D411","2","NUM_DOC_CANC","char","","","","","","","006","numeric_code","","N","","Número do documento fiscal cancelado"
"D420","2","COD_MUN_ORIG","char","","","","","","","007*","numeric_code","","N","","Código do município de origem do serviço, conforme a tabela IBGE"
"D420","3","VL_SERV","float","","","","","","","","","2","N","","Valor total da prestação de serviço"
"D420","4","VL_BC_ICMS","float","","","","","","","","","2","N","","Valor total da base de cálculo do ICMS"
"D420","5","VL_ICMS","float","","","","","","","","","2","N","","Valor total do ICMS"
"D500","2","IND_OPER","char","True","","","","","","001","","","C","O","Indicador do tipo de operação"
"D500","3","IND_EMIT","char","True","","","","","","001","","","C","O","Indicador do emitente do documento fiscal"
"D500","4","COD_PART","char","True","","","","","","060","","","C","O","Código do participante (campo 02 do Registro 0150): - do prestador do serviço, no caso de aquisição; - do tomador do serviço, no caso de prestação"
"D500","5","COD_MOD","char","True","","","","","","002*","","","C","O","Código do modelo do documento fiscal, conforme a Tabela Documentos Fiscais do ICMS"
"D500","6","COD_SIT","char","True","","","","","","002*","numeric_code","","N","O","Código da situação do documento fiscal, conforme a Tabela Situação do Documento"
"D500","7","SER","char","","","","","","","004","","","C","","Série do documento fiscal"
"D500","8","SUB","char","","","","","","","003","","","C","","Subsérie do documento fiscal"
"D500","9","NUM_DOC","char","True","","","","","","009","numeric_code","","N","O","Número do documento fiscal"
"D500","10","DT_DOC","date","True","","","","","","008*","","","D","O","Data da emissão do documento fiscal"
"D500","11","DT_A_P","date","True","","","","","","008*","","","D","O","Data da entrada (aquisição) ou da saída (prestação do serviço)"
"D500","12","VL_DOC","float","True","","","","","","","","2","N","O","Valor total do documento fiscal"
"D500","13","VL_DESC","float","","","","","","","","","2","N","","Valor total do desconto"
"D500","14","VL_SERV","float","True","","","","","","","","2","N","O","Valor da prestação de serviços"
"D500","15","VL_SERV_NT","float","","","","","","","","","2","N","","Valor total dos serviços não-tributados pelo ICMS"
"D500","16","VL_TERC","float","","","","","","","","","2","N","","Valores cobrados em nome de terceiros"
"D500","17","VL_DA","float","","","","","","","","","2","N","","Valor de outras despesas indicadas no documento fiscal"
"D500","18","VL_BC_ICMS","float","","","","","","","","","2","N","","Valor da base de cálculo do ICMS"
"D500","19","VL_ICMS","float","","","","","","","","","2","N","","Valor do ICMS"
"D500","20","COD_INF","char","","","","","","","006","","","C","","Código da informação complementar (campo 02 do Registro 0450)"
"D500","21","VL_PIS","float","","","","","","","","","2","N","","Valor do PIS"
"D500","22","VL_COFINS","float","","","","","","","","","2","N","","Valor da COFINS"
"D500","23","COD_CTA","char","","","","","","","","","","C","","Código da conta analítica contábil debitada/creditada"
"D500","24","TP_ASSINANTE","char","","","","","","","001*","numeric_code","","N","","Código do Tipo de Assinante"
"D510","2","NUM_ITEM","char","","","","","","","003","numeric_code","","N","","Número seqüencial do item no documento fiscal"
"D510","3","COD_ITEM","char","","","","","","","060","","","C","","Código do item (campo 02 do Registro 0200)"
"D510","4","COD_CLASS","char","","","","","","","004*","numeric_code","","N","","Código de classificação do item do serviço de comunicação ou de telecomunicação, conforme a Tabela Classificação de Itens de Energia Elétrica, Serviços de Comunicação e Telecomunicação"
"D510","5","QTD","float","","","","","","","","","3","N","","Quantidade do item"
"D510","6","UNID","char","","","","","","","006","","","C","","Unidade do item (Campo 02 do registro 0190)"
"D510","7","VL_ITEM","float","","","","","","","","","2","N","","Valor do item"
"D510","8","VL_DESC","float","","","","","","","","","2","N","","Valor total do desconto"
"D510","9","CST_ICMS","char","","","","","","","003*","numeric_code","","N","","Código da Situação Tributária, conforme Tabela Código da Situação Tributária - CST (ICMS)"
"D510","10","CFOP","char","","","","","","","004*","numeric_code","","N","","Código Fiscal de Operação e Prestação"
"D510","11","VL_BC_ICMS","float","","","","","","","","","2","N","","Valor da base de cálculo do ICMS"
"D510","12","ALIQ_ICMS","float","","","","","","","006","","2","N","","Alíquota do ICMS"
"D510","13","VL_ICMS","float","","","","","","","","","2","N","","Valor do ICMS creditado/debitado"
"D510","14","VL_BC_ICMS_ST","float","","","","","","","","","2","N","","Valor da base de cálculo do ICMS de outras UFs"
"D510","15","VL_ICMS_ST","float","","","","","","","","","2","N","","Valor do ICMS retido outras UFs"
"D510","16","IND_REC","char","","","","","","","001","","","C","","Indicador do tipo de receita"
"D510","17","COD_PART","char","","","","","","","060","","","C","","Código do participante (campo 02 do Registro 0150) receptor da receita, terceiro da operação, se houver"
"D510","18","VL_PIS","float","","","","","","","","","2","N","","Valor do PIS"
"D510","19","VL_COFINS","float","","","","","","","","","2","N","","Valor da COFINS"
"D510","20","COD_CTA","char","","","","","","","","","","C","","Código da conta analítica contábil debitada/creditada"
"D530","2","IND_SERV","char","","","","","","","001","","","C","","Indicador do tipo de serviço prestado"
"D530","3","DT_INI_SERV","date","","","","","","","008*","","","D","","Data em que se iniciou a prestação do serviço"
"D530","4","DT_FIN_SERV","date","","","","","","","008*","","","D","","Data em que se encerrou a prestação do serviço"
"D530","5","PER_FISCAL","char","","","","","","","006*","numeric_code","","N","","Período fiscal da prestação do serviço (MMAAAA)"
"D530","6","COD_AREA","char","","","","","","","","","","C","","Código de área do terminal faturado"
"D530","7","TERMINAL","int","","","","","","","","","","N","","Identificação do terminal faturado"
"D590","2","CST_ICMS","char","True","","","","","","003*","numeric_code","","N","O","Código da Situação Tributária, conforme Tabela Código da Situação Tributária - CST (ICMS)"
"D590","3","CFOP","char","True","","","","","","004*","numeric_code","","N","O","Código Fiscal de Operação e Prestação"
"D590","4","ALIQ_ICMS","float","","","","","","","006","","2","N","","Alíquota do ICMS"
"D590","5","VL_OPR","float","True","","","","","","","","2","N","O","Valor da operação correspondente à combinação de CST/ICMS, CFOP e alíquota do ICMS, incluídas as despesas acessórias e acréscimos"
"D590","6","VL_BC_ICMS","float","True","","","","","","","","2","N","O","Parcela correspondente ao “Valor da base de cálculo do ICMS” referente à combinação CST/ICMS, CFOP e alíquota do ICMS"
"D590","7","VL_ICMS","float","True","","","","","","","","2","N","O","Parcela correspondente ao “Valor do ICMS” referente à combinação CST/ICMS, CFOP e alíquota do ICMS"
"D590","8","VL_BC_ICMS_ST","float","True","","","","","","","","2","N","O","Parcela correspondente ao “Valor da base de cálculo do ICMS” de outras UFs referente à combinação de CST/ICMS, CFOP e alíquota do ICMS"
"D590","9","VL_ICMS_ST","float","True","","","","","","","","2","N","O","Parcela correspondente ao valor creditado/debitado do ICMS de outras UFs, referente à combinação de CST/ICMS, CFOP e alíquota do ICMS"
"D590","10","VL_RED_BC","float","True","","","","","","","","2","N","O","Valor não tributado em função da redução da base de cálculo do ICMS, referente à combinação de CST/ICMS, CFOP e alíquota do ICMS"
"D590","11","COD_OBS","char","","","","","","","006","","","C","","Código da observação (campo 02 do Registro 0460)"
"D600","2","COD_MOD","char","","","","","","","002*","","","C","","Código do modelo do documento fiscal, conforme a Tabela Documentos Fiscais do ICMS"
"D600","3","COD_MUN","char","","","","","","","007*","numeric_code","","N","","Código do município dos terminais faturados, conforme a tabela IBGE"
"D600","4","SER","char","","","","","","","004","","","C","","Série do documento fiscal"
"D600","5","SUB","char","","","","","","","003","numeric_code","","N","","Subsérie do documento fiscal"
"D600","6","COD_CONS","char","","","","","","","002*","numeric_code","","N","","Código de classe de consumo dos serviços de comunicação ou de telecomunicação, conforme a Tabela Classes de Consumo dos Serviços de Comunicação e Telecomunicação"
"D600","7","QTD_CONS","int","","","","","","","","","","N","","Quantidade de documentos consolidados neste registro"
"D600","8","DT_DOC","date","","","","","","","008*","","","D","","Data dos documentos consolidados"
"D600","9","VL_DOC","float","","","","","","","","","2","N","","Valor total acumulado dos documentos fiscais"
"D600","10","VL_DESC","float","","","","","","","","","2","N","","Valor acumulado dos descontos"
"D600","11","VL_SERV","float","","","","","","","","","2","N","","Valor acumulado das prestações de serviços tributadas pelo ICMS"
"D600","12","VL_SERV_NT","float","","","","","","","","","2","N","","Valor acumulado dos serviços não-tributados pelo ICMS"
"D600","13","VL_TERC","float","","","","","","","","","2","N","","Valores cobrados em nome de terceiros"
"D600","14","VL_DA","float","","","","","","","","","2","N","","Valor acumulado das despesas acessórias"
"D600","15","VL_BC_ICMS","float","","","","","","","","","2","N","","Valor acumulado da base de cálculo do ICMS"
"D600","16","VL_ICMS","float","","","","","","","","","2","N","","Valor acumulado do ICMS"
"D600","17","VL_PIS","float","","","","","","","","","2","N","","Valor do PIS"
"D600","18","VL_COFINS","float","","","","","","","","","2","N","","Valor da COFINS"
"D610","2","COD_CLASS","char","","","","","","","004*","numeric_code","","N","","Código de classificação do item do serviço de comunicação ou de telecomunicação, conforme a Tabela Classificação de Itens de Energia Elétrica, Serviços de Comunicação e Telecomunicação"
"D610","3","COD_ITEM","char","","","","","","","060","","","C","","Código do item (campo 02 do Registro 0200)"
"D610","4","QTD","float","","","","","","","","","3","N","","Quantidade acumulada do item"
"D610","5","UNID","char","","","","","","","006","","","C","","Unidade do item (Campo 02 do registro 0190)"
"D610","6","VL_ITEM","float","","","","","","","","","2","N","","Valor acumulado do item"
"D610","7","VL_DESC","float","","","","","","","","","2","N","","Valor acumulado dos descontos"
"D610","8","CST_ICMS","char","","","","","","","003*","numeric_code","","N","","Código da Situação Tributária referente ao ICMS"
"D610","9","CFOP","char","","","","","","","004*","numeric_code","","N","","Código Fiscal de Operação e Prestação"
"D610","10","ALIQ_ICMS","float","","","","","","","006","","2","N","","Alíquota do ICMS"
"D610","11","VL_BC_ICMS","float","","","","","","","","","2","N","","Valor acumulado da base de cálculo do ICMS"
"D610","12","VL_ICMS","float","","","","","","","","","2","N","","Valor acumulado do ICMS debitado"
"D610","13","VL_BC_ICMS_ST","float","","","","","","","","","2","N","","Valor da base de cálculo do ICMS de outras UFs"
"D610","14","VL_ICMS_ST","float","","","","","","","","","2","N","","Valor do ICMS retido por de outras UFs"
"D610","15","VL_RED_BC","float","","","","","","","","","2","N","","Valor não tributado em função da redução da base de cálculo do ICMS, referente à combinação de CST/ICMS, CFOP e alíquota do ICMS"
"D610","16","VL_PIS","float","","","","","","","","","2","N","","Valor acumulado do PIS"
"D610","17","VL_COFINS","float","","","","","","","","","2","N","","Valor acumulado da COFINS"
"D610","18","COD_CTA","char","","","","","","","","","","C","","Código da conta analítica contábil debitada/creditada"
"D690","2","CST_ICMS","char","","","","","","","003*","numeric_code","","N","","Código da Situação Tributária referente ao ICMS"
"D690","3","CFOP","char","","","","","","","004*","numeric_code","","N","","Código Fiscal de Operação e Prestação"
"D690","4","ALIQ_ICMS","float","","","","","","","006","","2","N","","Alíquota do ICMS"
"D690","5","VL_OPR","float","","","","","","","","","2","N","","Valor da operação correspondente à combinação de CST/ICMS, CFOP e alíquota do ICMS, incluídas as despesas acessórias e acréscimos"
"D690","6","VL_BC_ICMS","float","","","","","","","","","2","N","","Parcela correspondente ao “Valor da base de cálculo do ICMS” referente à combinação CST/ICMS, CFOP e alíquota do ICMS"
"D690","7","VL_ICMS","float","","","","","","","","","2","N","","Parcela correspondente ao “Valor do ICMS” referente à combinação CST/ICMS, CFOP e alíquota do ICMS"
"D690","8","VL_BC_ICMS_ST","float","","","","","","","","","2","N","","Parcela correspondente ao “Valor da base de cálculo do ICMS” de outras UFs referente à combinação de CST/ICMS, CFOP e alíquota do ICMS"
"D690","9","VL_ICMS_ST","float","","","","","","","","","2","N","","Parcela correspondente ao valor creditado/debitado do ICMS de outras UFs, referente à combinação de CST/ICMS, CFOP e alíquota do ICMS"
"D690","10","VL_RED_BC","float","","","","","","","","","2","N","","Valor não tributado em função da redução da base de cálculo do ICMS, referente à combinação de CST/ICMS, CFOP e alíquota do ICMS"
"D690","11","COD_OBS","char","","","","","","","006","","","C","","Código da observação do lançamento fiscal (campo 02 do Registro 0460)"
"D695","2","COD_MOD","char","","","","","","","002*","","","C","","Código do modelo do documento fiscal, conforme a Tabela Documentos Fiscais do ICMS"
"D695","3","SER","char","","","","","","","004","","","C","","Série do documento fiscal"
"D695","4","NRO_ORD_INI","char","","","","","","","009","numeric_code","","N","","Número de ordem inicial"
"D695","5","NRO_ORD_FIN","char","","","","","","","009","numeric_code","","N","","Número de ordem final"
"D695","6","DT_DOC_INI","date","","","","","","","008*","","","D","","Data de emissão inicial dos documentos"
"D695","7","DT_DOC_FIN","date","","","","","","","008*","","","D","","Data de emissão final dos documentos"
"D695","8","NOM_MEST","char","","","","","","","033","","","C","","Nome do arquivo Mestre de Documento Fiscal"
"D695","9","CHV_COD_DIG","char","","","","","","","032","","","C","","Chave de codificação digital do arquivo mestre de documento fiscal"
"D696","2","CST_ICMS","char","","","","","","","003*","numeric_code","","N","","Código da Situação Tributária referente ao ICMS"
"D696","3","CFOP","char","","","","","","","004*","numeric_code","","N","","Código Fiscal de Operação e Prestação"
"D696","4","ALIQ_ICMS","float","","","","","","","006","","2","N","","Alíquota do ICMS"
"D696","5","VL_OPR","float","","","","","","","","","2","N","","Valor da operação correspondente à combinação de CST/ICMS, CFOP e alíquota do ICMS, incluídas as despesas acessórias e acréscimos"
"D696","6","VL_BC_ICMS","float","","","","","","","","","2","N","","Parcela correspondente ao “Valor da base de cálculo do ICMS” referente à combinação CST/ICMS, CFOP e alíquota do ICMS"
"D696","7","VL_ICMS","float","","","","","","","","","2","N","","Parcela correspondente ao “Valor do ICMS” referente à combinação CST/ICMS, CFOP e alíquota do ICMS"
"D696","8","VL_BC_ICMS_ST","float","","","","","","","","","2","N","","Valor da base de cálculo do ICMS de outras UFs"
"D696","9","VL_ICMS_ST","float","","","","","","","","","2","N","","Valor do ICMS retido de outras UFs"
"D696","10","VL_RED_BC","float","","","","","","","","","2","N","","Valor não tributado em função da redução da base de cálculo do ICMS, referente à combinação de CST/ICMS, CFOP e alíquota do ICMS"
"D696","11","COD_OBS","char","","","","","","","006","","","C","","Código da observação do lançamento fiscal (campo 02 do Registro 0460)"
"D697","2","UF","char","","","","","","","002*","","","C","","Sigla da unidade da federação"
"D697","3","VL_BC_ICMS_ST","float","","","","","","","","","2","N","","Base de cálculo do ICMS"
"D697","4","VL_ICMS_ST","float","","","","","","","","","2","N","","Valor do ICMS"
"D700","2","IND_OPER","char","True","","","","","","001*","","","C","O","Indicador do tipo de operação"
"D700","3","IND_EMIT","char","True","","","","","","001*","","","C","O","Indicador do emitente do documento fiscal"
"D700","4","COD_PART","char","","","","","","","060","","","C","","Código do participante (campo 02 do Registro 0150): - prestador de serviço, no caso de aquisição de serviço"
"D700","5","COD_MOD","char","True","","","","","","002*","","","C","O","Código do modelo do documento fiscal, conforme Tabela 4.1.1"
"D700","6","COD_SIT","char","True","","","","","","002*","numeric_code","","N","O","Código da situação do documento fiscal, conforme a Tabela 4.1.2"
"D700","7","SER","char","True","","","","","","003","","","C","O","Série do documento fiscal"
"D700","8","NUM_DOC","char","True","","","","","","009","numeric_code","","N","O","Número do documento fiscal"
"D700","9","DT_DOC","date","True","","","","","","008*","","","D","O","Data da emissão do documento fiscal"
"D700","10","DT_A_P","date","","","","","","","008*","","","D","","Data da aquisição ou da prestação do serviço"
"D700","11","VL_DOC","float","True","","","","","","","","2","N","O","Valor total do documento fiscal"
"D700","12","VL_DESC","float","","","","","","","","","2","N","","Valor total do desconto"
"D700","13","VL_SERV","float","True","","","","","","","","2","N","O","Valor dos serviços tributados pelo ICMS"
"D700","14","VL_SERV_NT","float","","","","","","","","","2","N","","Valores cobrados em nome do prestador sem destaque de ICMS"
"D700","15","VL_TERC","float","","","","","","","","","2","N","","Valores cobrados em nome de terceiros"
"D700","16","VL_DA","float","","","","","","","","","2","N","","Valor de despesas acessórias indicadas no documento fiscal"
"D700","17","VL_BC_ICMS","float","","","","","","","","","2","N","","Valor da base de cálculo do ICMS"
"D700","18","VL_ICMS","float","","","","","","","","","2","N","","Valor do ICMS"
"D700","19","COD_INF","char","","","","","","","006","","","C","","Código da informação complementar do documento fiscal (campo 02 do Registro 0450)"
"D700","20","VL_PIS","float","","","","","","","","","2","N","","Valor do PIS/PASEP"
"D700","21","VL_COFINS","float","","","","","","","","","2","N","","Valor total da COFINS"
"D700","22","CHV_DOCE","char","True","","","","","","044*","","","C","O","Chave da Nota Fiscal Fatura de Serviço de Comunicação Eletrônica"
"D700","23","FIN_DOCE","char","True","","","","","","001*","numeric_code","","N","O","Finalidade da emissão do documento eletrônico"
"D700","24","TIP_FAT","char","True","","","","","","001*","numeric_code","","N","O","Tipo de Faturamento do Documento Eletrônico"
"D700","25","COD_MOD_DOC_REF","char","","","","","","","002*","","","C","","Código do modelo do documento fiscal referenciado, conforme a Tabela 4.1.1"
"D700","26","CHV_DOCE_REF","char","","","","","","","044*","","","C","","Chave da nota referenciada"
"D700","27","HASH_DOC_REF","char","","","","","","","032","","","C",""," Código de autenticação digital do registro (Convênio 115/2003)"
"D700","28","SER_DOC_REF","char","","","","","","","004","","","C","","Série do documento fiscal referenciado"
"D700","29","NUM_DOC_REF","char","","","","","","","009","numeric_code","","N","","Número do documento fiscal referenciado"
"D700","30","MES_DOC_REF","char","","","","","","","006*","numeric_code","","N","","Mês e ano da emissão do documento fiscal referenciado"
"D700","31","COD_MUN_DEST","char","","","","","","","007*","numeric_code","","N","","Código do Município do destinatário conforme a tabela do IBGE"
"D700","32","DED","float","","","","","","","","","2","N","","Deduções"
"D730","2","CST_ICMS","char","True","","","","","","003*","numeric_code","","N","O","Código da Situação Tributária referente ao ICMS"
"D730","3","CFOP","char","True","","","","","","004*","numeric_code","","N","O","Código Fiscal de Operação e Prestação"
"D730","4","ALIQ_ICMS","float","","","","","","","006","","2","N","","Alíquota do ICMS"
"D730","5","VL_OPR","float","True","","","","","","","","2","N","O","Valor da operação correspondente à combinação de CST/ICMS, CFOP e alíquota do ICMS, incluídas as despesas acessórias e acréscimos"
"D730","6","VL_BC_ICMS","float","True","","","","","","","","2","N","O","Parcela correspondente ao “Valor da base de cálculo do ICMS” referente à combinação CST/ICMS, CFOP e alíquota do ICMS"
"D730","7","VL_ICMS","float","True","","","","","","","","2","N","O","Parcela correspondente ao “Valor do ICMS” referente à combinação CST/ICMS, CFOP e alíquota do ICMS"
"D730","8","VL_RED_BC","float","True","","","","","","","","2","N","O","Valor da Redução de Base de Cálculo ICMS"
"D730","9","COD_OBS","char","","","","","","","006","","","C","","Código da observação do lançamento fiscal (campo 02 do Registro 0460)"
"D731","2","VL_FCP_OP","float","True","","","","","","","","2","N","O","Valor do Fundo de Combate à Pobreza (FCP) vinculado à operação própria, na combinação de CST_ICMS, CFOP e alíquota do ICMS"
"D735","2","COD_OBS","char","True","","","","","","006","","","C","O","Código da observação do lançamento fiscal (campo 02 do Registro 0460)"
"D735","3","TXT_COMPL","char","","","","","","","","","","C","","Descrição complementar do código de observação"
"D737","2","COD_AJ","char","True","","","","","","010*","","","C","O","Código do ajuste/benefício/incentivo conforme tabela indicada no item 5.3 "
"D737","3","DESCR_COMPL_AJ","char","","","","","","","","","","C","","Descrição complementar do ajuste do documento fiscal"
"D737","4","COD_ITEM","char","","","","","","","060","","","C","","Código do item (campo 02 do Registro 0200)"
"D737","5","VL_BC_ICMS","float","","","","","","","","","2","N","","Base de Calculo do ICMS"
"D737","6","ALIQ_ICMS","float","","","","","","","006","","2","N","","Alíquota do ICMS"
"D737","7","VL_ICMS","float","","","","","","","","","2","N","","Valor do ICMS"
"D737","8","VL_OUTROS","float","","","","","","","","","2","N","","Outros valores"
"D750","2","COD_MOD","char","","","","","","","002*","","","C","","Código do modelo do documento fiscal, conforme Tabela 4.1.1"
"D750","3","SER","char","","","","","","","003","numeric_code","","N","","Série do documento fiscal"
"D750","4","DT_DOC","date","True","","","","","","008*","","","D","O","Data dos documentos consolidados"
"D750","5","QTD_CONS","int","","","","","","","","","","N","","Quantidade de documentos consolidados neste registro"
"D750","6","IND_PREPAGO","char","","","","","","","","numeric_code","","N","","Forma de Pagamento"
"D750","7","VL_DOC","float","","","","","","","","","2","N","","Valor total acumulado do documento fiscal"
"D750","8","VL_SERV","float","","","","","","","","","2","N","","Valor dos serviços tributados pelo ICMS"
"D750","9","VL_SERV_NT","float","","","","","","","","","2","N","","Valores acumulados não tributados pelo ICMS"
"D750","10","VL_TERC","float","","","","","","","","","2","N","","Valores cobrados em nome de terceiros"
"D750","11","VL_DESC","float","","","","","","","","","2","N","","Valor total dos descontos"
"D750","12","VL_DA","float","","","","","","","","","2","N","","Valor acumulado de despesas acessórias"
"D750","13","VL_BC_ICMS","float","","","","","","","","","2","N","","Valor da base de cálculo do ICMS"
"D750","14","VL_ICMS","float","","","","","","","","","2","N","","Valor acumulado do ICMS"
"D750","15","VL_PIS","float","","","","","","","","","2","N","","Valor do PIS/PASEP"
"D750","16","VL_COFINS","float","","","","","","","","","2","N","","Valor total da COFINS"
"D750","17","DED","float","","","","","","","","","2","N","","Deduções"
"D760","2","CST_ICMS","char","","","","","","","003*","numeric_code","","N","","Código da Situação Tributária referente ao ICMS"
"D760","3","CFOP","char","","","","","","","004*","numeric_code","","N","","Código Fiscal de Operação e Prestação"
"D760","4","ALIQ_ICMS","float","","","","","","","006","","2","N","","Alíquota do ICMS"
"D760","5","VL_OPR","float","","","","","","","","","2","N","","Valor da operação correspondente à combinação de CST/ICMS, CFOP e alíquota do ICMS, incluídas as despesas acessórias e acréscimos"
"D760","6","VL_BC_ICMS","float","","","","","","","","","2","N","","Parcela correspondente ao “Valor da base de cálculo do ICMS” referente à combinação CST/ICMS, CFOP e alíquota do ICMS"
"D760","7","VL_ICMS","float","","","","","","","","","2","N","","Parcela correspondente ao “Valor do ICMS” referente à combinação CST/ICMS, CFOP e alíquota do ICMS"
"D760","8","VL_RED_BC","float","","","","","","","","","2","N","","Valor não tributado em função da redução da base de cálculo do ICMS, referente à combinação de CST/ICMS, CFOP e alíquota do ICMS"
"D760","9","COD_OBS","char","","","","","","","006","","","C","","Código da observação do lançamento fiscal (campo 02 do Registro 0460)"
"D761","2","VL_FCP_OP","float","True","","","","","","","","2","N","O","Valor do Fundo de Combate à Pobreza (FCP) vinculado à operação própria, na combinação de CST_ICMS, CFOP e alíquota do ICMS"
"D990","2","QTD_LIN_D","int","True","","","","","","","","","N","O","Quantidade total de linhas do Bloco D"
"E001","2","IND_MOV","char","True","","","","","","001","","","C","O","Indicador de movimento"
"E100","2","DT_INI","date","True","","","","","","008*","","","D","O","Data inicial a que a apuração se refere"
"E100","3","DT_FIN","date","True","","","","","","008*","","","D","O","Data final a que a apuração se refere"
"E110","2","VL_TOT_DEBITOS","float","True","","","","","","","","2","N","O","Valor total dos débitos por saídas e prestações com débito do imposto"
"E110","3","VL_AJ_DEBITOS","float","True","","","","","","","","2","N","O","Valor total dos ajustes a débito decorrentes do documento fiscal"
"E110","4","VL_TOT_AJ_DEBITOS","float","True","","","","","","","","2","N","O","Valor total dos ajustes a débito"
"E110","5","VL_ESTORNOS_CRED","float","True","","","","","","","","2","N","O","Valor total dos estornos de créditos"
"E110","6","VL_TOT_CREDITOS","float","True","","","","","","","","2","N","O","Valor total dos créditos por entradas e aquisições com crédito do imposto"
"E110","7","VL_AJ_CREDITOS","float","True","","","","","","","","2","N","O","Valor total dos ajustes a crédito decorrentes do documento fiscal"
"E110","8","VL_TOT_AJ_CREDITOS","float","True","","","","","","","","2","N","O","Valor total dos ajustes a crédito"
"E110","9","VL_ESTORNOS_DEB","float","True","","","","","","","","2","N","O","Valor total dos estornos de débitos"
"E110","10","VL_SLD_CREDOR_ANT","float","True","","","","","","","","2","N","O","Valor total de saldo credor do período anterior"
"E110","11","VL_SLD_APURADO","float","True","","","","","","","","2","N","O","Valor total de saldo apurado antes das deduções"
"E110","12","VL_TOT_DED","float","True","","","","","","","","2","N","O","Valor total das deduções"
"E110","13","VL_ICMS_RECOLHER","float","True","","","","","","","","2","N","O","Valor total de ICMS a recolher"
"E110","14","VL_SLD_CREDOR_TRANSPORTAR","float","True","","","","","","","","2","N","O","Valor total do saldo credor de ICMS a transportar para o período seguinte"
"E110","15","DEB_ESP","float","True","","","","","","","","2","N","O","Valores recolhidos ou a recolher, extra-apuração"
"E111","2","COD_AJ_APUR","char","True","","","","","","008*","","","C","O","Código do ajuste da apuração e dedução, conforme a Tabela de Códigos de Ajustes da Apuração do ICMS"
"E111","3","DESCR_COMPL_AJ","char","","","","","","","","","","C","","Descrição complementar do ajuste da apuração"
"E111","4","VL_AJ_APUR","float","True","","","","","","","","2","N","O","Valor do ajuste da apuração"
"E112","2","NUM_DA","char","","","","","","","","","","C","","Número do documento de arrecadação estadual, se houver"
"E112","3","NUM_PROC","char","","","","","","","060","","","C","","Número do processo ao qual o ajuste está vinculado, se houver"
"E112","4","IND_PROC","char","","","","","","","001","","","C","","Indicador da origem do processo"
"E112","5","PROC","char","","","","","","","","","","C","","Descrição resumida do processo que embasou o lançamento"
"E112","6","TXT_COMPL","char","","","","","","","","","","C","","Descrição complementar"
"E113","2","COD_PART","char","","","","","","","060","","","C","","Código do participante (campo 02 do Registro 0150): - do emitente do documento ou do remetente das mercadorias, no caso de entradas; - do adquirente, no caso de saídas"
"E113","3","COD_MOD","char","True","","","","","","002*","","","C","O","Código do modelo do documento fiscal, conforme a Tabela Documentos Fiscais do ICMS"
"E113","4","SER","char","","","","","","","004","","","C","","Série do documento fiscal"
"E113","5","SUB","char","","","","","","","003","numeric_code","","N","","Subserie do documento fiscal"
"E113","6","NUM_DOC","char","True","","","","","","009","numeric_code","","N","O","Número do documento fiscal"
"E113","7","DT_DOC","date","True","","","","","","008*","","","D","O","Data da emissão do documento fiscal (DDMMAAAA)"
"E113","8","COD_ITEM","char","","","","","","","060","","","C","","Código do item (campo 02 do Registro 0200)"
"E113","9","VL_AJ_ITEM","float","True","","","","","","","","2","N","O","Valor do ajuste para a operação/item"
"E113","10","CHV_DOCE","char","","","","","","","044*","","","C","","Chave do documento eletrônico"
"E115","2","COD_INF_ADIC","char","True","","","","","","008*","","","C","O","Código da informação adicional conforme tabela a ser definida pelas SEFAZ"
"E115","3","VL_INF_ADIC","float","True","","","","","","","","2","N","O","Valor referente à informação adicional"
"E115","4","DESCR_COMPL_AJ","char","","","","","","","","","","C","","Descrição complementar do ajuste"
"E116","2","COD_OR","char","True","","","","","","003*","numeric_code","","N","O","Código da obrigação a recolher, conforme a TABELA DE CÓDIGOS DAS OBRIGAÇÕES DE ICMS A RECOLHER"
"E116","3","VL_OR","float","True","","","","","","","","2","N","O","Valor da obrigação a recolher"
"E116","4","DT_VCTO","date","True","","","","","","008*","","","D","O","Data de vencimento da obrigação"
"E116","5","COD_REC","char","True","","","","","","","","","C","O","Código de receita referente à obrigação, próprio da unidade da federação, conforme legislação estadual"
"E116","6","NUM_PROC","char","","","","","","","060","","","C","","Número do processo ou auto de infração ao qual a obrigação está vinculada, se houver"
"E116","7","IND_PROC","char","","","","","","","001","","","C","","Indicador da origem do processo"
"E116","8","PROC","char","","","","","","","","","","C","","Descrição resumida do processo que embasou o lançamento"
"E116","9","TXT_COMPL","char","","","","","","","","","","C","","Descrição complementar das obrigações a recolher"
"E116","10","MES_REF","char","True","","","","","","006*","numeric_code","","N","O","Mês de referência no formato (MMAAAA)"
"E200","2","UF","char","True","","","","","","002*","","","C","O","Sigla da unidade da federação a que se refere a apuração do ICMS ST"
"E200","3","DT_INI","date","True","","","","","","008*","","","D","O","Data inicial a que a apuração se refere"
"E200","4","DT_FIN","date","True","","","","","","008*","","","D","O","Data final a que a apuração se refere"
"E210","2","IND_MOV_ST","char","True","","","","","","001","","","C","O","Indicador de movimento: 0 – Sem operações com ST; 1 – Com operações de ST"
"E210","3","VL_SLD_CRED_ANT_ST","float","True","","","","","","","","2","N","O","Valor do saldo credor de período anterior – substituição tributária"
"E210","4","VL_DEVOL_ST","float","True","","","","","","","","2","N","O","Valor total do ICMS ST de devolução de mercadorias"
"E210","5","VL_RESSARC_ST","float","True","","","","","","","","2","N","O","Valor total do ICMS ST - ressarcimentos"
"E210","6","VL_OUT_CRED_ST","float","True","","","","","","","","2","N","O","Valor total dos ajustes - outros créditos ST"
"E210","7","VL_AJ_CREDITOS_ST","float","True","","","","","","","","2","N","O","Valor total dos ajustes a crédito de ICMS ST, provenientes de ajustes do documento fiscal"
"E210","8","VL_RETENCAO_ST","float","True","","","","","","","","2","N","O","Valor Total do ICMS retido por Substituição Tributária"
"E210","9","VL_OUT_DEB_ST","float","True","","","","","","","","2","N","O","Valor Total dos ajustes - outros débitos ST"
"E210","10","VL_AJ_DEBITOS_ST","float","True","","","","","","","","2","N","O","Valor total dos ajustes a débito de ICMS ST, provenientes de ajustes do documento fiscal"
"E210","11","VL_SLD_DEV_ANT_ST","float","True","","","","","","","","2","N","O","Valor do saldo devedor antes das deduções"
"E210","12","VL_DEDUCOES_ST","float","True","","","","","","","","2","N","O","Valor total das deduções ST”"
"E210","13","VL_ICMS_RECOL_ST","float","True","","","","","","","","2","N","O","Valor total do ICMS a recolher ST"
"E210","14","VL_SLD_CRED_ST_TRANSPORTAR","float","True","","","","","","","","2","N","O","Valor do saldo credor do ICMS ST a transportar para o período seguinte"
"E210","15","DEB_ESP_ST","float","True","","","","","","","","2","N","O","Valores recolhidos ou a recolher, extra-apuração"
"E220","2","COD_AJ_APUR","char","True","","","","","","008*","","","C","O","Código do ajuste da apuração e dedução, conforme a Tabela de Códigos de Ajustes da Apuração do ICMS"
"E220","3","DESCR_COMPL_AJ","char","","","","","","","","","","C","","Descrição complementar do ajuste da apuração"
"E220","4","VL_AJ_APUR","float","True","","","","","","","","2","N","O","Valor do ajuste da apuração"
"E230","2","NUM_DA","char","","","","","","","","","","C","","Número do documento de arrecadação estadual, se houver"
"E230","3","NUM_PROC","char","","","","","","","060","","","C","","Número do processo ao qual o ajuste está vinculado, se houver"
"E230","4","IND_PROC","char","","","","","","","001","numeric_code","","N","","Indicador da origem do processo"
"E230","5","PROC","char","","","","","","","","","","C","","Descrição resumida do processo que embasou o lançamento"
"E230","6","TXT_COMPL","char","","","","","","","","","","C","","Descrição complementar"
"E240","2","COD_PART","char","True","","","","","","060","","","C","O","Código do participante (campo 02 do Registro 0150): - do emitente do documento ou do remetente das mercadorias, no caso de entradas; - do adquirente, no caso de saídas"
"E240","3","COD_MOD","char","True","","","","","","002*","","","C","O","Código do modelo do documento fiscal, conforme a Tabela Documentos Fiscais do ICMS"
"E240","4","SER","char","","","","","","","004","","","C","","Série do documento fiscal"
"E240","5","SUB","char","","","","","","","003","numeric_code","","N","","Subserie do documento fiscal"
"E240","6","NUM_DOC","char","True","","","","","","009","numeric_code","","N","O","Número do documento fiscal"
"E240","7","DT_DOC","date","True","","","","","","008*","","","D","O","Data da emissão do documento fiscal (DDMMAAAA)"
"E240","8","COD_ITEM","char","","","","","","","060","","","C","","Código do item (campo 02 do Registro 0200)"
"E240","9","VL_AJ_ITEM","float","True","","","","","","","","2","N","O","Valor do ajuste para a operação/item"
"E240","10","CHV_DOCE","char","","","","","","","044*","","","C","","Chave do documento eletrônico"
"E250","2","COD_OR","char","True","","","","","","003*","numeric_code","","N","O","Código da obrigação a recolher, conforme a TABELA DE CÓDIGOS DAS OBRIGAÇÕES DE ICMS A RECOLHER"
"E250","3","VL_OR","float","True","","","","","","","","2","N","O","Valor da obrigação ICMS ST a recolher"
"E250","4","DT_VCTO","date","True","","","","","","008*","","","D","O","Data de vencimento da obrigação"
"E250","5","COD_REC","char","True","","","","","","","","","C","O","Código de receita referente à obrigação, próprio da unidade da federação"
"E250","6","NUM_PROC","char","","","","","","","060","","","C","","Número do processo ou auto de infração ao qual a obrigação está vinculada, se houver"
"E250","7","IND_PROC","char","","","","","","","001","","","C","","Indicador da origem do processo"
"E250","8","PROC","char","","","","","","","","","","C","","Descrição resumida do processo que embasou o lançamento"
"E250","9","TXT_COMPL","char","","","","","","","","","","C","","Descrição complementar das obrigações a recolher"
"E250","10","MES_REF","char","True","","","","","","006*","numeric_code","","N","O","Mês de referência no formato (MMAAAA)"
"E300","2","UF","char","True","","","","","","002*","","","C","O","Sigla da unidade da federação a que se refere a apuração do FCP e do ICMS Diferencial de Alíquota da UF de Origem/Destino"
"E300","3","DT_INI","date","True","","","","","","008*","","","D","O","Data inicial a que a apuração se refere"
"E300","4","DT_FIN","date","True","","","","","","008*","","","D","O","Data final a que a apuração se refere"
"E310","2","IND_MOV_DIFAL","char","True","","","","","","001","numeric_code","","N","O","Indicador de movimento:"
"E310","3","VL_SLD_CRED_ANT_DIFAL","float","True","","","","","","","","2","N","O","Valor do saldo credor de período anterior – ICMS diferencial de alíquota da UF de origem/destino"
"E310","4","VL_TOT_DEBITOS_DIFAL","float","True","","","","","","","","2","N","O","Valor total dos débitos por saídas e prestações com débito do ICMS referente ao diferencial de alíquota devido à UF de Origem/Destino"
"E310","5","VL_OUT_DEB_DIFAL","float","True","","","","","","","","2","N","O","Valor total dos ajustes outros débitos ICMS diferencial de alíquota da UF de origem/destino e estorno de créditos ICMS diferencial de alíquota da UF de origem/destino"
"E310","6","VL_TOT_CREDITOS_DIFAL","float","True","","","","","","","","2","N","O","Valor total dos créditos do ICMS referente ao diferencial de alíquota devido à UF de Origem/Destino"
"E310","7","VL_OUT_CRED_DIFAL","float","True","","","","","","","","2","N","O","Valor total de ajustes outros créditos ICMS diferencial de alíquota da UF de origem/destino e estorno de débitos ICMS diferencial de alíquota da UF de origem/destino"
"E310","8","VL_SLD_DEV_ANT_DIFAL","float","True","","","","","","","","2","N","O","Valor total de saldo devedor ICMS diferencial de alíquota da UF de origem/destino antes das deduções"
"E310","9","VL_DEDUCOES_DIFAL","float","True","","","","","","","","2","N","O","Valor total dos ajustes Deduções ICMS diferencial de alíquota da UF de origem/destino"
"E310","10","VL_RECOL","float","True","","","","","","","","2","N","O","Valor recolhido ou a recolher referente ao ICMS Diferencial de Alíquota da UF de Origem/Destino (08-09)"
"E310","11","VL_SLD_CRED_TRANSPORTAR","float","True","","","","","","","","2","N","O","Saldo credor a transportar para o período seguinte referente ao ICMS Diferencial de Alíquota da UF de Origem/Destino"
"E310","12","DEB_ESP_DIFAL","float","True","","","","","","","","2","N","O","Valores recolhidos ou a recolher, extraapuração - ICMS Diferencial de Alíquota da UF de Origem/Destino"
"E310","13","VL_SLD_CRED_ANT_FCP","float","True","","","","","","","","2","N","O","Valor do Saldo credor de período anterior – FCP"
"E310","14","VL_TOT_DEB_FCP","float","True","","","","","","","","2","N","O","Valor total dos débitos FCP por saídas e prestações"
"E310","15","VL_OUT_DEB_FCP","float","True","","","","","","","","2","N","O","Valor total dos ajustes Outros débitos FCP e Estorno de créditos FCP"
"E310","16","VL_TOT_CRED_FCP","float","True","","","","","","","","2","N","O","Valor total dos créditos FCP por Entradas"
"E310","17","VL_OUT_CRED_FCP","float","True","","","","","","","","2","N","O","Valor total de ajustes Outros Créditos FCP e Estorno de Débitos FCP"
"E310","18","VL_SLD_DEV_ANT_FCP","float","True","","","","","","","","2","N","O","Valor total de Saldo devedor FCP antes das deduções"
"E310","19","VL_DEDUCOES_FCP","float","True","","","","","","","","2","N","O","Valor total das deduções FCP"
"E310","20","VL_RECOL_FCP","float","True","","","","","","","","2","N","O","Valor recolhido ou a recolher referente ao FCP (18–19)"
"E310","21","VL_SLD_CRED_TRANSPORTAR_FCP","float","True","","","","","","","","2","N","O","Saldo credor a transportar para o período seguinte referente ao FCP"
"E310","22","DEB_ESP_FCP","float","True","","","","","","","","2","N","O","Valores recolhidos ou a recolher, extra-apuração FCP"
"E311","2","COD_AJ_APUR","char","True","","","","","","008*","","","C","O","Código do ajuste da apuração e dedução, conforme a Tabela indicada no item 5.1.1"
"E311","3","DESCR_COMPL_AJ","char","","","","","","","","","","C","","Descrição complementar do ajuste da apuração"
"E311","4","VL_AJ_APUR","float","True","","","","","","","","2","N","O","Valor do ajuste da apuração"
"E312","2","NUM_DA","char","","","","","","","","","","C","","Número do documento de arrecadação estadual, se houver"
"E312","3","NUM_PROC","char","","","","","","","060","","","C","","Número do processo ao qual o ajuste está vinculado, se houver"
"E312","4","IND_PROC","char","","","","","","","001*","","","C","","Indicador da origem do processo"
"E312","5","PROC","char","","","","","","","","","","C","","Descrição resumida do processo que embasou o lançamento"
"E312","6","TXT_COMPL","char","","","","","","","","","","C","","Descrição complementar"
"E313","2","COD_PART","char","True","","","","","","060","","","C","O","Código do participante (campo 02 do registro 0150):- do emitente do documento ou do remetente das mercadorias, no caso de entradas;- do adquirente, no caso de saídas"
"E313","3","COD_MOD","char","True","","","","","","002*","","","C","O","Código do modelo do documento fiscal, conforme a tabela 4.1.1"
"E313","4","SER","char","","","","","","","004","","","C","","Série do documento fiscal"
"E313","5","SUB","char","","","","","","","003","numeric_code","","N","","Subserie do documento fiscal"
"E313","6","NUM_DOC","char","True","","","","","","009","numeric_code","","N","O","Número do documento fiscal"
"E313","7","CHV_DOCE","char","","","","","","","044*","","","C","","Chave do documento eletrônico"
"E313","8","DT_DOC","date","True","","","","","","008*","","","D","O","Data da emissão do documento fiscal (DDMMAAAA)"
"E313","9","COD_ITEM","char","","","","","","","060","","","C","","Código do item (campo 02 do registro 0200)"
"E313","10","VL_AJ_ITEM","float","True","","","","","","","","2","N","O","Valor do ajuste para a operação/item"
"E316","2","COD_OR","char","True","","","","","","003*","","","C","O","Código da obrigação a recolher, conforme a tabela 5.4 (tabela de códigos das obrigações de ICMS a recolher)"
"E316","3","VL_OR","float","True","","","","","","","","2","N","O","Valor da obrigação recolhida ou a recolher - diferencial de alíquota - UF origem/estino EC87/15"
"E316","4","DT_VCTO","date","True","","","","","","008*","","","D","O","Data de vencimento da obrigação"
"E316","5","COD_REC","char","True","","","","","","","","","C","O","Código de receita referente à obrigação, próprio da unidade da federação"
"E316","6","NUM_PROC","char","","","","","","","060","","","C","","Número do processo ou auto de infração ao qual a obrigação está vinculada, se houver"
"E316","7","IND_PROC","char","","","","","","","001*","","","C","","Indicador da origem do processo"
"E316","8","PROC","char","","","","","","","","","","C","","Descrição resumida do processo que embasou o lançamento"
"E316","9","TXT_COMPL","char","","","","","","","","","","C","","Descrição complementar das obrigações a recolher"
"E316","10","MES_REF","char","True","","","","","","006*","numeric_code","","N","O","Informe o mês de referência no formato “mmaaaa”"
"E500","2","IND_APUR","char","True","","","","","","001","","","C","O","Indicador de período de apuração do IPI: 0 - Mensal; 1 - Decendial"
"E500","3","DT_INI","date","True","","","","","","008*","","","D","O","Data inicial a que a apuração se refere"
"E500","4","DT_FIN","date","True","","","","","","008*","","","D","O","Data final a que a apuração se refere"
"E510","2","CFOP","char","True","","","","","","004*","numeric_code","","N","O","Código Fiscal de Operação e Prestação do agrupamento de itens"
"E510","3","CST_IPI","char","True","","","","","","002*","","","C","O","Código da Situação Tributária referente ao IPI"
"E510","4","VL_CONT_IPI","float","True","","","","","","","","2","N","O","Parcela correspondente ao valor contábil referente ao CFOP e ao Código de Tributação do IPI"
"E510","5","VL_BC_IPI","float","True","","","","","","","","2","N","O","Parcela correspondente ao valor da base de cálculo do IPI referente ao CFOP e ao Código de Tributação do IPI, para operações tributadas"
"E510","6","VL_IPI","float","True","","","","","","","","2","N","O","Parcela correspondente ao valor do IPI referente ao CFOP e ao Código de Tributação do IPI, para operações tributadas"
"E520","2","VL_SD_ANT_IPI","float","True","","","","","","","","2","N","O","Saldo credor do IPI transferido do período anterior"
"E520","3","VL_DEB_IPI","float","True","","","","","","","","2","N","O","Valor total dos débitos do IPI por saídas com débito do imposto"
"E520","4","VL_CRED_IPI","float","True","","","","","","","","2","N","O","Valor total dos créditos do IPI por entradas e aquisições com crédito do imposto"
"E520","5","VL_OD_IPI","float","True","","","","","","","","2","N","O","Valor de outros débitos do IPI (inclusive estornos de crédito)"
"E520","6","VL_OC_IPI","float","True","","","","","","","","2","N","O","Valor de outros créditos do IPI (inclusive estornos de débitos)"
"E520","7","VL_SC_IPI","float","True","","","","","","","","2","N","O","Valor do saldo credor do IPI a transportar para o período seguinte"
"E520","8","VL_SD_IPI","float","True","","","","","","","","2","N","O","Valor do saldo devedor do IPI a recolher"
"E530","2","IND_AJ","char","True","","","","","","001","","","C","O","Indicador do tipo de ajuste"
"E530","3","VL_AJ","float","True","","","","","","","","2","N","O","Valor do ajuste"
"E530","4","COD_AJ","char","True","","","","","","003*","","","C","O","Código do ajuste da apuração, conforme a Tabela Código de Ajuste da Apuração do IPI – Tabela publicada pela RFB"
"E530","5","IND_DOC","char","True","","","","","","001","","","C","O","Indicador da origem do documento vinculado ao ajuste"
"E530","6","NUM_DOC","char","","","","","","","","","","C","","Número do documento/processo/declaração ao qual o ajuste está vinculado, se houver"
"E530","7","DESCR_AJ","char","True","","","","","","","","","C","O","Descrição resumida do ajuste"
"E531","2","COD_PART","char","","","","","","","060","","","C","","Código do participante (campo 02 do Registro 0150) - do emitente do documento ou do remetente das mercadorias, no caso de entradas - do adquirente, no caso de saídas"
"E531","3","COD_MOD","char","True","","","","","","002*","","","C","O","Código do modelo do documento fiscal, conforme a Tabela 4.1.1"
"E531","4","SER","char","","","","","","","004","","","C","","Série do documento fiscal"
"E531","5","SUB","char","","","","","","","003","numeric_code","","N","","Subsérie do documento fiscal"
"E531","6","NUM_DOC","char","True","","","","","","009","numeric_code","","N","O","Número do documento fiscal"
"E531","7","DT_DOC","date","True","","","","","","008*","","","D","O","Data da emissão do documento fiscal (DDMMAAAA)"
"E531","8","COD_ITEM","char","","","","","","","","","","C","","Código do item (campo 02 do Registro 0200)"
"E531","9","VL_AJ_ITEM","float","True","","","","","","","","2","N","O","Valor do ajuste para a operação/item"
"E531","10","CHV_NFE","char","","","","","","","044*","","","C","","Chave da Nota Fiscal Eletrônica"
"E990","2","QTD_LIN_E","int","True","","","","","","","","","N","O","Quantidade total de linhas do Bloco E"
"G001","2","IND_MOV","char","True","","","","","","001","","","C","O","Indicador de movimento"
"G110","2","DT_INI","date","True","","","","","","008*","","","D","O","Data inicial a que a apuração se refere"
"G110","3","DT_FIN","date","True","","","","","","008*","","","D","O","Data final a que a apuração se refere"
"G110","4","SALDO_IN_ICMS","float","True","","","","","","","","2","N","O","Saldo inicial de ICMS do CIAP, composto por ICMS de bens que entraram anteriormente ao período de apuração"
"G110","5","SOM_PARC","float","True","","","","","","","","2","N","O","Somatório das parcelas de ICMS passível de apropriação de cada bem – campo 10 do G125"
"G110","6","VL_TRIB_EXP","float","True","","","","","","","","2","N","O","Valor do somatório das saídas tributadas e saídas para exportação"
"G110","7","VL_TOTAL","float","True","","","","","","","","2","N","O","Valor total de saídas"
"G110","8","IND_PER_SAI","char","True","","","","","","","numeric_code","8","N","O","Índice de participação do valor do somatório das saídas tributadas e saídas para exportação no valor total de saídas (Campo 06 dividido pelo campo 07)"
"G110","9","ICMS_APROP","float","True","","","","","","","","2","N","O","Parcela de ICMS a ser apropriada no Registro de Apuração do ICMS"
"G110","10","SOM_ICMS_OC","float","True","","","","","","","","2","N","O","Valor de outras parcelas a ser apropriada na Apuração do ICMS, correspondente ao somatório do campo 09 do registro G126"
"G125","2","COD_IND_BEM","char","True","","","","","","060","","","C","O","Código individualizado do bem ou componente adotado no controle patrimonial do estabelecimento informante. (campo 2 do registro 0300)"
"G125","3","DT_MOV","date","True","","","","","","008*","","","D","O","Data da movimentação ou do saldo inicial"
"G125","4","TIPO_MOV","char","True","","","","","","002*","","","C","O","Tipo de movimentação do bem ou componente"
"G125","5","VL_IMOB_ICMS_OP","float","","","","","","","","","2","N","","Valor do ICMS da Operação Própria na entrada do bem ou componente"
"G125","6","VL_IMOB_ICMS_ST","float","","","","","","","","","2","N","","Valor do ICMS da Oper. por Sub. Tributária na entrada do bem ou componente"
"G125","7","VL_IMOB_ICMS_FRT","float","","","","","","","","","2","N","","Valor do ICMS sobre Frete do Conhecimento de Transporte na entrada do bem ou componente"
"G125","8","VL_IMOB_ICMS_DIF","float","","","","","","","","","2","N","","Valor do ICMS - Diferencial de Alíquota, conforme Doc. de Arrecadação, na entrada do bem ou componente"
"G125","9","NUM_PARC","char","","","","","","","003","numeric_code","","N","","Número da parcela do ICMS"
"G125","10","VL_PARC_PASS","float","","","","","","","","","2","N","","Valor da parcela de ICMS passível de apropriação - antes da aplicação da participação percentual do valor das saídas tributadas/exportação sobre as saídas totais (Modelo D)"
"G126","2","DT_INI","date","True","","","","","","008*","","","D","O","Data inicial do período de apuração"
"G126","3","DT_FIN","date","True","","","","","","008*","","","D","O","Data final do período de apuração"
"G126","4","NUM_PARC","char","True","","","","","","003","numeric_code","","N","O","Número da parcela do ICMS"
"G126","5","VL_PARC_PASS","float","True","","","","","","","","2","N","O","Valor da parcela de ICMS passível de apropriação - antes da aplicação da participação percentual do valor das saídas tributadas/exportação sobre as saídas totais"
"G126","6","VL_TRIB_OC","float","True","","","","","","","","2","N","O","Valor do somatório das saídas tributadas e saídas para exportação no período indicado neste registro"
"G126","7","VL_TOTAL","float","True","","","","","","","","2","N","O","Valor total de saídas no período indicado neste registro"
"G126","8","IND_PER_SAI","char","True","","","","","","","numeric_code","8","N","O","Índice de participação do valor do somatório das saídas tributadas e saídas para exportação no valor total de saídas (Campo 06 dividido pelo campo 07)"
"G126","9","VL_PARC_APROP","float","True","","","","","","","","2","N","O","Valor da parcela apropriada de ICMS"
"G130","2","IND_EMIT","char","True","","","","","","001*","","","C","O","Indicador do emitente do documento fiscal"
"G130","3","COD_PART","char","True","","","","","","060","","","C","O","Código do participante (campo 02 do Registro 0150): - do emitente do documento ou do remetente das mercadorias, no caso de entradas; - do adquirente, no caso de saídas"
"G130","4","COD_MOD","char","True","","","","","","002*","","","C","O","Código do modelo do documento fiscal, conforme a tabela de Codificação dos Documentos"
"G130","5","SERIE","char","","","","","","","003","","","C","","Série do documento fiscal"
"G130","6","NUM_DOC","char","True","","","","","","009","numeric_code","","N","O","Número do documento fiscal"
"G130","7","CHV_NFE_CTE","char","","","","","","","044*","","","C","","Chave do documento fiscal eletrônico"
"G130","8","DT_DOC","date","True","","","","","","008*","","","D","O","Data da emissão do documento fiscal (DDMMAAAA)"
"G130","9","NUM_DA","char","","","","","","","","","","C","","Número do documento de arrecadação"
"G140","2","NUM_ITEM","char","True","","","","","","003","numeric_code","","N","O","Número seqüencial do item no documento fiscal"
"G140","3","COD_ITEM","char","True","","","","","","060","","","C","O","Código do item (campo 02 do Registro 0200)"
"G140","4","QTDE","float","True","","","","","","","","5","N","O","Quantidade, deste item da nota fiscal, que foi aplicada neste bem, expressa na mesma unidade constante no documento fiscal de entrada"
"G140","5","UNID","char","True","","","","","","006","","","C","O","Unidade do item constante no documento fiscal de entrada"
"G140","6","VL_ICMS_OP_APLICADO","float","True","","","","","","","","2","N","O","Valor do ICMS da Operação Própria na entrada do item, proporcional à quantidade aplicada no bem ou componente."
"G140","7","VL_ICMS_ST_APLICADO","float","True","","","","","","","","2","N","O","Valor do ICMS ST na entrada do item, proporcional à quantidade aplicada no bem ou componente"
"G140","8","VL_ICMS_FRT_APLICADO","float","True","","","","","","","","2","N","O","Código do item (campo 02 do Registro 0200)"
"G140","9","VL_ICMS_DIF_APLICADO","float","True","","","","","","","","2","N","O","Valor do ICMS Diferencial de Alíquota, na entrada do item, proporcional à quantidade aplicada no bem ou componente"
"G990","2","QTD_LIN_G","int","True","","","","","","","","","N","O","Quantidade total de linhas do Bloco G"
"H001","2","IND_MOV","char","True","","","","","","001","","","C","O","Indicador de movimento"
"H005","2","DT_INV","date","True","","","","","","008*","","","D","O","Data do inventário"
"H005","3","VL_INV","float","True","","","","","","","","2","N","O","Valor total do estoque"
"H005","4","MOT_INV","char","True","","","","","","002*","","","C","O","Informe o motivo do Inventário: 01 – No final no período; 02 – Na mudança de forma de tributação da mercadoria (ICMS); 03 – Na solicitação da baixa cadastral, paralisação temporária; 04 – Na alteração de regime de pagamento – condição do contribuinte; 05 – Por determinação dos fiscos"
"H010","2","COD_ITEM","char","True","","","","","","060","","","C","O","Código do item (campo 02 do Registro 0200)"
"H010","3","UNID","char","True","","","","","","006","","","C","O","Unidade do item (Campo 06 do registro 0200)"
"H010","4","QTD","float","True","","","","","","","","3","N","O","Quantidade do item"
"H010","5","VL_UNIT","float","True","","","","","","","","6","N","O","Valor unitário do item"
"H010","6","VL_ITEM","float","True","","","","","","","","2","N","O","Valor do item"
"H010","7","IND_PROP","char","True","","","","","","001","","","C","O","Indicador de propriedade/posse do item"
"H010","8","COD_PART","char","","","","","","","060","","","C","","Código do participante (campo 02 do Registro 0150): - proprietário/possuidor que não seja o informante do arquivo"
"H010","9","TXT_COMPL","char","","","","","","","","","","C","","Descrição complementar"
"H010","10","COD_CTA","char","","","","","","","","","","C","","Código da conta analítica contábil debitada/creditada"
"H010","11","VL_ITEM_IR","float","","","","","","","","","2","N","","Valor do item para efeitos do Imposto de Renda"
"H020","2","CST_ICMS","char","True","","","","","","003*","numeric_code","","N","O","Código da Situação Tributária referente ao ICMS, conforme a Tabela indicada no item 4.3.1"
"H020","3","BL_ICMS","float","True","","","","","","","","2","N","O","Informe a base de cálculo do ICMS"
"H020","4","VL_ICMS","float","True","","","","","","","","2","N","O","Informe o valor do ICMS a ser debitado ou creditado"
"H030","2","VL_ICMS_OP","float","True","","","","","","","","6","N","O","Valor médio unitário do ICMS OP"
"H030","3","VL_BC_ICMS_ST","float","True","","","","","","","","6","N","O","Valor médio unitário da Base de Cálculo do ICMS ST, incluindo FCP ST"
"H030","4","VL_ICMS_ST","float","True","","","","","","","","6","N","O","Valor médio unitário do ICMS ST"
"H030","5","VL_FCP","float","True","","","","","","","","6","N","O","Valor médio unitário de FCP ST"
"H990","2","QTD_LIN_H","int","True","","","","","","","","","N","O","Quantidade total de linhas do Bloco H"
"K001","2","IND_MOV","char","True","","","","","","001","numeric_code","","N","O","Indicador de movimento"
"K010","2","IND_TP_LEIAUTE","char","True","","","","","","001*","numeric_code","","N","O","Indicador de tipo de leiaute adotado:(0-Leiaute simplificado/1-Leiaute completo)"
"K100","2","DT_INI","date","True","","","","","","008*","","","D","O","Data inicial a que a apuração se refere"
"K100","3","DT_FIN","date","True","","","","","","008*","","","D","O","Data final a que a apuração se refere"
"K200","2","DT_EST","date","True","","","","","","008*","","","D","O","Data do estoque final"
"K200","3","COD_ITEM","char","True","","","","","","060","","","C","O","Código do item (campo 02 do Registro 0200)"
"K200","4","QTD","float","True","","","","","","017","","3","N","O","Quantidade em estoque"
"K200","5","IND_EST","char","True","","","","","","001","","","C","O","Indicador do tipo de estoque"
"K200","6","COD_PART","char","","","","","","","060","","","C","","Código do participante (campo 02 do Registro 0150):- proprietário/possuidor que não seja o informante do arquivo"
"K210","2","DT_INI_OS","date","","","","","","","008*","","","D","","Data de início da ordem de serviço"
"K210","3","DT_FIN_OS","date","","","","","","","008*","","","D","","Data de conclusão da ordem de serviço"
"K210","4","COD_DOC_OS","char","","","","","","","030","","","C","","Código de identificação da ordem de serviço"
"K210","5","COD_ITEM_ORI","char","True","","","","","","060","","","C","O","Código do item de origem (campo 02 do Registro 0200)"
"K210","6","QTD_ORI","float","True","","","","","","","","6","N","O","Quantidade de origem - saída do estoque"
"K215","2","COD_ITEM_DEST","char","True","","","","","","060","","","C","O"," Código do item de destino (campo 02 do Registro 0200)"
"K215","3","QTD_DES","float","True","","","","","","","","6","N","O","Quantidade de destino – entrada em estoque"
"K220","2","DT_MOV","date","True","","","","","","008*","","","D","O","Data da movimentação interna"
"K220","3","COD_ITEM_ORI","char","True","","","","","","060","","","C","O","Código do item de origem (campo 02 do Registro 0200)"
"K220","4","COD_ITEM_DEST","char","True","","","","","","060","","","C","O","Código do item de destino (campo 02 do Registro 0200)"
"K220","5","QTD_ORI","float","True","","","","","","017","","6","N","O","Quantidade movimentada do item de origem codificado no campo 03"
"K220","6","QTD_DEST","float","True","","","","","","017","","6","N","O","Quantidade movimentada do item de destino codificado no campo 04"
"K230","2","DT_INI_OP","date","","","","","","","008*","","","D","","Data de início da ordem de produção"
"K230","3","DT_FIN_OP","date","","","","","","","008*","","","D","","Data de conclusão da ordem de produção"
"K230","4","COD_DOC_OP","char","","","","","","","030","","","C","","Código de identificação da ordem de produção"
"K230","5","COD_ITEM","char","True","","","","","","060","","","C","O","Código do item produzido (campo 02 do Registro 0200)"
"K230","6","QTD_ENC","float","True","","","","","","017","","6","N","O","Quantidade de produção acabada"
"K235","2","DT_SAIDA","date","True","","","","","","008*","","","D","O","Data de saída do estoque para alocação ao produto"
"K235","3","COD_ITEM","char","True","","","","","","060","","","C","O","Código do item componente/insumo (campo 02 do Registro 0200)"
"K235","4","QTD","float","True","","","","","","017","","6","N","O","Quantidade consumida do item"
"K235","5","COD_INS_SUBST","char","","","","","","","","","","C","","Código do insumo que foi substituído, caso ocorra a substituição (campo 02 do Registro 0210)"
"K250","2","DT_PROD","date","True","","","","","","008*","","","D","O","Data do reconhecimento da produção ocorrida no terceiro"
"K250","3","COD_ITEM","char","True","","","","","","060","","","C","O","Código do item produzido (campo 02 do Registro 0200)"
"K250","4","QTD","float","True","","","","","","017","","6","N","O","Quantidade produzida"
"K255","2","DT_CONS","date","True","","","","","","008*","","","D","O","Data do reconhecimento do consumo do insumo (referente ao produto informado no campo 04 do Registro K250) "
"K255","3","COD_ITEM","char","True","","","","","","060","","","C","O","Código do insumo (campo 02 do Registro 0200)"
"K255","4","QTD","float","True","","","","","","017","","6","N","O","Quantidade de consumo do insumo"
"K255","5","COD_INS_SUBST","char","","","","","","","060","","","C","","Código do insumo que foi substituído, caso ocorra a substituição (campo 02 do Registro 0210)"
"K260","2","COD_OP_OS","char","","","","","","","030","","","C",""," Código de identificação da ordem de produção, no reprocessamento, ou da ordem de serviço, no reparo"
"K260","3","COD_ITEM","char","True","","","","","","060","","","C","O","Código do produto/insumo a ser reprocessado/reparado ou já reprocessado/reparado (campo 02 do Registro 0200)"
"K260","4","DT_SAIDA","date","True","","","","","","008*","","","D","O"," Data de saída do estoque"
"K260","5","QTD_SAIDA","float","True","","","","","","","","6","N","O","Quantidade de saída do estoque"
"K260","6","DT_RET","date","","","","","","","008*","","","D","","Data de retorno ao estoque (entrada)"
"K260","7","QTD_RET","float","","","","","","","","","6","N","","Quantidade de retorno ao estoque (entrada)"
"K265","2","COD_ITEM","char","True","","","","","","060","","","C","O","Código do produto/insumo a ser reprocessado/reparado ou já reprocessado/reparado (campo 02 do Registro 0200)"
"K265","3","QTD_CONS","float","","","","","","","","","6","N","","Quantidade consumida – saída do estoque"
"K265","4","QTD_RET","float","","","","","","","","","6","N","","Quantidade retornada – entrada em estoque"
"K270","2","DT_INI_AP","date","","","","","","","008*","","","D",""," Data inicial do período de apuração em que ocorreu o apontamento que está sendo corrigido"
"K270","3","DT_FIN_AP","date","","","","","","","008*","","","D","","Data final do período de apuração em que ocorreu o apontamento que está sendo corrigido"
"K270","4","COD_OP_OS","char","","","","","","","030","","","C","","Código de identificação da ordem de produção ou da ordem de serviço que está sendo corrigida"
"K270","5","COD_ITEM","char","True","","","","","","060","","","C","O"," Código da mercadoria que está sendo corrigido (campo 02 do Registro 0200)"
"K270","6","QTD_COR_POS","float","","","","","","","","","6","N","","Quantidade de correção positiva de apontamento ocorrido em período de apuração anterior"
"K270","7","QTD_COR_NEG","float","","","","","","","","","6","N","","Quantidade de correção negativa de apontamento ocorrido em período de apuração anterior"
"K270","8","ORIGEM","char","True","","","","","","001*","","","C","O","Origem do apontamento"
"K275","2","COD_ITEM","char","True","","","","","","060","","","C","O","Código da mercadoria (campo 02 do Registro 0200)"
"K275","3","QTD_COR_POS","float","","","","","","","","","6","N","","Quantidade de correção positiva de apontamento ocorrido em período de apuração anterior"
"K275","4","QTD_COR_NEG","float","","","","","","","","","6","N","","Quantidade de correção negativa de apontamento ocorrido em período de apuração anterior"
"K275","5","COD_INS_SUBST","char","","","","","","","060","","","C","","Código do insumo que foi substituído, caso ocorra a substituição, relativo aos Registros K235/K255 (campo 02 do Registro 0200)"
"K280","2","DT_EST","date","True","","","","","","008*","","","D","O","Data do estoque final escriturado que está sendo corrigido"
"K280","3","COD_ITEM","char","True","","","","","","060","","","C","O"," Código do produto/insumo a ser reprocessado/reparado ou já reprocessado/reparado (campo 02 do Registro 0200)"
"K280","4","QTD_COR_POS","float","","","","","","","","","3","N","","Quantidade de correção positiva de apontamento ocorrido em período de apuração anterior"
"K280","5","QTD_COR_NEG","float","","","","","","","","","3","N","","Quantidade de correção negativa de apontamento ocorrido em período de apuração anterior"
"K280","6","IND_EST","char","True","","","","","","001","","","C","O","Indicador do tipo de estoque"
"K280","7","COD_PART","char","","","","","","","060","","","C","","Código do participante-fornecedor da mercadoria destinada à exportação (campo 02 do Registro 0150)"
"K290","2","DT_INI_OP","date","","","","","","","008*","","","D","","Data de início da ordem de produção"
"K290","3","DT_FIN_OP","date","","","","","","","008*","","","D","","Data de conclusão da ordem de produção"
"K290","4","COD_DOC_OP","char","","","","","","","030","","","C","","Código de identificação da ordem de produção"
"K291","2","COD_ITEM","char","True","","","","","","060","","","C","O","Código do item produzido (campo 02 do Registro 0200)"
"K291","3","QTD","float","True","","","","","","","","6","N","O"," Quantidade de produção acabada"
"K292","2","COD_ITEM","char","True","","","","","","060","","","C","O","Código do insumo/componente consumido (campo 02 do Registro 0200)"
"K292","3","QTD","float","True","","","","","","","","6","N","O","Quantidade consumida"
"K300","3","DT_PROD","date","True","","","","","","008*","","","D","O","Data do reconhecimento da produção ocorrida no terceiro"
"K301","2","COD_ITEM","char","True","","","","","","060","","","C","O","Código do item produzido (campo 02 do Registro 0200)"
"K301","3","QTD","float","True","","","","","","","","6","N","O","Quantidade produzida"
"K302","2","COD_ITEM","char","True","","","","","","060","","","C","O","Código do insumo (campo 02 do Registro 0200)"
"K302","3","QTD","float","True","","","","","","","","6","N","O","Quantidade consumida"
"K990","2","QTD_LIN_K","int","True","","","","","","","","","N","O","Quantidade total de linhas do Bloco K"
"1001","2","IND_MOV","char","True","","","","","","001","numeric_code","","N","O","Indicador de movimento"
"1010","2","IND_EXP","char","True","","","","","","001*","","","C","O","Reg. 1100 - Ocorreu averbação (conclusão) de exportação no período:S – Sim;N – Não"
"1010","3","IND_CCRF","char","True","","","","","","001*","","","C","O","Reg. 1200 – Existem informações acerca de créditos de ICMS a serem controlados, definidos pela Sefaz:S – Sim;N – Não"
"1010","4","IND_COMB","char","True","","","","","","001*","","","C","O","Reg. 1300 – É comercio varejista de combustíveis com movimentação e/ou estoque no período:S – Sim;N – Não"
"1010","5","IND_USINA","char","True","","","","","","001*","","","C","O","Reg. 1390 – Usinas de açúcar e/álcool - O estabelecimento é produtor de açúcar e/ou álcool carburante com movimentação e/ou estoque no período:S – Sim;N – Não"
"1010","6","IND_VA","char","True","","","","","","001*","","","C","O","Reg 1400 – Sendo o registro obrigatório em sua Unidade de Federação, existem informações a serem prestadas neste registro:S – Sim;N – Não"
"1010","7","IND_EE","char","True","","","","","","001*","","","C","O","Reg 1500 - A empresa é distribuidora de energia e ocorreu fornecimento de energia elétrica para consumidores de outra UF:S – Sim;N – Não"
"1010","8","IND_CART","char","True","","","","","","001*","","","C","O","Reg 1601 - Realizou vendas com instrumentos eletrônicos de pagamento:S – Sim;N – Não"
"1010","9","IND_FORM","char","True","","","","","","001*","","","C","O","Reg. 1700 - Foram emitidos documentos fiscais em papel no período em unidade da federação que exija o controle de utilização de documentos fiscais:S – Sim;N – Não"
"1010","10","IND_AER","char","True","","","","","","001*","","","C","O","Reg 1800 – A empresa prestou serviços de transporte aéreo de cargas e de passageiros:S – Sim;N – Não"
"1010","11","IND_GIAF1","char","True","","","","","","001*","","","C","O","Reg. 1960 – Possui informações GIAF1?:S – Sim;N – Não"
"1010","12","IND_GIAF3","char","True","","","","","","001*","","","C","O","Reg. 1970 – Possui informações GIAF3?:S – Sim;N – Não"
"1010","13","IND_GIAF4","char","True","","","","","","001*","","","C","O","Reg. 1980 – Possui informações GIAF4?:S – Sim;N – Não"
"1010","14","IND_REST_RESSARC_COMPL_ICMS","char","True","","","","","","001*","","","C","O","Reg. 1250 – Possui informações consolidadas de saldos de restituição, ressarcimento e complementação do ICMS:S – Sim;N – Não"
"1100","2","IND_DOC","char","True","","","","","","001","numeric_code","","N","O","Indicador do tipo de documento: 0 – Declaração de Exportação; 1 - Declaração Simplificada de Exportação"
"1100","3","NRO_DE","char","True","","","","","","014","","","C","O","Número da declaração"
"1100","4","DT_DE","date","True","","","","","","008*","","","D","O","Data da Declaração (DDMMAAAA)"
"1100","5","NAT_EXP","int","True","","","","","","001","","","N","O","Indicador do tipo de exportação: 0 - Exportação Direta; 1 - Exportação Indireta"
"1100","6","NRO_RE","char","","","","","","","012","numeric_code","","N","","Nº do registro de exportação"
"1100","7","DT_RE","date","","","","","","","008*","","","D","","Data do registro de exportação (DDMMAAAA)"
"1100","8","CHC_EMB","char","","","","","","","018","","","C","","Nº do conhecimento de embarque"
"1100","9","DT_CHC","date","","","","","","","008*","","","D","","Data do conhecimento de embarque (DDMMAAAA)"
"1100","10","DT_AVB","date","True","","","","","","008*","","","D","O","Data da averbação da declaração de exportação (DDMMAAAA)"
"1100","11","TP_CHC","char","True","","","","","","002*","numeric_code","","N","O","Informação do tipo de conhecimento de transporte, conforme tabela de tipo de documento de carga do SISCOMEX"
"1100","12","PAIS","char","True","","","","","","003","numeric_code","","N","O","Código do país de destino da mercadoria, conforme tabela do SISCOMEX"
"1105","2","COD_MOD","char","True","","","","","","002*","","","C","O","Código do modelo da Nota Fiscal, conforme Tabela Documentos Fiscais do ICMS"
"1105","3","SER","char","","","","","","","003","","","C","","Série da Nota Fiscal"
"1105","4","NUM_DOC","char","True","","","","","","009","numeric_code","","N","O","Número da Nota Fiscal de exportação emitida pelo exportador"
"1105","5","CHV_NFE","char","","","","","","","044*","","","C","","Chave da Nota Fiscal Eletrônica"
"1105","6","DT_DOC","date","True","","","","","","008*","","","D","O","Data da emissão da NF de exportação (DDMMAAAA)"
"1105","7","COD_ITEM","char","True","","","","","","060","","","C","O","Código do item (campo 02 do Registro 0200)"
"1110","2","COD_PART","char","True","","","","","","060","","","C","O","Código do participante-fornecedor da mercadoria destinada à exportação (campo 02 do Registro 0150)"
"1110","3","COD_MOD","char","True","","","","","","002*","","","C","O","Código do documento fiscal, conforme a Tabela Documentos Fiscais do ICMS"
"1110","4","SER","char","","","","","","","004","","","C","","Série do documento fiscal recebido com fins específicos de exportação"
"1110","5","NUM_DOC","char","True","","","","","","009","numeric_code","","N","O","Número do documento fiscal recebido com fins específicos de exportação"
"1110","6","DT_DOC","date","True","","","","","","008*","","","D","O","Data da emissão do documento fiscal (DDMMAAAA) recebido com fins específicos de exportação"
"1110","7","CHV_NFE","char","","","","","","","044*","","","C","","Chave da Nota Fiscal Eletrônica"
"1110","8","NR_MEMO","int","","","","","","","","","","N","","Número do Memorando de Exportação"
"1110","9","QTD","float","True","","","","","","","","3","N","O","Quantidade do item efetivamente exportado"
"1110","10","UNID","char","True","","","","","","006","","","C","O","Unidade do item (Campo 02 do registro 0190)"
"1200","2","COD_AJ_APUR","char","True","","","","","","008*","","","C","O","Código de ajuste, conforme informado na Tabela de Códigos de Ajustes da Apuração do ICMS"
"1200","3","SLD_CRED","float","True","","","","","","","","2","N","O","Saldo de créditos fiscais de períodos anteriores"
"1200","4","CRED_APR","float","True","","","","","","","","2","N","O","Total de crédito apropriado no mês"
"1200","5","CRED_RECEB","float","True","","","","","","","","2","N","O","Total de créditos recebidos por transferência"
"1200","6","CRED_UTIL","float","True","","","","","","","","2","N","O","Total de créditos utilizados no período"
"1200","7","SLD_CRED_FIM","float","True","","","","","","","","2","N","O","Saldo de crédito fiscal acumulado a transportar para o período seguinte"
"1210","2","TIPO_UTIL","char","True","","","","","","004","","","C","O","Tipo de utilização do crédito, conforme Tabela de Tipos de Utilização dos Créditos Fiscais"
"1210","3","NR_DOC","char","","","","","","","","","","C","","Número do documento utilizado na baixa de créditos"
"1210","4","VL_CRED_UTIL","float","True","","","","","","","","2","N","O","Total de crédito utilizado"
"1210","5","CHV_DOCE","char","","","","","","","044*","","","C","","Chave do documento eletrônico"
"1250","2","VL_CREDITO_ICMS_OP","float","True","","","","","","","","2","N","O","Valor total do ICMS OP creditado no desfazimento da ST"
"1250","3","VL_ICMS_ST_REST","float","True","","","","","","","","2","N","O","Valor total do ICMS ST, incluindo FCP ST, a ser restituído/ressarcido"
"1250","4","VL_FCP_ST_REST","float","True","","","","","","","","2","N","O","Parcela do FCP ST que compõe o campo anterior"
"1250","5","VL_ICMS_ST_COMPL","float","True","","","","","","","","2","N","O","Valor total do complemento de ICMS ST, incluindo FCP ST"
"1250","6","VL_FCP_ST_COMPL","float","True","","","","","","","","2","N","O","Parcela do FCP ST que compõe o campo anterior"
"1255","2","COD_MOT_REST_COMPL","char","True","","","","","","005*","","","C","O","Código do motivo da restituição ou complementação conforme Tabela 5.7"
"1255","3","VL_CREDITO_ICMS_OP_MOT","float","True","","","","","","","","2","N","O","Valor total do ICMS OP creditado no desfazimento da ST"
"1255","4","VL_ICMS_ST_REST_MOT","float","True","","","","","","","","2","N","O","Valor total do ICMS ST, incluindo FCP ST, a ser restituído/ressarcido"
"1255","5","VL_FCP_ST_REST_MOT","float","True","","","","","","","","2","N","O","Parcela do FCP ST que compõe o campo anterior"
"1255","6","VL_ICMS_ST_COMPL_MOT","float","True","","","","","","","","2","N","O","Valor total do complemento de ICMS ST, incluindo FCP ST"
"1255","7","VL_FCP_ST_COMPL_MOT","float","True","","","","","","","","2","N","O","Parcela do FCP ST que compõe o campo anterior"
"1300","2","COD_ITEM","char","True","","","","","","060","","","C","O","Código do produto, constante do registro 0200"
"1300","3","DT_FECH","date","True","","","","","","008*","","","D","O","Data do fechamento da movimentação"
"1300","4","ESTQ_ABERT","float","True","","","","","","","","3","N","O","Estoque no inicio do dia"
"1300","5","VOL_ENTR","float","True","","","","","","","","3","N","O","Volume total das entradas"
"1300","6","VOL_DISP","float","True","","","","","","","","3","N","O","Volume disponível (05 , 06)"
"1300","7","VOL_SAIDAS","float","True","","","","","","","","3","N","O","Volume total das saídas (Somatório dos registros de volume de vendas)"
"1300","8","ESTQ_ESCR","float","True","","","","","","","","3","N","O","Estoque escritural (07 – 08)"
"1300","9","VAL_AJ_PERDA","float","True","","","","","","","","3","N","O","Valor da perda"
"1300","10","VAL_AJ_GANHO","float","True","","","","","","","","3","N","O","Valor do ganho"
"1300","11","FECH_FISICO","float","True","","","","","","","","3","N","O","Estoque de fechamento (Somatório dos registros da conciliação de estoques )"
"1310","2","NUM_TANQUE","char","True","","","","","","003","","","C","O","Tanque onde foi armazenado o combustível"
"1310","3","ESTQ_ABERT","float","True","","","","","","","","3","N","O","Estoque no início do dia, em litros"
"1310","4","VOL_ENTR","float","True","","","","","","","","3","N","O","Volume recebido no dia (em litros)"
"1310","5","VOL_DISP","float","True","","","","","","","","3","N","O","Volume disponível(03 , 04), em litros"
"1310","6","VOL_SAIDAS","float","True","","","","","","","","3","N","O","Volume total das saídas, em litros"
"1310","7","ESTQ_ESCR","float","True","","","","","","","","3","N","O","Estoque escritural(05 - 06), litros"
"1310","8","VAL_AJ_PERDA","float","True","","","","","","","","3","N","O","Valor da perda, em litros"
"1310","9","VAL_AJ_GANHO","float","True","","","","","","","","3","N","O","Valor do ganho, em litros"
"1310","10","FECH_FISICO","float","True","","","","","","","","3","N","O","Volume aferido no tanque, em litros. Estoque de fechamento físico do tanque"
"1310","11","CAP_TANQUE","char","True","","","","","","006","numeric_code","","N","O","Capacidade de armazenagem, em litros"
"1320","2","NUM_BICO","int","True","","","","","","","","","N","O","Bico ligado à bomba"
"1320","3","NR_INTERV","int","","","","","","","","","","N","","Número da intervenção"
"1320","4","MOT_INTERV","char","","","","","","","050","","","C","","Motivo da intervenção"
"1320","5","NOM_INTERV","char","","","","","","","030","","","C","","Nome do interventor"
"1320","6","CNPJ_INTERV","char","","","","","","","014*","","","C","","CNPJ da empresa responsável pela intervenção"
"1320","7","CPF_INTERV","char","","","","","","","011*","numeric_code","","N","","CPF do técnico responsável pela intervenção"
"1320","8","VAL_FECHA","float","True","","","","","","","","3","N","O","Valor da leitura final do contador, no fechamento do bico"
"1320","9","VAL_ABERT","float","True","","","","","","","","3","N","O","Valor da leitura inicial do contador, na abertura do bico"
"1320","10","VOL_AFERI","float","","","","","","","","","3","N","","Aferição da bomba, em litros"
"1320","11","VOL_VENDAS","float","True","","","","","","","","3","N","O","Venda (08 - 09 - 10) do bico, em litros"
"1350","2","SERIE","char","True","","","","","","","","","C","O","Número de série da bomba"
"1350","3","FABRICANTE","char","True","","","","","","060","","","C","O","Nome do fabricante da bomba"
"1350","4","MODELO","char","True","","","","","","","","","C","O","Modelo da bomba"
"1350","5","TIPO_MEDICAO","char","True","","","","","","001","","","C","O","Identificador de medição: 0 - Analógigo 1 - Digital"
"1360","2","NUM_LACRE","char","True","","","","","","020","","","C","O","Número do lacre associado na bomba"
"1360","3","DAT_APLICACAO","date","True","","","","","","008*","","","D","O","Data de aplicação do lacre"
"1370","2","NUM_BICO","char","True","","","","","","003","numeric_code","","N","O","Número seqüencial do bico ligado a bomba"
"1370","3","COD_ITEM","char","True","","","","","","060","","","C","O","Código do Produto, constante do registro 0200"
"1370","4","NUM_TANQUE","char","True","","","","","","003","","","C","O","Tanque que armazena o combustível"
"1390","2","COD_PROD","char","True","","","","","","002*","","","C","O","Código do Produto conforme  de Código de Produto 5.8"
"1391","2","DT_REGISTRO","date","True","","","","","","008*","","","D","O","Data produção"
"1391","3","QTD","float","","","","","","","","","2","N","","Quantidade de insumo esmagado (toneladas)"
"1391","4","ESTQ_INI","float","True","","","","","","","","2","N","O","Estoque inicial (litros/Kg)"
"1391","5","QTD_PRODUZ","float","","","","","","","","","2","N","","Quantidade produzida (litros/Kg)"
"1391","6","ENT_ANID_HID","float","","","","","","","","","2","N","","Entrada de álcool anidro decorrente da transformação do álcool hidratado ou Entrada de álcool hidratado decorrente da transformação do álcool anidro (litros)"
"1391","7","OUTR_ENTR","float","","","","","","","","","2","N","","Outras entradas (litros/Kg)"
"1391","8","PERDA","float","","","","","","","","","2","N","","Evaporação (litros) ou Quebra de peso (Kg)"
"1391","9","CONS","float","","","","","","","","","2","N","","Consumo (litros)"
"1391","10","SAI_ANI_HID","float","","","","","","","","","2","N","","Saída para transformação (litros)"
"1391","11","SAIDAS","float","","","","","","","","","2","N","","Saídas (litros/Kg)"
"1391","12","ESTQ_FIN","float","True","","","","","","","","2","N","O","Estoque final (litros/Kg)"
"1391","13","ESTQ_INI_MEL","float","","","","","","","","","2","N","","Estoque inicial de mel residual (Kg)"
"1391","14","PROD_DIA_MEL","float","","","","","","","","","2","N","","Produção de mel residual (Kg) e entradas de mel (Kg)"
"1391","15","UTIL_MEL","float","","","","","","","","","2","N","","Mel residual utilizado (Kg) e saídas de mel"
"1391","16","PROD_ALC_MEL","float","","","","","","","","","2","N","","Produção de álcool (litros) proveniente do mel residual"
"1391","17","OBS","char","","","","","","","","","","C","","Observações"
"1391","18","COD_ITEM","char","True","","","","","","060","","","C","O","Informar o insumo conforme código do item (campo 02 do Registro 0200)"
"1391","19","TP_RESIDUO","char","True","","","","","","002*","numeric_code","","N","O","01 - Bagaço de cana, 02 - DDG, 03 - WDG ou 04 - DDG + WDG"
"1391","20","QTD_RESIDUO","float","True","","","","","","","","2","N","O","Quantidade de resíduo produzido"
"1391","21","QTD_RESIDUO_DDG","float","True","","","","","","","","2","N","O","Quantidade de resíduo produzido de DDG (toneladas)"
"1391","22","QTD_RESIDUO_WDG","float","True","","","","","","","","2","N","O","Quantidade de resíduo produzido de WDG (toneladas)"
"1391","23","QTD_RESIDUO_CANA","float","True","","","","","","","","2","N","O","Quantidade de resíduo produzido de bagaço de cana (toneladas)"
"1400","2","COD_ITEM_IPM","char","True","","","","","","060","","","C","O","Código do item (Tabela 5.9.1 de Itens UF Índice de Participação dos Municípios ou Tabela 5.9.2 de Itens UF_ST Índice de participação dos Municípios) ou campo 02 do Registro 0200"
"1400","3","MUN","char","True","","","","","","007*","numeric_code","","N","O","Código do município de origem/destino"
"1400","4","VALOR","float","True","","","","","","","","2","N","O","Valor mensal correspondente ao município"
"1500","2","IND_OPER","char","True","","","","","","001","","","C","O","Indicador do tipo de operação (1-Saída)"
"1500","3","IND_EMIT","char","True","","","","","","001","","","C","O","Indicador do emitente do documento fiscal: 0 - Emissão própria"
"1500","4","COD_PART","char","True","","","","","","060","","","C","O","Código do participante (campo 02 do Registro 0150):- do adquirente, no caso das saídas"
"1500","5","COD_MOD","char","True","","","","","","002","","","C","O","Código do modelo do documento fiscal"
"1500","6","COD_SIT","char","True","","","","","","002","numeric_code","","N","O","Código da situação do documento fiscal"
"1500","7","SER","char","","","","","","","004","","","C","","Série do documento fiscal"
"1500","8","SUB","char","","","","","","","003","numeric_code","","N","","Subsérie do documento fiscal"
"1500","9","COD_CONS","char","True","","","","","","002*","numeric_code","","N","O","Código de classe de consumo de energia elétrica"
"1500","10","NUM_DOC","char","True","","","","","","009","numeric_code","","N","O","Número do documento fiscal"
"1500","11","DT_DOC","date","True","","","","","","008*","","","D","O","Data da emissão do documento fiscal"
"1500","12","DT_E_S","date","True","","","","","","008*","","","D","O","Data da entrada ou da saída"
"1500","13","VL_DOC","float","True","","","","","","","","2","N","O","Valor total do documento fiscal"
"1500","14","VL_DESC","float","","","","","","","","","2","N","","Valor total do desconto"
"1500","15","VL_FORN","float","True","","","","","","","","2","N","O","Valor total fornecido/consumido"
"1500","16","VL_SERV_NT","float","","","","","","","","","2","N","","Valor total dos serviços não-tributados pelo ICMS"
"1500","17","VL_TERC","float","","","","","","","","","2","N","","Valor total cobrado em nome de terceiros"
"1500","18","VL_DA","float","","","","","","","","","2","N","","Valor total de despesas acessórias indicadas no documento fiscal"
"1500","19","VL_BC_ICMS","float","","","","","","","","","2","N","","Valor acumulado da base de cálculo do ICMS"
"1500","20","VL_ICMS","float","","","","","","","","","2","N","","Valor acumulado do ICMS"
"1500","21","VL_BC_ICMS_ST","float","","","","","","","","","2","N","","Valor acumulado da base de cálculo do ICMS substituição tributária"
"1500","22","VL_ICMS_ST","float","","","","","","","","","2","N","","Valor acumulado do ICMS retido por substituição tributária"
"1500","23","COD_INF","char","","","","","","","006","","","C","","Código da informação complementar do documento fiscal (campo 02 do Registro 0450)"
"1500","24","VL_PIS","float","","","","","","","","","2","N","","Valor do PIS"
"1500","25","VL_COFIS","float","","","","","","","","","2","N","","Valor do COFIS"
"1500","26","TP_LIGACAO","char","","","","","","","001*","numeric_code","","N","","Código de tipo de Ligação"
"1500","27","COD_GRUPO_TENSAO","char","","","","","","","002*","numeric_code","","N","","Código de grupo de tensão"
"1510","2","NUM_ITEM","char","True","","","","","","003","numeric_code","","N","O","Número sequencial do item no documento fiscal"
"1510","3","COD_ITEM","char","True","","","","","","060","","","C","O","Código do item (campo 02 do Registro 0200)"
"1510","4","COD_CLASS","char","True","","","","","","004*","numeric_code","","N","O","Código de classificação do item de energia elétrica"
"1510","5","QTD","float","","","","","","","","","3","N","","Quantidade do item"
"1510","6","UNID","char","","","","","","","006","","","C","","Unidade do item (Campo 02 do registro 0190)"
"1510","7","VL_ITEM","float","True","","","","","","","","2","N","O","Valor do item"
"1510","8","VL_DESC","float","","","","","","","","","2","N","","Valor total do desconto"
"1510","9","CST_ICMS","char","True","","","","","","003*","numeric_code","","N","O","Código da Situação Tributária"
"1510","10","CFOP","char","True","","","","","","004*","numeric_code","","N","O","Código Fiscal de Operação e Prestação"
"1510","11","VL_BC_ICMS","float","","","","","","","","","2","N","","Valor da base de cálculo do ICMS"
"1510","12","ALIQ_ICMS","float","","","","","","","006","","2","N","","Alíquota do ICMS"
"1510","13","VL_ICMS","float","","","","","","","","","2","N","","Valor do ICMS creditado/debitado"
"1510","14","VL_BC_ICMS_ST","float","","","","","","","","","2","N","","Valor da base de cálculo referente à substituição tributária"
"1510","15","ALIQ_ST","float","","","","","","","","","2","N","","Alíquota do ICMS da substituição tributária na unidade da federação de destino"
"1510","16","VL_ICMS_ST","float","","","","","","","","","2","N","","Valor do ICMS referente à substituição tributária"
"1510","17","IND_REC","char","True","","","","","","001*","","","C","O","Indicador do tipo de receita: 0-Receita própria; 1-Receita de terceiros"
"1510","18","COD_PART","char","","","","","","","060","","","C","","Código do participante receptor da receita, terceiro da operação (campo 02 do Registro 0150)"
"1510","19","VL_PIS","float","","","","","","","","","2","N","","Valor do PIS"
"1510","20","VL_COFIS","float","","","","","","","","","2","N","","Valor da COFINS"
"1510","21","COD_CTA","char","","","","","","","","","","C","","Código da conta analítica contábil debitada/creditada"
"1601","2","COD_PART_IP","char","True","","","","","","060","","","C","O","Código do participante (campo 02 do Registro 0150): identificação da instituição que efetuou o pagamento"
"1601","3","COD_PART_IT","char","","","","","","","060","","","C","","Código do participante (campo 02 do Registro 0150): identificação do intermediador da transação"
"1601","4","TOT_VS","float","True","","","","","","","","2","N","O","Valor total bruto das vendas e/ou prestações de serviços no campo de incidência do ICMS (TOT_VS), incluindo operações com imunidade do imposto"
"1601","5","TOT_ISS","float","True","","","","","","","","2","N","O","Valor total bruto das prestações de serviços no campo de incidência do ISS (TOT_ISS)"
"1601","6","TOT_OUTROS","float","True","","","","","","","","2","N","O","Valor total de operações deduzido dos valores dos campos TOT_VS e TOT_ISS."
"1700","2","COD_DISP","char","True","","","","","","002*","","","C","O","Código dispositivo autorizado"
"1700","3","COD_MOD","char","True","","","","","","002*","","","C","O","Código do modelo do documento fiscal"
"1700","4","SER","char","","","","","","","004","","","C","","Série do documento fiscal"
"1700","5","SUB","char","","","","","","","003","","","C","","Subsérie do documento fiscal"
"1700","6","NUM_DOC_INI","char","True","","","","","","012","numeric_code","","N","O","Número do documento fiscal inicial"
"1700","7","NUM_DOC_FIN","char","True","","","","","","012","numeric_code","","N","O","Número do documento fiscal final"
"1700","8","NUM_AUT","char","True","","","","","","060","numeric_code","","N","O","Número da autorização, conforme dispositivo autorizado"
"1710","6","NUM_DOC_INI","char","True","","","","","","012","numeric_code","","N","O","Número do dispositivo autorizado inicial"
"1710","7","NUM_DOC_FIN","char","True","","","","","","012","numeric_code","","N","O","Número do dispositivo autorizado final"
"1800","2","VL_CARGA","float","True","","","","","","","","2","N","O","Valor das prestações cargas (Tributado)"
"1800","3","VL_PASS","float","True","","","","","","","","2","N","O","Vr. das prestações passageiros/cargas (Não Tributado)"
"1800","4","VL_FAT","float","True","","","","","","","","2","N","O","Valor total do faturamento"
"1800","5","IND_RAT","char","True","","","","","","008","numeric_code","6","N","O","Índice para rateio"
"1800","6","VL_ICMS_ANT","float","True","","","","","","","","2","N","O","Valor total dos créditos de ICMS"
"1800","7","VL_BC_ICMS","float","True","","","","","","","","2","N","O","Valor da base de cálculo do ICMS"
"1800","8","VL_ICMS_APUR","float","True","","","","","","","","2","N","O","Valor do ICMS apurado"
"1800","9","VL_BC_ICMS_APUR","float","True","","","","","","","","2","N","O","Valor da base de cálclo do ICMS apurada"
"1800","10","VL_DIF","float","True","","","","","","","","2","N","O","Vr. da diferença a ser levada a estorno de crédito na apuração"
"1900","2","IND_APUR_ICMS","char","True","","","","","","001*","","","C","O","Indicador de apuração do ICMS"
"1900","3","DESCR_COMPL_OUT_APUR","char","True","","","","","","","","","C","O","Descrição complementar de Outra Apuração do ICMS"
"1910","2","DT_INI","date","True","","","","","","008*","","","D","O","Data Inicial da sub-apuração"
"1910","3","DT_FIN","date","True","","","","","","008*","","","D","O","Data final da sub-apuração"
"1920","2","VL_TOT_TRANSF_DEBITOS_OA","float","True","","","","","","","","2","N","O","Valor total dos débitos por “Saídas e Prestações com débito do imposto“"
"1920","3","VL_TOT_AJ_DEBITOS_OA","float","True","","","","","","","","2","N","O","Valor total de “Ajustes a débito“"
"1920","4","VL_ESTORNOS_CRED_OA","float","True","","","","","","","","2","N","O","Valor total de Ajustes “Estornos de créditos“"
"1920","5","VL_TOT_TRANSF_CREDITOS_OA","float","True","","","","","","","","2","N","O","Valor total dos créditos por “Entradas e aquisições com crédito do imposto“"
"1920","6","VL_TOT_AJ_CREDITOS_OA","float","True","","","","","","","","2","N","O","Valor total de “Ajustes a crédito“"
"1920","7","VL_ESTORNOS_DEB_OA","float","True","","","","","","","","2","N","O","Valor total de Ajustes “Estornos de Débitos“"
"1920","8","VL_SLD_CREDOR_ANT_OA","float","True","","","","","","","","2","N","O","Valor total de “Saldo Credor do período anterior“"
"1920","9","VL_SLD_APURADO_OA","float","True","","","","","","","","2","N","O","Valor total de “Ajustes a crédito“"
"1920","10","VL_TOT_DED","float","True","","","","","","","","2","N","O","Valor total de “Deduções“"
"1920","11","VL_ICMS_RECOLHER_OA","float","True","","","","","","","","2","N","O","Valor total de “ICMS a recolher“ (9-10)"
"1920","12","VL_SLD_CREDOR_TRANSP_OA","float","True","","","","","","","","2","N","O","Valor total de “Saldo credor a transportar para o período seguinte“"
"1920","13","DEB_ESP_OA","float","True","","","","","","","","2","N","O","Valores recolhidos ou a recolher, extra-apuração"
"1921","2","COD_AJ_APUR","char","True","","","","","","008*","","","C","O","Código do ajustes da SUB-APURAÇÃO e dedução"
"1921","3","DESCR_COMPL_AJ","char","","","","","","","","","","C","","Descrição complementar do ajuste da apuração"
"1921","4","VL_AJ_APUR","float","True","","","","","","","","2","N","O","Valor ajuste da operação“"
"1922","2","NUM_DA","char","","","","","","","","","","C","","Número do documento de arredação estadual, se houver"
"1922","3","NUM_PROC","char","","","","","","","060","","","C","","Número do processo ao qual o ajuste está vinculado, se houver"
"1922","4","IND_PROC","char","","","","","","","001*","","","C","","Indicador da origem do processo"
"1922","5","PROC","char","","","","","","","","","","C","","Descrição resumida do processo que embasou o lançamento"
"1922","6","TXT_COMPL","char","","","","","","","","","","C","","Descrição Complementar"
"1923","2","COD_PART","char","True","","","","","","060","","","C","O","Código do participante (campo 02 do Registro 0150): - do emitente do documento ou do remetente das mercadorias, no caso de entradas; - do adquirente, no caso de saídas"
"1923","3","COD_MOD","char","True","","","","","","002*","","","C","O","Código do modelo do documento fiscal"
"1923","4","SER","char","","","","","","","004","","","C","","Série do documento fiscal"
"1923","5","SUB","char","","","","","","","003","numeric_code","","N","","Subsérie do documento fiscal"
"1923","6","NUM_DOC","char","True","","","","","","009","numeric_code","","N","O","Número do documento fiscal"
"1923","7","DT_DOC","date","True","","","","","","008*","","","D","O","Data de emissão do Documento Fiscal (DD/MM/AAAA)"
"1923","8","COD_ITEM","char","","","","","","","060","","","C","","Código do item (campo 02 do Registro 0200)"
"1923","9","VL_AJ_ITEM","float","True","","","","","","","","2","N","O","Valor ajuste para a operação/item.“"
"1923","10","CHV_DOCE","char","","","","","","","044*","","","C","","Chave do documento eletrônico"
"1925","2","COD_INF_ADIC","char","True","","","","","","008*","","","C","O","Código da informação adicional conforme tabela a ser definida pelas SEFAZ"
"1925","3","VL_INF_ADIC","float","True","","","","","","","","2","N","O","Valor referente à informação adicional"
"1925","4","DESC_COMPL_AJ","char","","","","","","","","","","C","","Descrição complementar do ajuste"
"1926","2","COD_OR","char","True","","","","","","003*","","","C","O","Código da obrigação a recolher, conforme a Tabela de Códigos das Obrigações de ICMS a recolher"
"1926","3","VL_OR","float","True","","","","","","","","2","N","O","Valor da obrigação a recolher"
"1926","4","DT_VCTO","date","True","","","","","","008*","","","D","O","Data de Vencimento da obrigação"
"1926","5","COD_REC","char","True","","","","","","","","","C","O","Código da receita referente à obrigaçãom próprio da unidade da federação, conforme legislação estadual"
"1926","6","NUM_PROC","char","","","","","","","060","","","C","","Número do processo ou auto de infração ao qual a obrigação está vinculada, se houver"
"1926","7","IND_PROC","char","","","","","","","001*","","2","C","","Indicador da origem do processo"
"1926","8","PROC","char","","","","","","","","","","C","","Descrição resumida do processo que embasou o lançamento"
"1926","9","TXT_COMPL","char","","","","","","","","","","C","","Descrição complementar de obrigações a recolher.“"
"1926","10","MES_REF","char","True","","","","","","006*","","","C","O","Informe o mês de referência no formato mmaaaa.“"
"1960","2","IND_AP","char","True","","","","","","002*","numeric_code","","N","O","Indicador da sub-apuração por tipo de benefício (conforme tabela 4.7.1)"
"1960","3","G1_01","float","True","","","","","","","","2","N","O","Percentual de crédito presumido"
"1960","4","G1_02","float","True","","","","","","","","2","N","O","Saídas não incentivadas de PI"
"1960","5","G1_03","float","True","","","","","","","","2","N","O","Saídas incentivadas de PI"
"1960","6","G1_04","float","True","","","","","","","","2","N","O","Saídas incentivadas de PI para fora do Nordeste"
"1960","7","G1_05","float","True","","","","","","","","2","N","O","Saldo devedor do ICMS antes das deduções do incentivo"
"1960","8","G1_06","float","True","","","","","","","","2","N","O","Saldo devedor do ICMS relativo à faixa incentivada de PI"
"1960","9","G1_07","float","True","","","","","","","","2","N","O","Crédito presumido nas saídas incentivadas de PI para fora do Nordeste"
"1960","10","G1_08","float","True","","","","","","","","2","N","O","Saldo devedor relativo à faixa incentivada de PI após o crédito presumido nas saídas para fora do Nordeste"
"1960","11","G1_09","float","True","","","","","","","","2","N","O","Crédito presumido"
"1960","12","G1_10","float","True","","","","","","","","2","N","O","Dedução de incentivo da Indústria (crédito presumido)"
"1960","13","G1_11","float","True","","","","","","","","2","N","O","Saldo devedor do ICMS após deduções"
"1970","2","IND_AP","char","True","","","","","","002*","numeric_code","","N","O","Indicador da sub-apuração por tipo de benefício (conforme tabela 4.7.1)"
"1970","3","G3_01","float","True","","","","","","","","2","N","O","Importações com ICMS diferido"
"1970","4","G3_02","float","True","","","","","","","","2","N","O","ICMS diferido nas importações"
"1970","5","G3_03","float","True","","","","","","","","2","N","O","Saídas não incentivadas de PI"
"1970","6","G3_04","float","True","","","","","","","","2","N","O","Percentual de incentivo nas saídas para fora do Estado"
"1970","7","G3_05","float","True","","","","","","","","2","N","O","Saídas incentivadas de PI para fora do Estado"
"1970","8","G3_06","float","True","","","","","","","","2","N","O","ICMS das saídas incentivadas de PI para fora do Estado"
"1970","9","G3_07","float","True","","","","","","","","2","N","O","Crédito presumido nas saídas para fora do Estado"
"1970","10","G3_T","float","True","","","","","","","","2","N","O","Dedução de incentivo da Importação (crédito presumido)"
"1970","11","G3_08","float","True","","","","","","","","2","N","O","Saldo devedor do ICMS antes das deduções do incentivo"
"1970","12","G3_09","float","True","","","","","","","","2","N","O","Saldo devedor do ICMS após deduções do incentivo"
"1975","2","ALIQ_IMP_BASE","float","True","","","","","","","","2","N","O","Alíquota incidente sobre as importações-base"
"1975","3","G3_10","float","True","","","","","","","","2","N","O","Saídas incentivadas de PI"
"1975","4","G3_11","float","True","","","","","","","","2","N","O","Importações-base para o crédito presumido"
"1975","5","G3_12","float","True","","","","","","","","2","N","O","Crédito presumido nas saídas internas"
"1980","2","IND_AP","char","True","","","","","","002*","numeric_code","","N","O","Indicador da sub-apuração por tipo de benefício (conforme tabela 4.7.1)"
"1980","3","G4_01","float","True","","","","","","","","2","N","O","Entradas (percentual de incentivo)"
"1980","4","G4_02","float","True","","","","","","","","2","N","O","Entradas não incentivadas de PI"
"1980","5","G4_03","float","True","","","","","","","","2","N","O","Entradas incentivadas de PI"
"1980","6","G4_04","float","True","","","","","","","","2","N","O","Saídas (percentual de incentivo)"
"1980","7","G4_05","float","True","","","","","","","","2","N","O","Saídas não incentivadas de PI"
"1980","8","G4_06","float","True","","","","","","","","2","N","O","Saídas incentivadas de PI"
"1980","9","G4_07","float","True","","","","","","","","2","N","O","Saldo devedor do ICMS antes das deduções do incentivo (PI e itens não incentivados)"
"1980","10","G4_08","float","True","","","","","","","","2","N","O","Crédito presumido nas entradas incentivadas de PI"
"1980","11","G4_09","float","True","","","","","","","","2","N","O","Crédito presumido nas saídas incentivadas de PI"
"1980","12","G4_10","float","True","","","","","","","","2","N","O","Dedução de incentivo da Central de Distribuição (entradas/saídas)"
"1980","13","G4_11","float","True","","","","","","","","2","N","O","Saldo devedor do ICMS após deduções do incentivo"
"1980","14","G4_12","float","True","","","","","","","","2","N","O","Índice de recolhimento da central de distribuição"
"1990","2","QTD_LIN_1","int","True","","","","","","","","","N","O","Quantidade total de linhas do Bloco 1"
"9001","2","IND_MOV","char","True","","","","","","001","numeric_code","","N","O","Indicador de movimento"
"9900","2","REG_BLC","char","True","","","","","","004","","","C","O","Registro que será totalizado no próximo campo"
"9900","3","QTD_REG_BLC","int","True","","","","","","","","","N","O","Total de registros do tipo informado no campo anterior"
"9990","2","QTD_LIN_9","int","True","","","","","","","","","N","O","Quantidade total de linhas do Bloco 9"
"9999","2","QTD_LIN","int","True","","","","","","","","","N","O","Quantidade total de linhas do arquivo digital"
