"register","field","rule","severity","reads","message"
"0000","IE","REGRA_VALIDA_IE_0000_V2","2","UF",""
"0000","","REGRA_OBRIGATORIO_CPF_EXCLUDENTE_0000_IMPORTACAO","0","",""
"0000","IND_ATIV","REGRA_VALIDA_IND_ATIV","2","CPF","Para contribuinte pessoa física (CPF informado)  é obrigatório que o campo IND_ATIV seja diferente de 0."
"0000","CNPJ","REGRA_OBRIGATORIO_CPF_EXCLUDENTE_0000_CONTEUDO","2","CPF",""
"0000","","REGRA_VERSAO_LEIAUTE","0","","A versão de leiaute apresentada não é válida para o período informado."
"0000","DT_INI","REGRA_DATA_MINIMA","2","","A data informada deve ser maior ou igual a 01/01/2009."
"0000","DT_FIN","REGRA_MES_ESCRITURACAO","2","DT_INI","As datas de início e fim da escrituração devem pertencer ao mesmo mês e ano."
"0000","DT_INI","REGRA_DATA_MENOR_IGUAL_DT_FIN","2","DT_FIN","Data inválida. Informar data menor ou igual à data final deste registro."
"0000","COD_MUN","REGRA_COD_MUN_EM_UF_V2","2","UF",""
"0000","","REGRA_EXISTE_APURACAO_IPI","6","","Contribuinte de IPI deve apresentar registros E500 e registros filhos."
"0000","","REGRA_NAO_EXISTE_APURACAO_IPI","6","","Se não for contribuinte do IPI, não deve apresentar os registros E500 e filhos."
"0000","DT_INI","REGRA_DATA_VALIDA_A4E5V1","0","",""
"0000","DT_FIN","REGRA_DATA_VALIDA_A4E5V1","0","",""
"0000","CNPJ","REGRA_DIGITO_CNPJ","1","",""
"0000","CPF","REGRA_DIGITO_CPF","1","",""
"0000","SUFRAMA","REGRA_DIGITO_SUFRAMA","1","",""
"0002","","REGRA_REGISTRO_OBRIGATORIO_0002","obrigatoriedade","",""
"0005","FONE","REGRA_VALIDA_TELEFONE_FAX","1","",""
"0005","FAX","REGRA_VALIDA_TELEFONE_FAX","1","",""
"0005","EMAIL","REGRA_VALIDA_EMAIL_FISCAL","1","",""
"0015","IE_ST","REGRA_VALIDA_IE_UF_ST_V2","2","UF_ST",""
"0100","","REGRA_REGISTRO_OBRIGATORIO_0100","obrigatoriedade","",""
"0100","CPF","REGRA_DIGITO_CPF","1","",""
"0100","CNPJ","REGRA_DIGITO_CNPJ","1","",""
"0100","FONE","REGRA_VALIDA_TELEFONE_FAX","1","",""
"0100","FAX","REGRA_VALIDA_TELEFONE_FAX","1","",""
"0100","EMAIL","REGRA_VALIDA_EMAIL_FISCAL","1","",""
"0150","CNPJ","REGRA_NAO_PREENCHER_BRA_CNPJ","2","COD_PAIS",""
"0150","CPF","REGRA_NAO_PREENCHER_BRA_CPF","2","COD_PAIS",""
"0150","IE","REGRA_NAO_PREENCHER_BRA_IE","2","COD_PAIS",""
"0150","SUFRAMA","REGRA_NAO_PREENCHER_BRA_SUFRAMA","2","COD_PAIS",""
"0150","CNPJ","REGRA_CNPJ_EXCLUDENTE","2","CPF","Somente um dos campos deverá estar preenchido: CNPJ ou CPF."
"0150","CNPJ","REGRA_OBRIGATORIO_CPF_BRA_V2","2","COD_PAIS;CPF",""
"0150","COD_MUN","REGRA_OBRIGATORIO_PARA_BRASIL_A10E3V4","2","COD_PAIS","Campo obrigatório para contribuintes domiciliados no Brasil. Deve ser diferente de 9999999."
"0150","","REGRA_REFERENCIADO_COD_PART_17002_V1","6","",""
"0150","IE","REGRA_VALIDA_IE_COD_MUN_V2","2","COD_MUN",""
"0150","CNPJ","REGRA_DIGITO_CNPJ","1","",""
"0150","CPF","REGRA_DIGITO_CPF","1","",""
"0150","SUFRAMA","REGRA_DIGITO_SUFRAMA","1","",""
"0175","DT_ALT","REGRA_DATA_ENTRE_DT_INI_DT_FIN_0000_DT_ALT","2","",""
"0175","CONT_ANT","REGRA_VALIDA_IE_COD_MUN_COL_0175_V2","2","",""
"0175","CONT_ANT","REGRA_VALIDACAO_CONT_ANT_14001_V1","2","",""
"0175","CONT_ANT","REGRA_VALIDA_UF_0175","6","","Não é permitida alteração da UF e/ou IE do participante. Deve ser criado um novo participante no registro 0150."
"0175","DT_ALT","REGRA_DATA_VALIDA_A4E5V1","0","",""
"0175","DT_ALT","REGRA_DATA_MINIMA_DOC_FISCAL","1","","A data deverá ser maior ou igual a 01/01/2000."
"0190","","REGRA_REFERENCIADO_UNID_15001V1","6","",""
"0200","","REGRA_EXISTE_UNID_V2","6","",""
"0200","","REGRA_OBRIGATORIO_ALIQ_RESSARC_ST","6","",""
"0200","","REGRA_REFERENCIADO_COD_ITEM_17002_V1","6","",""
"0200","COD_NCM","REGRA_OBRIGATORIO_NCM","2","TIPO_ITEM","Campo NCM obrigatório para contribuinte industrial ou equiparado a industrial, exceto para itens do tipo ""07"" ou ""08"" ou ""09"" ou ""10"" ou ""99""."
"0200","COD_BARRA","REGRA_VALIDA_COD_BARRA","2","","Código de barras inválido."
"0200","COD_BARRA","REGRA_OBRIGATORIO_COD_BARRA","2","","O campo é obrigatório quando existir um registro filho 0220 com o campo código de barra preenchido."
"0200","COD_ANT_ITEM","REGRA_NAO_INFORMAR_COD_ANT_ITEM_0200","1","","O campo COD_ANT_ITEM não pode ser informado. Informar no registro 0205."
"0200","COD_NCM","REGRA_VALIDA_COD_NCM","1","","O campo não pode ter o valor 99999999."
"0200","COD_LST","REGRA_VALIDA_COD_LST","1","","O valor informado nesse campo deve possuir o formato NN.NN. (N=Número)"
"0200","ALIQ_ICMS","REGRA_ALIQ_MENOR_1000","1","","O valor informado para o campo deverá ser menor ou igual a 999."
"0205","DT_INI","REGRA_DATA_MENOR_IGUAL_DT_FIN_DT_INI_DT_FIM","2","DT_FIM",""
"0205","DT_FIM","REGRA_DATA_MENOR_DT_FIN_0000","2","","Data inválida. Informar data menor que a data final do ""Registro 0000""."
"0205","COD_ANT_ITEM","REGRA_NAO_INFORMAR_COD_ANT_ITEM","2","DESCR_ANT_ITEM","Campo não pode ser informado. Preencher somente um dos campos (DESCR_ANT_ITEM ou COD_ANT_ITEM)."
"0205","COD_ANT_ITEM","REGRA_OBRIGATORIO_COD_ANT_ITEM","2","",""
"0205","","REGRA_NAO_PERMITIR_SOBREPOSICAO_0205_CORRECAO","6","",""
"0205","DT_INI","REGRA_DATA_VALIDA_A4E5V1","0","",""
"0205","DT_INI","REGRA_DATA_MINIMA_DOC_FISCAL","1","","A data deverá ser maior ou igual a 01/01/2000."
"0205","DT_FIM","REGRA_DATA_VALIDA_A4E5V1","0","",""
"0205","DT_FIM","REGRA_DATA_MINIMA_DOC_FISCAL","1","","A data deverá ser maior ou igual a 01/01/2000."
"0220","","REGRA_EXISTE_UNID_V2","6","",""
"0220","COD_BARRA","REGRA_VALIDA_COD_BARRA","2","","Código de barras inválido."
"0220","COD_BARRA","REGRA_BATIMENTO_COD_BARRA_V2","2","",""
"0220","FAT_CONV","REGRA_MAIOR_ZERO","1","","Valor informado deve ser maior que Zero."
"0221","","REGRA_EXISTE_COD_ITEM_V2","6","",""
"0221","","REGRA_VALIDA_COD_ITEM_ATOMICO_V2","6","",""
"0221","","REGRA_INFORMAR_0221","6","","O registro só pode ser preenchido se o campo TIPO_ITEM do registro 0200 Pai for informado com valor ""00 - Mercadoria para Revenda"". Demais situações, o registro não pode ser informado."
"0221","QTD_CONTIDA","REGRA_MAIOR_IGUAL_UM","1","","Valor informado deve ser maior ou igual a Um."
"0221","QTD_CONTIDA","REGRA_QTD_IGUAL_UM","1","COD_ITEM_ATOMICO","Para mesmo item do registro 0200, o valor informado deve ser igual a ""1""."
"0300","","REGRA_EXISTE_COD_PRNC_A11E2V2","6","",""
"0300","","REGRA_EXISTE_COD_CTA_A11E2V2","6","",""
"0300","","REGRA_REFERENCIADO_COD_IND_BEM","6","","Não informar bem ou componente do ativo imobilizado, se não referenciado em pelo menos um dos demais blocos."
"0300","","REGRA_REGISTRO_OBRIGATORIO_0305","6","",""
"0300","COD_PRNC","REGRA_OBRIGATORIO_COD_PRNC","2","IDENT_MERC","Campo obrigatório se o identificador do tipo de mercadoria for componente (IND_MERC = 2)."
"0300","","REGRA_OBRIGATORIO_NR_PARC","6","","Campo obrigatório quando exisitir movimentação do bem (Registro G125) com valor da parcela de ICMS passível de apropriação preenchida ou quando o tipo de mercadoria for igual a bem (1)."
"0305","","REGRA_EXISTE_COD_CCUS","6","","Código Inválido. O campo deverá existir no Registro 0600."
"0400","","REGRA_REFERENCIADO_COD_NAT","6","","Não informar código da natureza, se não referenciado em pelo menos um dos demais blocos."
"0450","","REGRA_REFERENCIADO_COD_INF_17002_V1","6","",""
"0460","","REGRA_REFERENCIADO_COD_OBS_17002_V1","6","",""
"0500","DT_ALT","REGRA_DATA_MENOR_IGUAL_DT_FIN_0000_DT_ALT","2","",""
"0500","DT_ALT","REGRA_DATA_VALIDA_A4E5V1","0","",""
"0500","DT_ALT","REGRA_DATA_MINIMA_DOC_FISCAL","1","","A data deverá ser maior ou igual a 01/01/2000."
"0600","","REGRA_REGISTRO_OBRIGATORIO_0600","6","",""
"0600","DT_ALT","REGRA_DATA_MENOR_IGUAL_DT_FIN_0000_DT_ALT","2","",""
"0600","DT_ALT","REGRA_DATA_VALIDA_A4E5V1","0","",""
"0600","DT_ALT","REGRA_DATA_MINIMA_DOC_FISCAL","1","","A data deverá ser maior ou igual a 01/01/2000."
"0990","","REGRA_QTD_LIN_BLOCO0","0","","Quantidade de linhas do bloco zero informada não confere com a esperada pelo sistema."
"0990","","REGRA_BLOCO_COM_SEM_MOVIMENTO","0","",""
"B001","IND_MOV","REGRA_BLOCO_COM_DADOS_APENAS_PARA_UF_IMPORTACAO","0","",""
"B020","","REGRA_EXISTE_COD_PART_V2","6","",""
"B020","CHV_NFE","REGRA_COMPARA_CODIGO_MODELO","2","","O modelo da chave do documento eletrônico não confere com o modelo do documento."
"B020","","REGRA_VALIDA_SERIE_CHAVE","2","","O campo série que compõe a chave do documento fiscal eletrônico deverá ser igual ao campo Série informado no registro.##MSG_VALIDA_SERIE_CHAVE_RESUMO"
"B020","CHV_NFE","REGRA_COMPARA_NUM_DOC_NFE_CTE_C100_V4","2","NUM_DOC",""
"B020","CHV_NFE","REGRA_COMPARA_CNPJ_NFE_CTE_16001_V1","2","COD_MOD;IND_EMIT;COD_SIT",""
"B020","CHV_NFE","REGRA_VALIDA_CHV_NFE_CTE","2","",""
"B020","CHV_NFE","REGRA_COMPARA_UF_NFE_CTE_13001_V1","2","",""
"B020","DT_DOC","REGRA_DATA_MENOR_IGUAL_DT_FIN_0000_DT_DOC_C100","2","",""
"B020","CHV_NFE","REGRA_OBRIGATORIO_CHV_DOCE_B020","2","COD_MOD",""
"B020","","REGRA_EXISTE_COD_OBS_V2","6","",""
"B020","","REGRA_VALIDA_VL_CONT","6","","O valor informado deve ser igual ao somatório dos valores informados no campo ""VL_CONT_P"" dos registros filhos."
"B020","","REGRA_VALIDA_VL_ISNT_ISS","6","","O valor informado deve ser igual ao somatório dos valores informados no campo ""VL_ISNT_ISS_P"" dos registros filhos."
"B020","","REGRA_VALIDA_VL_BC_ISS","6","","O valor informado deve ser igual ao somatório dos valores informados no campo ""VL_BC_ISS_P"" dos registros filhos."
"B020","","REGRA_VALIDA_VL_ISS","6","","O valor informado deve ser igual ao somatório dos valores informados no campo ""VL_ISS_P"" dos registros filhos."
"B020","IND_OPER","REGRA_IND_OPER_NFCE_12001_V1","0","COD_MOD",""
"B020","IND_EMIT","REGRA_SAIDA_SOMENTE_TERCEIROS","1","IND_OPER","O campo IND_EMIT somente poderá assumir valor igual a 1 (Emissão de Terceiros) para documentos de entrada, ou seja, IND_OPER igual a 0."
"B020","COD_SIT","REGRA_COD_SIT_B020","1","COD_MOD",""
"B020","NUM_DOC","REGRA_MAIOR_ZERO","1","","Valor informado deve ser maior que Zero."
"B020","CHV_NFE","REGRA_CHVDFE_MODELO_V2","1","COD_MOD",""
"B020","DT_DOC","REGRA_DATA_VALIDA_A4E5V1","0","",""
"B020","DT_DOC","REGRA_DATA_MINIMA_DOC_FISCAL","1","","A data deverá ser maior ou igual a 01/01/2000."
"B020","DT_DOC","REGRA_VALIDA_DT_DOC_B020","1","COD_SIT","Se COD_SIT=""01"" ou ""03"" ou ""07"" então o campo DT_DOC NÃO deverá estar compreendido dentro do período da escrituração (DT_INI e DT_FIN do Registro 0000) ou Se COD_SIT=""00"" ou ""02"" ou ""06"" então o campo DT_DOC deverá estar compreendido dentro do período da escrituração (DT_INI e DT_FIN do Registro 0000)."
"B020","VL_ISS_RT","REGRA_NFCE_SEM_RETENCAO","1","COD_MOD","Se o campo COD_MOD do Registro B020 for igual a '65', então o valor informado nesse campos deve ser obrigatoriamente igual a zero."
"B025","ALIQ_ISS","REGRA_VALIDA_ALIQ_ISS","1","","O valor informado deve ser menor ou igual a 5."
"B025","VL_ISS_P","REGRA_CALC_VL_ISS_P","1","VL_BC_ISS_P;ALIQ_ISS","O valor desse campo deve ser igual ao produto do campo VL_BC_ISS_P pelo campo ALIQ_ISS."
"B030","","REGRA_REGISTRO_OBRIGATORIO_15001_V1","obrigatoriedade","",""
"B030","DT_DOC","REGRA_DATA_ENTRE_DT_INI_DT_FIN_0000_DT_DOC","2","",""
"B030","","REGRA_EXISTE_COD_OBS_V2","6","",""
"B030","NUM_DOC_FIN","REGRA_NUMDOC","2","NUM_DOC_INI","Número inválido. O número do documento final deve ser maior ou igual ao número do documento inicial."
"B030","","REGRA_VALIDA_VL_CONT","6","","O valor informado deve ser igual ao somatório dos valores informados no campo ""VL_CONT_P"" dos registros filhos."
"B030","","REGRA_VALIDA_VL_ISNT_ISS","6","","O valor informado deve ser igual ao somatório dos valores informados no campo ""VL_ISNT_ISS_P"" dos registros filhos."
"B030","","REGRA_VALIDA_VL_BC_ISS","6","","O valor informado deve ser igual ao somatório dos valores informados no campo ""VL_BC_ISS_P"" dos registros filhos."
"B030","","REGRA_VALIDA_VL_ISS","6","","O valor informado deve ser igual ao somatório dos valores informados no campo ""VL_ISS_P"" dos registros filhos."
"B030","NUM_DOC_INI","REGRA_MAIOR_ZERO","1","","Valor informado deve ser maior que Zero."
"B030","NUM_DOC_FIN","REGRA_MAIOR_ZERO","1","","Valor informado deve ser maior que Zero."
"B030","DT_DOC","REGRA_DATA_VALIDA_A4E5V1","0","",""
"B030","DT_DOC","REGRA_DATA_MINIMA_DOC_FISCAL","1","","A data deverá ser maior ou igual a 01/01/2000."
"B035","ALIQ_ISS","REGRA_VALIDA_ALIQ_ISS","1","","O valor informado deve ser menor ou igual a 5."
"B035","VL_ISS_P","REGRA_CALC_VL_ISS_P","1","VL_BC_ISS_P;ALIQ_ISS","O valor desse campo deve ser igual ao produto do campo VL_BC_ISS_P pelo campo ALIQ_ISS."
"B350","","REGRA_REGISTRO_OBRIGATORIO_15001_V1","obrigatoriedade","",""
"B350","","REGRA_EXISTE_COD_OBS_V2","6","",""
"B350","QTD_OCOR","REGRA_MAIOR_ZERO","1","","Valor informado deve ser maior que Zero."
"B350","ALIQ_ISS","REGRA_VALIDA_ALIQ_ISS","1","","O valor informado deve ser menor ou igual a 5."
"B350","VL_ISS","REGRA_CALCULA_VL_ISS","1","VL_BC_ISS;ALIQ_ISS","O valor deve ser igual ao produto da base de cálculo ""VL_BC_ISS"" pela alíquota ""ALIQ_ISS""."
"B420","","REGRA_REGISTRO_OBRIGATORIO_15001_V1","obrigatoriedade","",""
"B420","","REGRA_VALIDA_TOT_VL_CONT","6","","O valor informado deve ser igual ao somatório dos valores informados no campo VL_CONT_P dos registros B025 (IND_OPER do registro B020 pai igual a 1), VL_CONT_P dos registros B035 e VL_CONT dos registros B350, para a mesma combinação de ALIQ_ISS e COD_SERV."
"B420","","REGRA_VALIDA_TOT_VL_BC_ISS","6","","O valor informado deve ser igual ao somatório dos valores informados no campo VL_BC_ISS_P dos registros B025 (IND_OPER do registro B020 pai igual a 1), no campo VL_BC_ISS_P dos registros B035 e no campo VL_BC_ISS dos registros B350, para a mesma combinação de ALIQ_ISS e COD_SERV."
"B420","","REGRA_VALIDA_TOT_VL_ISNT_ISS","6","","O valor informado deve ser igual ao somatório dos valores informados no campo VL_ISNT_ISS_P dos registros B025 (IND_OPER do registro B020 pai igual a 1), no campo VL_ISNT_ISS_P dos registros B035 e da diferença entre os valores dos campos VL_CONT e VL_BC_ISS dos registros B350, para a mesma combinação de ALIQ_ISS e COD_SERV"
"B420","","REGRA_VALIDA_TOT_VL_ISS","6","","O valor informado deve ser igual ao somatório dos valores informados no campo VL_ ISS_P dos registros B025 (IND_OPER do registro B020 pai igual a 1), no campo VL_ISS_P dos registros B035 e no campo VL_ISS dos registros B350, para a mesma combinação de ALIQ_ISS e COD_SERV."
"B420","ALIQ_ISS","REGRA_VALIDA_ALIQ_ISS","1","","O valor informado deve ser menor ou igual a 5."
"B440","","REGRA_EXISTE_COD_PART_V2","6","",""
"B440","","REGRA_VALIDA_VL_CONT_RT","6","","O valor informado deve ser igual ao somatório dos valores informados no campo ""VL_CONT"" dos registros B020 para a combinação IND_OPER e COD_PART."
"B440","","REGRA_VALIDA_VL_BC_ISS_RT","6","","O valor informado deve ser igual ao somatório dos valores informados no campo ""VL_BC_ISS_RT"" dos registros B020 para a combinação IND_OPER e COD_PART."
"B440","","REGRA_VALIDA_VL_ISS_RT","6","","O valor informado deve ser igual ao somatório dos valores informados no campo ""VL_ISS_RT"" dos registros B020 para a combinação IND_OPER e COD_PART."
"B460","","REGRA_REGISTRO_OBRIGATORIO_15001_V1","obrigatoriedade","",""
"B460","","REGRA_EXISTE_COD_OBS_V2","6","",""
"B470","","REGRA_REGISTRO_OBRIGATORIO_B470","obrigatoriedade","",""
"B470","","REGRA_APUR_VL_CONT_14001_V1","6","",""
"B470","","REGRA_APUR_VL_CONT_DOCS","6","","O valor informado deve igual ao somatório do VL_CONT_P dos registros B025 (para IND_OPER = 1), VL_CONT_P dos registros B035 e VL_CONT dos registros B350."
"B470","","REGRA_APUR_VL_ISNT_14001_V1","6","",""
"B470","","REGRA_APUR_VL_ISNT_DOCS","6","","O valor informado deve ser igual ao somatório do VL_ISNT_ISS_P dos registros B025 (com IND_OPER = 1), VL_ISNT_ISS_P dos registros B035 e a diferença entre VL_CONT e VL_BC_ISS dos registros B350."
"B470","","REGRA_APUR_VL_BC_ISS_14001_V1","6","",""
"B470","","REGRA_APUR_VL_BC_ISS_DOCS","6","","O valor informado deve ser igual ao somatório do VL_BC_ISS_P dos registros B025 (com IND_OPER = 1), VL_BC_ISS_P dos registros B035 e VL_BC_ISS dos registros B350."
"B470","","REGRA_APUR_VL_BC_ISS_RT_14001_V1","6","",""
"B470","","REGRA_APUR_VL_ISS_14001_V1","6","",""
"B470","","REGRA_APUR_VL_ISS_DOCS","6","","O valor informado deve ser igual ao somatório do VL_ISS_P dos registros B025 (com IND_OPER = 1), VL_ISS_P dos registros B035 e VL_ISS dos registros B350."
"B470","","REGRA_APUR_VL_ISS_RT_14001_V1","6","",""
"B470","","REGRA_APUR_VL_ISS_RT_DOCS","6","","O valor informado deve ser igual ao somatório do VL_ISS_RT dos registros B020 (com IND_OPER = 1)."
"B470","","REGRA_APUR_VL_ISS_ST_V2","6","",""
"B470","","REGRA_APUR_VL_ISS_ST_DOCS","6","","O valor informado deve ser igual à diferença entre o somatório do VL_ISS_RT dos registros B020 (com IND_OPER = 0) e o somatório do VL_DED dos registros B460 (com IND_OBR= 1) se o resultado for maior ou igual a zero. Se o resultado for negativo, informar zero."
"B470","","REGRA_APUR_VL_DED_14001_V1","6","",""
"B470","","REGRA_APUR_VL_ISS_REC_UNI_V2","6","",""
"B470","","REGRA_APUR_VL_BC_ISS_RT_DOCS","6","","O valor informado deve ser igual ao somatório do VL_BC_ISS_RT dos registros B020 (com IND_OPER = 1)."
"B470","VL_DED_BC","REGRA_APUR_VL_DED_BC","1","VL_MAT_TERC;VL_MAT_PROP;VL_SUB;VL_ISNT","O valor informado deve ser igual ao somatório dos valores dos campos VL_MAT_TERC, VL_MAT_PROP, VL_SUB e VL_ISNT."
"B470","VL_ISS_REC","REGRA_APUR_VL_ISS_REC","1","VL_ISS;VL_ISS_RT;VL_DED","O valor informado deve  ser o resultado da subtração do valor informado no campo VL_ ISS  e a soma dos valores informados nos campos VL_ISS_RT e VL_DED. Se o resultado for negativo, informar zero."
"B500","","REGRA_REGISTRO_OBRIGATORIO_15001_V1","obrigatoriedade","",""
"B500","","REGRA_VALIDA_QTD_PROF","6","","O valor informado deve coincidir com a quantidade de profissionais habilitados registros B510 informados com o IND_PROF igual a ""0""."
"B500","","REGRA_VALIDA_VL_OR","6","","O valor desse campo deve ser o resultado da multiplicação do valor informado na tabela 4.6.1 para a UF do Registro 0000 para o período da escrituração e e o campo QTD_PROF(Quantidade de profissionais habilitados)."
"B510","","REGRA_SOCIO_B510","6","","É obrigatório que exista pelo menos um registro B510 com o campo IND_SOC igual a '0'."
"B510","","REGRA_QTD_PROF_NAO_HABILIT","6","","A quantidade de registros B510 com o campo IND_PROF igual a 1 deve ser menor ou igual ao dobro da quantidade de registros B510 com o campo IND_SOC igual a 0 para o mesmo registro pai B500."
"B510","IND_PROF","REGRA_VALIDA_IND_SOC_IND_PROF","1","IND_SOC","Se o campo IND_SOC possuir valor igual a 0, então obrigatoriamente o campo IND_PROF deve ser também igual a 0."
"B510","CPF","REGRA_DIGITO_CPF","1","",""
"B990","","REGRA_QTD_LIN_BLOCOB","0","",""
"B990","","REGRA_BLOCO_COM_SEM_MOVIMENTO","0","",""
"C100","","REGRA_EXISTE_COD_PART_V2","6","",""
"C100","","REGRA_DUPLICIDADE_NO_REGISTRO_C100_EMISSAO_PROPRIA","6","",""
"C100","","REGRA_DUPLICIDADE_NO_REGISTRO_C100_EMISSAO_TERCEIROS","6","",""
"C100","DT_DOC","REGRA_DATA_MENOR_IGUAL_DT_FIN_0000_DT_DOC_C100","2","",""
"C100","DT_E_S","REGRA_DATA_MENOR_IGUAL_DT_FIN_0000_DT_ES","2","",""
"C100","DT_E_S","REGRA_DT_E_S_MAIOR_IGUAL_DT_DOC","2","DT_DOC","Data inválida. Informar data maior ou igual à data de emissão do documento fiscal."
"C100","DT_E_S","REGRA_OBRIGATORIO_DT_E_S","2","DT_DOC;IND_OPER","O campo é obrigatorio para documento de saída com data de emissão posterior à data final da escrituração."
"C100","","REGRA_VL_MERC_C170","6","","O valor das mercadorias (VL_MERC do Registro C100) deve ser maior ou igual à soma dos valores dos itens dos ""Registros C170"" (exclusive para NF-e de entrada regular ou extemporânea)."
"C100","","REGRA_VL_IPI_C190","6","",""
"C100","","REGRA_COERENCIA_CFOP_C170","6","",""
"C100","","REGRA_COERENCIA_CFOP_C185","6","",""
"C100","","REGRA_VL_BC_ICMS_ANALIT","6","","Valor inválido. A soma do campo VL_BC_ICMS dos registros analíticos (C190, C590, C690, D190, D590 e D690) deve ser igual ao campo VL_BC_ICMS do documento mestre dos registros (C100, C500, C600, D100, D500 e D600, respectivamente)."
"C100","","REGRA_VL_ICMS_ANALIT","6","","Valor inválido. A soma do campo VL_ICMS dos registros analíticos (C190, C590, C690, D190, D590 e D690) deve ser igual ao campo VL_ICMS do documento mestre dos registros (C100, C500, C600, D100, D500 e D600, respectivamente)."
"C100","","REGRA_OBRIGATORIO_C110_14001_V1","6","",""
"C100","","REGRA_VL_BC_ICMS_ST_ANALIT","6","","Valor inválido. A soma do campo VL_BC_ICMS_ST dos registros analíticos (C190, C590, C690, D190 e D690) deve ser igual ao campo VL_BC_ICMS_ST do documento mestre dos registros (C100, C500, C600, D100 e D600, respectivamente)."
"C100","","REGRA_VL_ICMS_ST_ANALIT","6","","Valor inválido. A soma do campo VL_ICMS_ST dos registros analíticos (C190, C590, C690, D190 e D690) deve ser igual ao campo VL_ICMS_ST do documento mestre dos registros (C100, C500, C600, D100 e D600, respectivamente)."
"C100","","REGRA_VALIDA_DESC_DOC_ITEM","6","","O valor total do desconto deve ser igual a soma dos valores de desconto comercial de cada item (VL_DESC do Registro C170)."
"C100","CHV_NFE","REGRA_COMPARA_CNPJ_NFE_CTE_12001_V1","2","COD_MOD;IND_EMIT;COD_SIT",""
"C100","CHV_NFE","REGRA_COMPARA_NUM_DOC_NFE_CTE_C100_V4","2","NUM_DOC",""
"C100","CHV_NFE","REGRA_COMPARA_UF_NFE_CTE_13001_V1","2","",""
"C100","CHV_NFE","REGRA_VALIDA_CHV_NFE_CTE","2","",""
"C100","CHV_NFE","REGRA_COMPARA_CODIGO_MODELO","2","","O modelo da chave do documento eletrônico não confere com o modelo do documento."
"C100","COD_SIT","REGRA_VALIDA_SITUACAO_PARA_NFE_A7E2V1","2","COD_MOD",""
"C100","CHV_NFE","REGRA_OBRIGATORIO_CHV_NFE_CTE_A13E1V2","2","COD_MOD;IND_EMIT",""
"C100","CHV_NFE","REGRA_OBRIGATORIO_CHV_NFE_CTE_TERCEIROS_12001_V1","2","COD_MOD;IND_EMIT",""
"C100","IND_EMIT","REGRA_IND_EMIT","2","IND_OPER","Documento fiscal emitido por terceiros deverá ter indicador de operação = Zero (entradas)."
"C100","COD_SIT","REGRA_DOCUMENTO_NORMAL_DT_ES","2","IND_OPER;DT_E_S;DT_DOC",""
"C100","COD_SIT","REGRA_DOCUMENTO_EXTEMPORANEO_DT_E_S","2","IND_OPER;DT_E_S;DT_DOC",""
"C100","COD_PART","REGRA_OBRIGATORIO_COD_PART","2","COD_SIT;IND_EMIT","Campo de preenchimento obrigatório."
"C100","CHV_NFE","REGRA_CHAVE_REGIME_ESPECIAL_NFE","2","IND_OPER;IND_EMIT;COD_MOD;COD_SIT",""
"C100","CHV_NFE","REGRA_OBRIGATORIO_CHVE_NFCE_A7E2V1","2","COD_MOD","O campo chave é obrigatório para modelo de documento igual a 65 - NF Eletrônica para consumidor final e código da situação diferente de 05 - NFe, NFC-e ou CT-e Numeração inutilizada."
"C100","IND_EMIT","REGRA_IND_EMIT_NFCE","2","COD_MOD","O campo indicador do emitente deve ser igual a '0' para modelo de documento igual a 65 - NF Eletrônica para consumidor final."
"C100","","REGRA_VALIDA_SERIE_CHAVE","2","","O campo série que compõe a chave do documento fiscal eletrônico deverá ser igual ao campo Série informado no registro.##MSG_VALIDA_SERIE_CHAVE_RESUMO"
"C100","","REGRA_COMPARA_CNPJ_NFE_PARTICIPANTE_12001_V1","6","","O CNPJ/CPF da chave do documento eletrônico não confere com o CNPJ/CPF do participante informado."
"C100","","REGRA_VALIDA_VL_ABAT_NT","6","","O somatório do campos 38 ""VL_ABAT_NT"" dos Registros C170 está diferente do valor informado no Campo 15 do Registro C100."
"C100","","REGRA_MULTIPLAS_OCORRENCIAS_C100","6","","Não devem existir dois ou mais registros C100 com a mesma combinação de campos IND_EMIT, COD_SIT, COD_PART, SER e NUM_DOC."
"C100","","REGRA_VL_ICMS_MAIOR_VL_DOC_C100","6","","A soma dos valores informados no campo VL_ICMS dos ajustes não devem ser igual ou superior ao valor total documento informado no registro pai C100 - VL_DOC."
"C100","IND_OPER","REGRA_IND_OPER_NFCE_12001_V1","0","COD_MOD",""
"C100","NUM_DOC","REGRA_MAIOR_ZERO","1","","Valor informado deve ser maior que Zero."
"C100","CHV_NFE","REGRA_CHVDFE_MODELO_12001_V1","1","COD_MOD",""
"C100","DT_DOC","REGRA_DATA_VALIDA_A4E5V1","0","",""
"C100","DT_DOC","REGRA_DATA_MINIMA_DOC_FISCAL","1","","A data deverá ser maior ou igual a 01/01/2000."
"C100","DT_E_S","REGRA_DATA_VALIDA_A4E5V1","0","",""
"C100","DT_E_S","REGRA_DATA_MINIMA_DOC_FISCAL","1","","A data deverá ser maior ou igual a 01/01/2000."
"C101","","REGRA_SOMENTE_INFORMAR_SE_OIE_V2","6","",""
"C105","","REGRA_REGISTRO_OBRIGATORIO_15001_V1","obrigatoriedade","",""
"C110","","REGRA_REGISTRO_OBRIGATORIO_15001_V1","obrigatoriedade","",""
"C110","","REGRA_EXISTE_COD_INF_V2","6","",""
"C112","COD_AUT","REGRA_OBRIGATORIO_COD_AUT","2","NUM_DA","Obrigatório, se o número do documento de arrecadação não for preenchido."
"C112","VL_DA","REGRA_MAIOR_ZERO","1","","Valor informado deve ser maior que Zero."
"C112","DT_VCTO","REGRA_DATA_VALIDA_A4E5V1","0","",""
"C112","DT_VCTO","REGRA_DATA_MINIMA_DOC_FISCAL","1","","A data deverá ser maior ou igual a 01/01/2000."
"C112","DT_PGTO","REGRA_DATA_VALIDA_A4E5V1","0","",""
"C112","DT_PGTO","REGRA_DATA_MINIMA_DOC_FISCAL","1","","A data deverá ser maior ou igual a 01/01/2000."
"C113","","REGRA_EXISTE_COD_PART_V2","6","",""
"C113","","REGRA_DUPLICIDADE_NO_REGISTRO_C113_EMISSAO_PROPRIA","6","",""
"C113","","REGRA_DUPLICIDADE_NO_REGISTRO_C113_EMISSAO_TERCEIROS","6","",""
"C113","","REGRA_DATA_MENOR_IGUAL_DT_DOC_C100_C113","6","",""
"C113","IND_EMIT","REGRA_IND_EMIT","2","IND_OPER","Documento fiscal emitido por terceiros deverá ter indicador de operação = Zero (entradas)."
"C113","CHV_DOCE","REGRA_OBRIGATORIO_CHV_NFE_CTE_A13E1V2","2","COD_MOD;IND_EMIT",""
"C113","CHV_DOCE","REGRA_PREENCHER_CHV_NFE_CTE_A13E1V2","2","COD_MOD",""
"C113","CHV_DOCE","REGRA_VALIDA_CHV_NFE_CTE","2","",""
"C113","CHV_DOCE","REGRA_VALIDA_CNPJ_NFE_14001_V1","2","",""
"C113","CHV_DOCE","REGRA_VALIDA_UF_NFE_CTE_V2","2","",""
"C113","","REGRA_COMPARA_CNPJ_DOCE_PARTICIPANTE_12001_V6","6","",""
"C113","CHV_DOCE","REGRA_COMPARA_NUM_DOC_NFE_CTE","2","NUM_DOC",""
"C113","CHV_DOCE","REGRA_COMPARA_CODIGO_MODELO","2","","O modelo da chave do documento eletrônico não confere com o modelo do documento."
"C113","","REGRA_VALIDA_SERIE_CHAVE","2","","O campo série que compõe a chave do documento fiscal eletrônico deverá ser igual ao campo Série informado no registro.##MSG_VALIDA_SERIE_CHAVE_RESUMO"
"C113","COD_PART","REGRA_OBRIGATORIO_COD_PART_14002_V1","2","COD_MOD",""
"C113","NUM_DOC","REGRA_MAIOR_ZERO","1","","Valor informado deve ser maior que Zero."
"C113","DT_DOC","REGRA_DATA_VALIDA_A4E5V1","0","",""
"C113","DT_DOC","REGRA_DATA_MINIMA_DOC_FISCAL","1","","A data deverá ser maior ou igual a 01/01/2000."
"C114","ECF_CX","REGRA_MAIOR_ZERO","1","","Valor informado deve ser maior que Zero."
"C114","NUM_DOC","REGRA_MAIOR_ZERO","1","","Valor informado deve ser maior que Zero."
"C114","DT_DOC","REGRA_DATA_VALIDA_A4E5V1","0","",""
"C114","DT_DOC","REGRA_DATA_MINIMA_DOC_FISCAL","1","","A data deverá ser maior ou igual a 01/01/2000."
"C115","","REGRA_REGISTRO_OBRIGATORIO_15001_V1","obrigatoriedade","",""
"C115","IE_COL","REGRA_VALIDA_IE_COD_MUN_COL_V2","2","COD_MUN_COL",""
"C115","IE_ENTG","REGRA_VALIDA_IE_COD_MUN_ENTG_V2","2","COD_MUN_ENTG",""
"C115","CNPJ_COL","REGRA_DIGITO_CNPJ","1","",""
"C115","CPF_COL","REGRA_DIGITO_CPF","1","",""
"C115","CNPJ_ENTG","REGRA_DIGITO_CNPJ","1","",""
"C115","CPF_ENTG","REGRA_DIGITO_CPF","1","",""
"C116","","REGRA_REGISTRO_OBRIGATORIO_15001_V1","obrigatoriedade","",""
"C116","CHV_CFE","REGRA_VALIDA_CHV_NFE_CTE","2","",""
"C116","CHV_CFE","REGRA_COMPARA_CNPJ_CFE","2","","O CNPJ da chave da CF-e não confere com o CNPJ do informante do arquivo."
"C116","CHV_CFE","REGRA_COMPARA_UF_CFE","2","","A UF informada na chave da CF-e não confere com a UF do informante do arquivo."
"C116","","REGRA_COMPARA_COD_MOD_DFE","2","","O modelo do documento da chave do documento eletrônico não confere com o modelo informado no documento fiscal."
"C116","","REGRA_COMPARA_SERIE_SAT_CFE","2","","O Número de série do SAT da chave do documento eletrônico não confere com o Número de série do SAT informado no documento fiscal."
"C116","","REGRA_COMPARA_NUMERO_CFE","2","","O Número do CF-e da chave do documento eletrônico não confere com o Número do Cupom Fiscal Eletrônico informado no documento fiscal."
"C116","","REGRA_COMPARA_MES_ANO_DFE","2","","A informação ano/mês do documento que compõe a chave do documento eletrônico não confere com a data do documento fiscal."
"C116","NUM_CFE","REGRA_MAIOR_ZERO","1","","Valor informado deve ser maior que Zero."
"C116","DT_DOC","REGRA_DATA_VALIDA_A4E5V1","0","",""
"C116","DT_DOC","REGRA_DATA_MINIMA_DOC_FISCAL","1","","A data deverá ser maior ou igual a 01/01/2000."
"C120","","REGRA_REGISTRO_OBRIGATORIO_15001_V1","obrigatoriedade","",""
"C130","","REGRA_REGISTRO_OBRIGATORIO_15001_V1","obrigatoriedade","",""
"C140","","REGRA_REGISTRO_OBRIGATORIO_15001_V1","obrigatoriedade","",""
"C140","","REGRA_QTD_PARC_C140","6","","A quantidade informada de parcelas deve ser igual ao total de ocorrências dos Registros C141."
"C141","","REGRA_DATA_MAIOR_IGUAL_DT_DOC_C100","6","","Data inválida. Informar data maior ou igual à data de emissão do documento fiscal do ""Registro C100""."
"C141","DT_VCTO","REGRA_DATA_VALIDA_A4E5V1","0","",""
"C141","DT_VCTO","REGRA_DATA_MINIMA_DOC_FISCAL","1","","A data deverá ser maior ou igual a 01/01/2000."
"C160","","REGRA_REGISTRO_OBRIGATORIO_15001_V1","obrigatoriedade","",""
"C160","","REGRA_EXISTE_COD_PART_V2","6","",""
"C165","","REGRA_REGISTRO_OBRIGATORIO_15001_V1","obrigatoriedade","",""
"C165","","REGRA_EXISTE_COD_PART_V2","6","",""
"C165","CPF","REGRA_DIGITO_CPF","1","",""
"C170","","REGRA_REGISTRO_OBRIGATORIO_15001_V1","obrigatoriedade","",""
"C170","","REGRA_EXISTE_COD_NAT_V2","6","",""
"C170","","REGRA_EXISTE_COD_ITEM_V2","6","",""
"C170","","REGRA_EXISTE_UNID_V2","6","",""
"C170","","REGRA_CFOP_C100","6","","CFOP inválido. Utilizar CFOP com primeiro caracter = 1, 2 ou 3, quando for operação de entrada, e CFOP com primeiro caracter = 5, 6 ou 7, quando for operação de saída."
"C170","","REGRA_CST_ICMS_CAMPOS_ICMS_C170","6","",""
"C170","","REGRA_CST_ICMS_CAMPOS_ST_COM_COD_SIT_C170","6","",""
"C170","","REGRA_CST_ICMS_CAMPOS_ICMS_C170_V3","2","",""
"C170","","REGRA_CST_ICMS_CAMPOS_ST_COM_COD_SIT_C170_V2","2","",""
"C170","","REGRA_ALIQ_ICMS_C170","6","","Se os dois últimos dígitos do CST_ICMS = 00, 10, 20, ou 70, preencher com valor maior que Zero o campo: ALIQ_ICMS."
"C170","","REGRA_VALIDA_CST_IPI","2","CFOP","Para as operações de entrada, CFOP iniciando por 1, 2 ou 3, o CST_IPI deve ser menor que 50. Para as operações de saída, CFOP iniciando por 5, 6 ou 7, o CST_IPI deve ser maior ou igual a 50."
"C170","","REGRA_MAIOR_ZERO_CONDICAO_COD_SIT","2","",""
"C170","","REGRA_COMPLEMENTO_NFE_EMITIDA_15001_V1_C176_C177_C180_C181","6","",""
"C170","","REGRA_VALIDA_UNID_CONVERSAO_17001_V1","6","",""
"C170","NUM_ITEM","REGRA_MAIOR_ZERO","1","","Valor informado deve ser maior que Zero."
"C170","VL_BC_ICMS","REGRA_VALIDA_CST_VL_BC_ICMS_C170","1","","Se o campo IND_OPER do registro C100 for igual a 0(zero) e se os dois últimos caracteres do CST_ICMS forem 02, 15, 53 ou 61, o campo VL_BC_ICMS deve ser igual a 0(zero)."
"C170","ALIQ_ICMS","REGRA_VALIDA_CST_ALIQ_ICMS_C170","1","","Se o campo IND_OPER do registro C100 for igual a 0(zero) e se os dois últimos caracteres do CST_ICMS forem 02 ou 15, o campo ALIQ_ICMS deve ser maior que 0 (zero). Se os dois últimos caracteres do CST_ICMS forem 53, o campo ALIQ_ICMS poderá ser maior ou igual a 0 (zero). Se os dois últimos caracteres do CST_ICMS forem 61, o campo ALIQ_ICMS deverá ser igual a 0 (zero).) - ADVERTÊNCIA"
"C170","ALIQ_ICMS","REGRA_ALIQ_MENOR_1000","1","","O valor informado para o campo deverá ser menor ou igual a 999."
"C170","VL_BC_ICMS_ST","REGRA_VALIDA_CST_VL_BC_ICMS_ST_C170","1","","Se o campo IND_OPER do registro C100 for igual a 0(zero) e se os dois últimos caracteres do CST_ICMS forem 02, 15, 53 ou 61, o campo VL_BC_ICMS_ST deve ser igual a 0(zero)."
"C170","ALIQ_ST","REGRA_VALIDA_CST_ALIQ_ST_C170","1","","Se o campo IND_OPER do registro C100 for igual a 0(zero) e se os dois últimos caracteres do CST_ICMS forem 02, ou 61, o campo ALIQ_ST deve ser igual a 0(zero). Se os dois últimos caracteres do CST_ICMS forem 15, o campo ALIQ_ST deve ser maior que 0(zero). E se os forem 53, o campo ALIQ_ST deverá ser maior ou igual a zero."
"C170","ALIQ_ST","REGRA_ALIQ_MENOR_1000","1","","O valor informado para o campo deverá ser menor ou igual a 999."
"C170","ALIQ_IPI","REGRA_ALIQ_MENOR_1000","1","","O valor informado para o campo deverá ser menor ou igual a 999."
"C170","ALIQ_PIS_PERC","REGRA_ALIQ_MENOR_1000","1","","O valor informado para o campo deverá ser menor ou igual a 999."
"C170","ALIQ_COFINS_PERC","REGRA_ALIQ_MENOR_1000","1","","O valor informado para o campo deverá ser menor ou igual a 999."
"C171","","REGRA_REGISTRO_OBRIGATORIO_15001_V1","obrigatoriedade","",""
"C171","QTDE","REGRA_MAIOR_ZERO","1","","Valor informado deve ser maior que Zero."
"C172","","REGRA_REGISTRO_OBRIGATORIO_15001_V1","obrigatoriedade","",""
"C172","ALIQ_ISSQN","REGRA_ALIQ_MENOR_1000","1","","O valor informado para o campo deverá ser menor ou igual a 999."
"C173","DT_FAB","REGRA_DATA_VALIDA_A4E5V1","0","",""
"C173","DT_FAB","REGRA_DATA_MINIMA_DOC_FISCAL","1","","A data deverá ser maior ou igual a 01/01/2000."
"C173","DT_VAL","REGRA_DATA_VALIDA_A4E5V1","0","",""
"C173","DT_VAL","REGRA_DATA_MINIMA_DOC_FISCAL","1","","A data deverá ser maior ou igual a 01/01/2000."
"C173","VL_TAB_MAX","REGRA_MAIOR_ZERO","1","","Valor informado deve ser maior que Zero."
"C174","","REGRA_REGISTRO_OBRIGATORIO_15001_V1","obrigatoriedade","",""
"C175","CNPJ","REGRA_OBRIGATORIO_CNPJ","2","IND_VEIC_OPER","Obrigatório, se o Indicador do tipo da operação com veículo for = 1 (Faturamento direto)."
"C175","CNPJ","REGRA_DIGITO_CNPJ","1","",""
"C176","","REGRA_REGISTRO_OBRIGATORIO_15001_V1","obrigatoriedade","",""
"C176","","REGRA_EXISTE_COD_PART_V2","6","",""
"C176","CHAVE_NFE_ULT_E","REGRA_OBRIGATORIO_CHV_NFE_CTE_A13E1V2","2","COD_MOD_ULT_E;IND_EMIT",""
"C176","CHAVE_NFE_ULT_E","REGRA_PREENCHER_CHV_NFE_CTE_A13E1V2","2","COD_MOD_ULT_E",""
"C176","CHAVE_NFE_ULT_E","REGRA_COMPARA_NUM_DOC_NFE_CTE","2","NUM_DOC_ULT_E",""
"C176","CHAVE_NFE_ULT_E","REGRA_COMPARA_CODIGO_MODELO","2","","O modelo da chave do documento eletrônico não confere com o modelo do documento."
"C176","","REGRA_DATA_MENOR_IGUAL_DT_DOC_C100_C176","6","",""
"C176","","REGRA_DOC_C176","6","","O documento informado no registro C176 deverá ser diferente do documento informado no registro C100 (Pai)."
"C176","","REGRA_COMPARA_CNPJ_NFE_PARTICIPANTE_CHAVE_NFE_ULT_E_V3","6","","O CNPJ/CPF da chave do documento eletrônico relativo à última entrada não confere com o CNPJ/CPF do participante informado relativo à última entrada."
"C176","","REGRA_COMPARA_CNPJ_NFE_PARTICIPANTE_CHAVE_NFE_RET_12001_V1","6","","O CNPJ/CPF da chave do documento eletrônico em que houve a retenção não confere com o CNPJ/CPF do participante informado em que houve a retenção do ICMS ST."
"C176","NUM_DOC_ULT_E","REGRA_MAIOR_ZERO","1","","Valor informado deve ser maior que Zero."
"C176","DT_ULT_E","REGRA_DATA_VALIDA_A4E5V1","0","",""
"C176","QUANT_ULT_E","REGRA_MAIOR_ZERO","1","","Valor informado deve ser maior que Zero."
"C176","VL_UNIT_ULT_E","REGRA_MAIOR_ZERO","1","","Valor informado deve ser maior que Zero."
"C176","VL_UNIT_BC_ST","REGRA_MAIOR_ZERO","1","","Valor informado deve ser maior que Zero."
"C176","CHAVE_NFE_ULT_E","REGRA_VALIDA_CHV_NFE_CTE","1","",""
"C176","NUM_ITEM_ULT_E","REGRA_MAIOR_ZERO","1","","Valor informado deve ser maior que Zero."
"C176","VL_UNIT_LIMITE_BC_ICMS_ULT_E","REGRA_VALIDA_VL_UNIT_LIMITE_BC_ULT_E_V3","1","VL_UNIT_BC_ST;VL_UNIT_BC_ICMS_ULT_E",""
"C176","VL_UNIT_ICMS_ULT_E","REGRA_VALIDA_UNIT_ICMS_ULT_E","1","ALIQ_ICMS_ULT_E;VL_UNIT_LIMITE_BC_ICMS_ULT_E",""
"C176","ALIQ_ST_ULT_E","REGRA_MAIOR_ZERO","1","","Valor informado deve ser maior que Zero."
"C176","VL_UNIT_RES","REGRA_VALIDA_VL_UNIT_RES","1","ALIQ_ST_ULT_E;VL_UNIT_BC_ST;VL_UNIT_ICMS_ULT_E","O valor informado deve a multiplicação dos campos VL_UNIT_BC_ST e ALIQ_ST_ULT_E, subtraindo, deste resultado, o campo VL_UNIT_ICMS_ULT_E."
"C176","CHAVE_NFE_RET","REGRA_SOMENTE_PREENCHER_COD_RESP_RET","1","COD_RESP_RET","Este campo somente pode ser informado quando COD_RESP_RET for igual a 2."
"C176","CHAVE_NFE_RET","REGRA_NAO_INFORMAR_SE_CHV","1","COD_PART_NFE_RET;SER_NFE_RET;NUM_NFE_RET","Os campos COD_PART_NFE_RET, SER_NFE_RET e NUM_NFE_RET não podem ser informados quando CHAVE_NFE_RET for preenchido.."
"C176","CHAVE_NFE_RET","REGRA_VALIDA_CHV_NFE_CTE","1","",""
"C176","COD_PART_NFE_RET","REGRA_SOMENTE_PREENCHER_COD_RESP_RET","1","COD_RESP_RET","Este campo somente pode ser informado quando COD_RESP_RET for igual a 2."
"C176","SER_NFE_RET","REGRA_OBRIGATORIO_SE_COD_PART_NFE_RET","1","COD_PART_NFE_RET",""
"C176","NUM_NFE_RET","REGRA_OBRIGATORIO_SE_COD_PART_NFE_RET","1","COD_PART_NFE_RET",""
"C176","ITEM_NFE_RET","REGRA_OBRIGATORIO_ITEM_NFE_RET","1","CHAVE_NFE_RET;COD_PART_NFE_RET","Campo obrigatório se o campo CHAVE_NFE_RET ou COD_PART_RET estiver preenchido."
"C177","","REGRA_REGISTRO_OBRIGATORIO_15001_V1","obrigatoriedade","",""
"C178","","REGRA_REGISTRO_OBRIGATORIO_15001_V1","obrigatoriedade","",""
"C179","","REGRA_REGISTRO_OBRIGATORIO_15001_V1","obrigatoriedade","",""
"C180","","REGRA_REGISTRO_OBRIGATORIO_15001_V1","obrigatoriedade","",""
"C180","","REGRA_EXISTE_UNID_V2","6","",""
"C180","","REGRA_NAO_INFORMAR_REGISTRO_C180","6","",""
"C180","","REGRA_UNID_DIF_0200","6","","A unidade utilizada no registro é diferente da unidade cadastrada no item. Obrigatório informar registro de conversão (0220)."
"C180","QUANT_CONV","REGRA_MAIOR_ZERO","1","","Valor informado deve ser maior que Zero."
"C181","","REGRA_REGISTRO_OBRIGATORIO_15001_V1","obrigatoriedade","",""
"C181","","REGRA_CHAVE_REGISTRO_C181_COD_MOD_SAIDA","6","",""
"C181","","REGRA_OBRIGATORIO_1255_POR_COD_MOT_REST_COMPL","6","",""
"C181","","REGRA_UNID_DIF_0200","6","","A unidade utilizada no registro é diferente da unidade cadastrada no item. Obrigatório informar registro de conversão (0220)."
"C181","","REGRA_EXISTE_COD_MOD","3","","Modelo inválido. Utilizar código da ""Tabela de Documentos Fiscais do ICMS""."
"C181","","REGRA_EXISTE_UNID_V2","6","",""
"C181","","REGRA_PREENCHIMENTO_E_OBRIGACAO_POR_COD_MOD_SAIDA_C181","2","",""
"C181","COD_MOT_REST_COMPL","REGRA_VALIDA_COD_MOT_RESP_COMPL_5","1","",""
"C181","QUANT_CONV","REGRA_MAIOR_ZERO","1","","Valor informado deve ser maior que Zero."
"C181","CHV_DFE_SAIDA","REGRA_VALIDA_CHV_NFE_CTE","1","",""
"C181","DT_DOC_SAIDA","REGRA_DATA_VALIDA_A4E5V1","0","",""
"C181","DT_DOC_SAIDA","REGRA_DATA_MINIMA_DOC_FISCAL","1","","A data deverá ser maior ou igual a 01/01/2000."
"C181","DT_DOC_SAIDA","REGRA_DATA_MENOR_IGUAL_DT_FIN_0000","1","","Data inválida. Informar data menor ou igual à data final do ""Registro 0000""."
"C181","VL_UNIT_ICMS_ST_CONV_REST","REGRA_CALCULA_VL_UNIT_ICMS_ST_CONV_REST","1","",""
"C181","VL_UNIT_ICMS_ST_CONV_COMPL","REGRA_CALCULA_VL_UNIT_ICMS_ST_CONV_COMPL","1","",""
"C185","","REGRA_REGISTRO_OBRIGATORIO_15001_V1","obrigatoriedade","",""
"C185","","REGRA_OBRIGATORIO_1255_POR_COD_MOT_REST_COMPL","6","",""
"C185","","REGRA_UNID_DIF_0200","6","","A unidade utilizada no registro é diferente da unidade cadastrada no item. Obrigatório informar registro de conversão (0220)."
"C185","","REGRA_EXISTE_COD_ITEM_V2","6","",""
"C185","","REGRA_EXISTE_UNID_V2","6","",""
"C185","CFOP","REGRA_CFOP_SAIDA_AMPLO","2","","CFOP inválido. Utilizar CFOP com primeiro caracter = 5, 6 ou 7."
"C185","","REGRA_NAO_INFORMAR_REGISTRO_C185","6","",""
"C185","COD_MOT_REST_COMPL","REGRA_VALIDA_COD_MOT_RESP_COMPL_0","1","",""
"C185","QUANT_CONV","REGRA_MAIOR_ZERO","1","","Valor informado deve ser maior que Zero."
"C185","VL_UNIT_ICMS_ST_CONV_REST","REGRA_VALIDA_VL_UNIT_ICMS_ST_CONV_REST_C185_V2","1","",""
"C185","VL_UNIT_ICMS_ST_CONV_COMPL","REGRA_VALIDA_VL_UNIT_ICMS_ST_CONV_COMPL_C185_19001_V1","1","",""
"C186","","REGRA_REGISTRO_OBRIGATORIO_15001_V1","obrigatoriedade","",""
"C186","","REGRA_PREENCHIMENTO_E_OBRIGACAO_POR_COD_MOD_ENTRADA_C186","2","",""
"C186","","REGRA_CHAVE_REGISTRO_C186_COD_MOD_ENTRADA","6","",""
"C186","","REGRA_EXISTE_COD_ITEM_V2","6","",""
"C186","COD_MOT_REST_COMPL","REGRA_VALIDA_COD_MOT_RESP_COMPL_4","1","",""
"C186","QUANT_CONV","REGRA_MAIOR_ZERO","1","","Valor informado deve ser maior que Zero."
"C186","CHV_DFE_ENTRADA","REGRA_VALIDA_CHV_NFE_CTE","1","",""
"C186","DT_DOC_ENTRADA","REGRA_DATA_MINIMA_DOC_FISCAL","1","","A data deverá ser maior ou igual a 01/01/2000."
"C186","DT_DOC_ENTRADA","REGRA_DATA_MENOR_IGUAL_DT_FIN_0000","1","","Data inválida. Informar data menor ou igual à data final do ""Registro 0000""."
"C186","DT_DOC_ENTRADA","REGRA_DATA_VALIDA_A4E5V1","0","",""
"C190","","REGRA_EXISTE_COD_OBS_V2","6","",""
"C190","","REGRA_CFOP_C100","6","","CFOP inválido. Utilizar CFOP com primeiro caracter = 1, 2 ou 3, quando for operação de entrada, e CFOP com primeiro caracter = 5, 6 ou 7, quando for operação de saída."
"C190","","REGRA_VL_ICMS_NO_REGISTRO_ITEM","6","","Campo inválido. O valor do ICMS deve ser igual à soma dos valores de ICMS dos respectivos registros de itens para a combinação CST_ICMS+CFOP+ALIQ_ICMS."
"C190","","REGRA_VL_ICMS_ST_NO_REGISTRO_ITEM","6","","Campo inválido. O valor do ICMS deve ser igual à soma dos valores de ICMS dos respectivos registros de itens para a combinação CST_ICMS+CFOP+ALIQ_ST."
"C190","","REGRA_VL_BC_ICMS_NO_REGISTRO_ITEM","6","","Campo inválido. A base de cálculo do ICMS deve ser igual à soma das bases de cálculos dos respectivos registros de itens para a combinação CST_ICMS+CFOP+ALIQ_ICMS."
"C190","","REGRA_VL_BC_ICMS_ST_NO_REGISTRO_ITEM","6","","Campo inválido. A base de cálculo do ICMS_ST deve ser igual à soma das bases de cálculos dos respectivos registros de itens para a combinação CST_ICMS+CFOP+ALIQ_ICMS_ST."
"C190","","REGRA_CHAVE_EXISTE_NO_REGISTRO_ITEM_A8E1V1","6","",""
"C190","","REGRA_CST_ICMS_RED_BC_COM_COD_SIT_C190","6","",""
"C190","","REGRA_CST_ICMS_CAMPOS_ICMS_C190","2","","Para as operações de saída, IND_OPER igual a 1; se os dois últimos dígitos do campo CST_ICMS forem iguais a 02 ou 15, então o valor do campo VL_ICMS deve ser zero e o valor do campo ALIQ_ICMS deverá ser maior que 0 (zero); se os dois últimos dígitos do campo CST_ICMS forem iguais a 53, então o valor do campo ALIQ_ICMS deverá ser maior que 0 (zero); se os dois últimos dígitos do campo CST_ICMS forem iguais a 61, então os valores dos campos ALIQ_ICMS e VL_ICMS deverão ser iguais a 0 (zero).##MSG_CST_ICMS_CAMPOS_ICMS_C190_RESUMO"
"C190","","REGRA_CFOP_NFCE","6","","CFOP inválido. O primeiro caractere do CFOP deve ser igual a '5'."
"C190","ALIQ_ICMS","REGRA_ALIQ_MENOR_1000","1","","O valor informado para o campo deverá ser menor ou igual a 999."
"C190","VL_BC_ICMS","REGRA_VALIDA_CST_VL_BC_ICMS_C190","1","","Para as operações com CST 02, 15, 53 ou 61, o valor deve ser 0 (zero)."
"C190","VL_BC_ICMS_ST","REGRA_VALIDA_CST_VL_BC_ICMS_ST_C190","1","","Para as operações com CST 02, 15, 53 ou 61, o valor deve ser 0 (zero)."
"C190","VL_ICMS_ST","REGRA_VALIDA_CST_VL_ICMS_ST_C190","1","","Nas operações de saída, campo 03 (CFOP) iniciado em 5, 6 ou 7, se o valor do campo 02 (CST_ICMS) for  61, o valor constante neste campo deve ser zero."
"C191","","REGRA_OBRIGATORIO_VALOR_C191","2","","Para que o registro seja informado, pelo menos um dos campos VL_FCP_OP, VL_FCP_ST ou VL_FCP_RET deve ser informado"
"C191","","REGRA_PREENCHER_VL_FCP_OP","6","","O campo somente pode ser preenchido se o campo CST_ICMS do seu registro pai C190 possuir valor igual x00, x10, x20, x51, x70 ou x90"
"C191","","REGRA_PREENCHER_VL_FCP_ST","6","","O campo somente pode ser preenchido se o campo CST_ICMS do seu registro pai C190 possuir valor igual x10, x30, x70, x90, 201, 202, 203 ou 900"
"C191","","REGRA_PREENCHER_VL_FCP_RET","6","","O campo somente pode ser preenchido se o campo CST_ICMS do seu registro pai C190 possuir valor igual x60 ou 500."
"C191","","REGRA_VALORES_FCP_C191","6","",""
"C195","","REGRA_EXISTE_COD_OBS_V2","6","",""
"C197","","REGRA_EXISTE_COD_ITEM_V2","6","",""
"C197","","REGRA_ITEM_INFORMADO_13001_V1","6","",""
"C197","VL_BC_ICMS","REGRA_VL_C197","2","ALIQ_ICMS;VL_ICMS;VL_OUTROS","Se preenchido este registro, pelo menos um dos campos: VL_BC_ICMS, ALIQ_ICMS, VL_ICMS, VL_OUTROS deve ser maior que ZERO."
"C197","ALIQ_ICMS","REGRA_ALIQ_MENOR_1000","1","","O valor informado para o campo deverá ser menor ou igual a 999."
"C300","","REGRA_REGISTRO_OBRIGATORIO_15001_V1","obrigatoriedade","",""
"C300","","REGRA_REGISTRO_OBRIGATORIO_C320","6","",""
"C300","","REGRA_DUPLICIDADE_NO_REGISTRO_C300_A9E1V1","6","",""
"C300","DT_DOC","REGRA_DATA_MENOR_IGUAL_DT_FIN_0000_DT_DOC","2","",""
"C300","","REGRA_VL_DOC_C300","6","","O valor total dos documentos (VL_DOC do Registro C300) deve ser igual à soma do valor acumulado do item (VL_ITEM) dos Registros C321."
"C300","NUM_DOC_FIN","REGRA_NUMDOC","2","NUM_DOC_INI","Número inválido. O número do documento final deve ser maior ou igual ao número do documento inicial."
"C300","NUM_DOC_INI","REGRA_MAIOR_ZERO","1","","Valor informado deve ser maior que Zero."
"C300","NUM_DOC_FIN","REGRA_MAIOR_ZERO","1","","Valor informado deve ser maior que Zero."
"C300","DT_DOC","REGRA_DATA_VALIDA_A4E5V1","0","",""
"C300","DT_DOC","REGRA_DATA_MINIMA_DOC_FISCAL","1","","A data deverá ser maior ou igual a 01/01/2000."
"C300","VL_DOC","REGRA_VL_DOC_GRANDE","1","","Atenção! Valor informado superior a 200.000.000,00. Verifique se a informação está correta."
"C310","","REGRA_NUM_DOC_CANC_INTERVALO","6","","Número inválido. O número do documento cancelado deve estar contido dentro do intervalo informado no Registro {0}.##MSG_NUM_DOC_CANC_INTERVALO_RESUMO"
"C320","","REGRA_EXISTE_COD_OBS_V2","6","",""
"C320","","REGRA_VL_BC_ICMS_C320","6","","A base de cálculo do ICMS (VL_BC_ICMS do Registro C320) deve ser igual à soma do valor acumulado da base de cálculo do ICMS (VL_BC_ICMS) do Registro C321."
"C320","","REGRA_VL_ICMS_C320","6","","O ICMS (VL_ICMS do Registro C320) deve ser igual à soma do valor acumulado do ICMS debitado (VL_ICMS) do Registro C321."
"C320","CFOP","REGRA_CFOP_SAIDA","2","","CFOP inválido. Utilizar CFOP com primeiro caracter = 5."
"C320","CST_ICMS","REGRA_CST_ICMS_CAMPOS_ICMS","2","VL_BC_ICMS;ALIQ_ICMS;VL_ICMS","Se os dois últimos dígitos do CST_ICMS = 30, 40, 41, 50 ou 60 , preencher com Zero ou Vazio os campos: VL_BC_ICMS, ALIQ_ICMS e VL_ICMS; caso contrário, os campos ALIQ_ICMS e VL_ICMS devem ser maiores que zero se VL_BC_ICMS for maior que um. Se os dois últimos dígitos do CST_ICMS = 20, 51 ou 90 , os campos podem ser iguais ou maiores que zero."
"C320","VL_RED_BC","REGRA_CST_ICMS_RED_BC","2","CST_ICMS","O valor do campo deve ser maior que zero, se os dois últimos dígitos do CST_ICMS = 20 ou 70."
"C320","ALIQ_ICMS","REGRA_ALIQ_MENOR_1000","1","","O valor informado para o campo deverá ser menor ou igual a 999."
"C321","","REGRA_REGISTRO_OBRIGATORIO_15001_V1","obrigatoriedade","",""
"C321","","REGRA_EXISTE_COD_ITEM_V2","6","",""
"C321","","REGRA_EXISTE_UNID_V2","6","",""
"C321","QTD","REGRA_MAIOR_ZERO","1","","Valor informado deve ser maior que Zero."
"C321","VL_ITEM","REGRA_MAIOR_ZERO","1","","Valor informado deve ser maior que Zero."
"C330","","REGRA_REGISTRO_OBRIGATORIO_15001_V1","obrigatoriedade","",""
"C330","","REGRA_OBRIGATORIO_1255_POR_COD_MOT_REST_COMPL","6","",""
"C330","","REGRA_EXISTE_UNID_V2","6","",""
"C330","","REGRA_UNID_DIF_0200","6","","A unidade utilizada no registro é diferente da unidade cadastrada no item. Obrigatório informar registro de conversão (0220)."
"C330","COD_MOT_REST_COMPL","REGRA_VALIDA_COD_MOT_RESP_COMPL_0","1","",""
"C330","QUANT_CONV","REGRA_MAIOR_ZERO","1","","Valor informado deve ser maior que Zero."
"C330","VL_UNIT_ICMS_ST_CONV_REST","REGRA_VALIDA_VL_UNIT_ICMS_ST_CONV_REST","1","",""
"C330","VL_UNIT_ICMS_ST_CONV_COMPL","REGRA_VALIDA_VL_UNIT_ICMS_ST_CONV_COMPL","1","",""
"C350","","REGRA_REGISTRO_OBRIGATORIO_15001_V1","obrigatoriedade","",""
"C350","DT_DOC","REGRA_DATA_MENOR_IGUAL_DT_FIN_0000_DT_DOC","2","",""
"C350","NUM_DOC","REGRA_MAIOR_ZERO","1","","Valor informado deve ser maior que Zero."
"C350","DT_DOC","REGRA_DATA_VALIDA_A4E5V1","0","",""
"C350","CNPJ_CPF","REGRA_VALIDA_CPF_CNPJ_CAMPO_V2","1","",""
"C350","VL_DOC","REGRA_VL_DOC_GRANDE","1","","Atenção! Valor informado superior a 200.000.000,00. Verifique se a informação está correta."
"C370","","REGRA_EXISTE_COD_ITEM_V2","6","",""
"C370","","REGRA_EXISTE_UNID_V2","6","",""
"C370","","REGRA_NUM_ITEM_SEQ_C370","6","",""
"C370","","REGRA_COERENCIA_CFOP_C380","6","",""
"C370","NUM_ITEM","REGRA_MAIOR_ZERO","1","","Valor informado deve ser maior que Zero."
"C370","VL_ITEM","REGRA_MAIOR_IGUAL_ZERO","1","","Valor informado deve ser maior ou igual a Zero."
"C380","","REGRA_REGISTRO_OBRIGATORIO_15001_V1","obrigatoriedade","",""
"C380","","REGRA_OBRIGATORIO_1255_POR_COD_MOT_REST_COMPL","6","",""
"C380","","REGRA_EXISTE_UNID_V2","6","",""
"C380","","REGRA_UNID_DIF_0200","6","","A unidade utilizada no registro é diferente da unidade cadastrada no item. Obrigatório informar registro de conversão (0220)."
"C380","CFOP","REGRA_CFOP_SAIDA_AMPLO","2","","CFOP inválido. Utilizar CFOP com primeiro caracter = 5, 6 ou 7."
"C380","COD_MOT_REST_COMPL","REGRA_VALIDA_COD_MOT_RESP_COMPL_0","1","",""
"C380","QUANT_CONV","REGRA_MAIOR_ZERO","1","","Valor informado deve ser maior que Zero."
"C380","VL_UNIT_ICMS_ST_CONV_REST","REGRA_VALIDA_VL_UNIT_ICMS_ST_CONV_REST","1","",""
"C380","VL_UNIT_ICMS_ST_CONV_COMPL","REGRA_VALIDA_VL_UNIT_ICMS_ST_CONV_COMPL","1","",""
"C390","","REGRA_EXISTE_COD_OBS_V2","6","",""
"C390","CST_ICMS","REGRA_CST_ICMS_CAMPOS_ICMS","2","VL_BC_ICMS;ALIQ_ICMS;VL_ICMS","Se os dois últimos dígitos do CST_ICMS = 30, 40, 41, 50 ou 60 , preencher com Zero ou Vazio os campos: VL_BC_ICMS, ALIQ_ICMS e VL_ICMS; caso contrário, os campos ALIQ_ICMS e VL_ICMS devem ser maiores que zero se VL_BC_ICMS for maior que um. Se os dois últimos dígitos do CST_ICMS = 20, 51 ou 90 , os campos podem ser iguais ou maiores que zero."
"C390","CFOP","REGRA_CFOP_SAIDA","2","","CFOP inválido. Utilizar CFOP com primeiro caracter = 5."
"C390","ALIQ_ICMS","REGRA_ALIQ_MENOR_1000","1","","O valor informado para o campo deverá ser menor ou igual a 999."
"C400","","REGRA_REGISTRO_OBRIGATORIO_15001_V1","obrigatoriedade","",""
"C405","DT_DOC","REGRA_DATA_MENOR_IGUAL_DT_FIN_0000_DT_DOC","2","",""
"C405","","REGRA_VENDA_BRUTA_A4_E5_V2","6","",""
"C405","GT_FIN","REGRA_GRANDE_TOTAL_FINAL","2","VL_BRT","O Grande Total Final deve ser maior ou igual ao valor da venda bruta."
"C405","","REGRA_OBRIGATORIO_C490_V2","6","",""
"C405","","REGRA_VALIDA_CUPOM_FISCAL_CANCELADO","6","","Para cupom fiscal cancelado é obrigatório a existência de pelo menos um registro C420 com o campo COD_TOT_PAR igual a ""Can-T"", ""Can-S"" ou ""Can-O""."
"C405","DT_DOC","REGRA_DATA_VALIDA_A4E5V1","0","",""
"C405","DT_DOC","REGRA_DATA_MINIMA_DOC_FISCAL","1","","A data deverá ser maior ou igual a 01/01/2000."
"C405","CRO","REGRA_MAIOR_ZERO","1","","Valor informado deve ser maior que Zero."
"C405","CRZ","REGRA_MAIOR_ZERO","1","","Valor informado deve ser maior que Zero."
"C405","NUM_COO_FIN","REGRA_MAIOR_ZERO","1","","Valor informado deve ser maior que Zero."
"C410","","REGRA_REGISTRO_OBRIGATORIO_15001_V1","obrigatoriedade","",""
"C420","","REGRA_REGISTRO_OBRIGATORIO_C425_A8E1V1","6","",""
"C420","","REGRA_VL_ITEM_C425","6","","O valor acumulado no totalizador, relativo à respectiva Redução Z (VLR_ACUM_TOT do Registro C420) deve ser igual à soma do valor acumulado do item (VL_ITEM) dos Registros C425."
"C420","NR_TOT","REGRA_NR_TOT_A003E001V4","2","COD_TOT_PAR",""
"C420","DESCR_NR_TOT","REGRA_DESCR_NR_TOT","2","NR_TOT","Campo DESCR_NR_TOT não pode ser preenchido, quando o campo NR_TOT não for preenchido."
"C420","","REGRA_VLR_TOTALIZADOR","6","","A soma dos valores acumulados nos totalizadores (C420) de mesma carga tributária deverá ser igual à soma dos registros analíticos (C490). Verifique o valor de cada totalizador."
"C420","COD_TOT_PAR","REGRA_EXISTE_COD_TOT_PAR","1","","Código inválido. Utilizar código da ""Tabela de Códigos dos Totalizadores Parciais da Redução Z""."
"C425","","REGRA_REGISTRO_OBRIGATORIO_15001_V1","obrigatoriedade","",""
"C425","","REGRA_EXISTE_COD_ITEM_V2","6","",""
"C425","","REGRA_EXISTE_UNID_V2","6","",""
"C425","","REGRA_NAO_INFORMAR_C425","6","","O registro C425 não pode ser informado caso o seu registro pai C420 possuir o campo COD_TOT_PART igual a ""OPNF"", ""Can-T"", ""Can-S"" ou ""Can-O""."
"C425","","REGRA_COERENCIA_CFOP_C430","6","",""
"C425","","REGRA_VALIDA_UNID_CONVERSAO_17001_V1","6","",""
"C425","QTD","REGRA_MAIOR_ZERO","1","","Valor informado deve ser maior que Zero."
"C425","VL_ITEM","REGRA_MAIOR_ZERO","1","","Valor informado deve ser maior que Zero."
"C430","","REGRA_REGISTRO_OBRIGATORIO_15001_V1","obrigatoriedade","",""
"C430","","REGRA_OBRIGATORIO_1255_POR_COD_MOT_REST_COMPL","6","",""
"C430","","REGRA_UNID_DIF_0200","6","","A unidade utilizada no registro é diferente da unidade cadastrada no item. Obrigatório informar registro de conversão (0220)."
"C430","","REGRA_EXISTE_UNID_V2","6","",""
"C430","CFOP","REGRA_CFOP_SAIDA_AMPLO","2","","CFOP inválido. Utilizar CFOP com primeiro caracter = 5, 6 ou 7."
"C430","COD_MOT_REST_COMPL","REGRA_VALIDA_COD_MOT_RESP_COMPL_0","1","",""
"C430","QUANT_CONV","REGRA_MAIOR_ZERO","1","","Valor informado deve ser maior que Zero."
"C430","VL_UNIT_ICMS_ST_CONV_REST","REGRA_VALIDA_VL_UNIT_ICMS_ST_CONV_REST","1","",""
"C430","VL_UNIT_ICMS_ST_CONV_COMPL","REGRA_VALIDA_VL_UNIT_ICMS_ST_CONV_COMPL","1","",""
"C460","","REGRA_REGISTRO_OBRIGATORIO_C460_A8E1V1","obrigatoriedade","",""
"C460","","REGRA_VL_DOC_C470","6","","O valor total do documento (VL_DOC do Registro C460) deve ser maior ou igual à soma dos valores dos itens dos ""Registros C470""."
"C460","NUM_DOC","REGRA_MAIOR_ZERO","1","","Valor informado deve ser maior que Zero."
"C460","DT_DOC","REGRA_DATA_VALIDA_A4E5V1","0","",""
"C460","DT_DOC","REGRA_DATA_MINIMA_DOC_FISCAL","1","","A data deverá ser maior ou igual a 01/01/2000."
"C460","VL_DOC","REGRA_MAIOR_ZERO","1","","Valor informado deve ser maior que Zero."
"C460","VL_DOC","REGRA_VL_DOC_GRANDE","1","","Atenção! Valor informado superior a 200.000.000,00. Verifique se a informação está correta."
"C460","CPF_CNPJ","REGRA_VALIDA_CPF_CNPJ_CAMPO_V2","1","",""
"C465","CHV_CFE","REGRA_DIGITO_CHV_CFE_ECF","1","",""
"C465","NUM_CCF","REGRA_MAIOR_ZERO","1","","Valor informado deve ser maior que Zero."
"C470","","REGRA_EXISTE_COD_ITEM_V2","6","",""
"C470","","REGRA_EXISTE_UNID_V2","6","",""
"C470","QTD_CANC","REGRA_NR_CANC","2","QTD","Quantidade inválida. A quantidade de documentos cancelados deve ser menor ou igual à quantidade informada."
"C470","CFOP","REGRA_CFOP_SAIDA","2","","CFOP inválido. Utilizar CFOP com primeiro caracter = 5."
"C470","","REGRA_COERENCIA_CFOP_C480","6","",""
"C470","QTD","REGRA_MAIOR_ZERO","1","","Valor informado deve ser maior que Zero."
"C470","VL_ITEM","REGRA_MAIOR_ZERO","1","","Valor informado deve ser maior que Zero."
"C470","ALIQ_ICMS","REGRA_ALIQ_MENOR_1000","1","","O valor informado para o campo deverá ser menor ou igual a 999."
"C480","","REGRA_REGISTRO_OBRIGATORIO_15001_V1","obrigatoriedade","",""
"C480","","REGRA_OBRIGATORIO_1255_POR_COD_MOT_REST_COMPL","6","",""
"C480","","REGRA_UNID_DIF_0200","6","","A unidade utilizada no registro é diferente da unidade cadastrada no item. Obrigatório informar registro de conversão (0220)."
"C480","","REGRA_EXISTE_UNID_V2","6","",""
"C480","CFOP","REGRA_CFOP_SAIDA_AMPLO","2","","CFOP inválido. Utilizar CFOP com primeiro caracter = 5, 6 ou 7."
"C480","COD_MOT_REST_COMPL","REGRA_VALIDA_COD_MOT_RESP_COMPL_0","1","",""
"C480","QUANT_CONV","REGRA_MAIOR_ZERO","1","","Valor informado deve ser maior que Zero."
"C480","VL_UNIT_ICMS_ST_CONV_REST","REGRA_VALIDA_VL_UNIT_ICMS_ST_CONV_REST","1","",""
"C480","VL_UNIT_ICMS_ST_CONV_COMPL","REGRA_VALIDA_VL_UNIT_ICMS_ST_CONV_COMPL","1","",""
"C490","","REGRA_EXISTE_COD_OBS_V2","6","",""
"C490","","REGRA_NAO_INFORMAR_C490","6","","O registro C490 não pode ser informado."
"C490","","REGRA_VL_BC_ICMS_C470","6","","O valor (VL_BC_ICMS do Registro C490) deve ser igual à soma do valor do item (VL_ITEM) dos Registros C470, quando ALIQ_ICMS for maior que ZERO, exceto quando os 2 últimos caracteres do campo CST_ICMS forem iguais a ""20"", para a mesma combinação CST_ICMS+CFOP+ALIQ_ICMS."
"C490","","REGRA_ALIQ_C420_C490_2011_4004","6","","Quando a ALIQ_ICMS informada no Registro C490 for MAIOR QUE ZERO deverá existir um COD_TOT_PAR do Registro C420 no formato ""Tnnnn"" ou ""xxTnnnn"", onde ""nnnn"" é a alíquota."
"C490","CST_ICMS","REGRA_CST_ICMS_CAMPOS_ICMS","2","VL_BC_ICMS;ALIQ_ICMS;VL_ICMS","Se os dois últimos dígitos do CST_ICMS = 30, 40, 41, 50 ou 60 , preencher com Zero ou Vazio os campos: VL_BC_ICMS, ALIQ_ICMS e VL_ICMS; caso contrário, os campos ALIQ_ICMS e VL_ICMS devem ser maiores que zero se VL_BC_ICMS for maior que um. Se os dois últimos dígitos do CST_ICMS = 20, 51 ou 90 , os campos podem ser iguais ou maiores que zero."
"C490","","REGRA_CHAVE_EXISTE_NO_REGISTRO_ITEM_A8E1V1","6","",""
"C490","VL_ICMS","REGRA_VALIDA_CALCULO_VL_ICMS","2","VL_BC_ICMS;ALIQ_ICMS","O valor acumulado do ICMS informado está divergente do valor calculado pela multiplicação da alíquota pelo valor acumulado da base de cálculo do ICMS."
"C490","CFOP","REGRA_CFOP_SAIDA","2","","CFOP inválido. Utilizar CFOP com primeiro caracter = 5."
"C490","ALIQ_ICMS","REGRA_ALIQ_MENOR_1000","1","","O valor informado para o campo deverá ser menor ou igual a 999."
"C500","","REGRA_REGISTRO_OBRIGATORIO_C500","obrigatoriedade","",""
"C500","","REGRA_EXISTE_COD_INF_V2","6","",""
"C500","CHV_DOCE","REGRA_OBRIGATORIO_CHV_NFE_CTE_14001_V1","2","COD_MOD",""
"C500","CHV_DOCE","REGRA_PREENCHER_CHV_NFE_CTE_14001_V1","2","COD_MOD",""
"C500","CHV_DOCE","REGRA_VALIDA_CNPJ_NFE_14001_V1","2","",""
"C500","CHV_DOCE","REGRA_VALIDA_UF_NFE_CTE_V2","2","",""
"C500","","REGRA_VALIDA_SERIE_CHAVE","2","","O campo série que compõe a chave do documento fiscal eletrônico deverá ser igual ao campo Série informado no registro.##MSG_VALIDA_SERIE_CHAVE_RESUMO"
"C500","","REGRA_COMPARA_CNPJ_DOCE_PARTICIPANTE_C500","6","",""
"C500","CHV_DOCE","REGRA_COMPARA_NUM_DOC_NFE_CTE","2","NUM_DOC",""
"C500","CHV_DOCE","REGRA_COMPARA_CODIGO_MODELO","2","","O modelo da chave do documento eletrônico não confere com o modelo do documento."
"C500","MES_DOC_REF","REGRA_MES_ANO_VALIDO_MES_DOC_REF","2","",""
"C500","","REGRA_EXISTE_COD_PART_V2","6","",""
"C500","DT_DOC","REGRA_DATA_MENOR_IGUAL_DT_FIN_0000_DT_DOC","2","",""
"C500","","REGRA_VL_ICMS_ANALIT","6","","Valor inválido. A soma do campo VL_ICMS dos registros analíticos (C190, C590, C690, D190, D590 e D690) deve ser igual ao campo VL_ICMS do documento mestre dos registros (C100, C500, C600, D100, D500 e D600, respectivamente)."
"C500","","REGRA_VL_ICMS_ST_ANALIT","6","","Valor inválido. A soma do campo VL_ICMS_ST dos registros analíticos (C190, C590, C690, D190 e D690) deve ser igual ao campo VL_ICMS_ST do documento mestre dos registros (C100, C500, C600, D100 e D600, respectivamente)."
"C500","","REGRA_VL_BC_ICMS_ST_ANALIT","6","","Valor inválido. A soma do campo VL_BC_ICMS_ST dos registros analíticos (C190, C590, C690, D190 e D690) deve ser igual ao campo VL_BC_ICMS_ST do documento mestre dos registros (C100, C500, C600, D100 e D600, respectivamente)."
"C500","IND_EMIT","REGRA_IND_EMIT","2","IND_OPER","Documento fiscal emitido por terceiros deverá ter indicador de operação = Zero (entradas)."
"C500","","REGRA_COERENCIA_CFOP_C510","6","",""
"C500","DT_E_S","REGRA_DT_E_S_MAIOR_IGUAL_DT_DOC","2","DT_DOC","Data inválida. Informar data maior ou igual à data de emissão do documento fiscal."
"C500","COD_SIT","REGRA_DOCUMENTO_NORMAL_DT_ES","2","IND_OPER;DT_E_S;DT_DOC",""
"C500","COD_SIT","REGRA_DOCUMENTO_EXTEMPORANEO_DT_E_S","2","IND_OPER;DT_E_S;DT_DOC",""
"C500","TP_LIGACAO","REGRA_OBRIGATORIO_ENERGIA_ELETRICA_TP_LIGACAO","2","IND_OPER;COD_MOD",""
"C500","COD_GRUPO_TENSAO","REGRA_OBRIGATORIO_ENERGIA_ELETRICA_COD_GRUPO_TENSAO","2","IND_OPER;COD_MOD",""
"C500","COD_SIT","REGRA_CANCELA_DOC_TERCEIRO","2","IND_EMIT;IND_OPER","Não é permitido o cancelamento de documentos fiscais emitidos por terceiros."
"C500","COD_MOD_DOC_REF","REGRA_OBRIGATORIO_DADOS_DOC_REF","2","HASH_DOC_REF;SER_DOC_REF;NUM_DOC_REF;MES_DOC_REF","Se o campo COD_MOD_DOC_REF for igual a ""06"", então é obrigatório o preenchimento do campo HASH_DOC_REF ou dos campos  SER_DOC_REF, NUM_DOC_REF e MES_DOC_REF."
"C500","HASH_DOC_REF","REGRA_EXCLUSIVO_DADOS_DOC_REF","2","SER_DOC_REF;NUM_DOC_REF;MES_DOC_REF","Se o campo HASH_DOC_REF estiver preenchido, então os campos SER_DOC_REF, NUM_DOC_REF e MES_DOC_REF devem estar obrigatoriamente vazios."
"C500","","REGRA_EXISTE_COD_MOD","3","","Modelo inválido. Utilizar código da ""Tabela de Documentos Fiscais do ICMS""."
"C500","COD_PART","REGRA_OBRIGATORIO_COD_PART_C500_V2","1","IND_OPER;COD_MOD;IND_DEST",""
"C500","COD_PART","REGRA_NAO_INFORMAR_COD_PART_C500","1","IND_OPER;COD_MOD;IND_DEST","O campo COD_PART não pode ser informado para NF3E com indicador do destinatário (Campo 31 desse registro) diferente de 1."
"C500","NUM_DOC","REGRA_MAIOR_ZERO","1","","Valor informado deve ser maior que Zero."
"C500","DT_DOC","REGRA_DATA_VALIDA_A4E5V1","0","",""
"C500","DT_DOC","REGRA_DATA_MINIMA_DOC_FISCAL","1","","A data deverá ser maior ou igual a 01/01/2000."
"C500","DT_E_S","REGRA_DATA_VALIDA_A4E5V1","0","",""
"C500","DT_E_S","REGRA_DATA_MINIMA_DOC_FISCAL","1","","A data deverá ser maior ou igual a 01/01/2000."
"C500","VL_DOC","REGRA_VL_DOC_GRANDE","1","","Atenção! Valor informado superior a 200.000.000,00. Verifique se a informação está correta."
"C500","CHV_DOCE","REGRA_VALIDA_CHV_NFE_CTE","1","",""
"C500","FIN_DOCE","REGRA_OBRIGATORIO_FIN_DOCE_V2","1","COD_MOD",""
"C500","FIN_DOCE","REGRA_NAO_INFORMAR_FIN_DOCE","1","COD_MOD","Não informar para documentos não eletrônicos."
"C500","CHV_DOCE_REF","REGRA_OBRIGATORIO_CHV_DOCE_REF_V3","1","FIN_DOCE;COD_MOD_DOC_REF",""
"C500","CHV_DOCE_REF","REGRA_NAO_PREENCHER_CHV_DOCE_REF_V2","1","FIN_DOCE;COD_MOD_DOC_REF",""
"C500","CHV_DOCE_REF","REGRA_VALIDA_CHV_NFE_CTE","1","",""
"C500","COD_MOD_DOC_REF","REGRA_NAO_INFORMAR_COD_MOD_REF","1","FIN_DOCE","Campo só pode ser informado se finalidade for de substituição (FIN_DOCe = 2)."
"C500","COD_MOD_DOC_REF","REGRA_OBRIGATORIO_COD_MOD_REF","1","FIN_DOCE","Obrigatório, se finalidade for de substituição."
"C500","HASH_DOC_REF","REGRA_NAO_INFORMAR_CAMPO_DOC_REF","1","COD_MOD_DOC_REF",""
"C500","SER_DOC_REF","REGRA_NAO_INFORMAR_CAMPO_DOC_REF","1","COD_MOD_DOC_REF",""
"C500","NUM_DOC_REF","REGRA_NAO_INFORMAR_CAMPO_DOC_REF","1","COD_MOD_DOC_REF",""
"C500","NUM_DOC_REF","REGRA_MAIOR_ZERO","1","","Valor informado deve ser maior que Zero."
"C500","MES_DOC_REF","REGRA_NAO_INFORMAR_CAMPO_DOC_REF","1","COD_MOD_DOC_REF",""
"C510","","REGRA_REGISTRO_OBRIGATORIO_C510_14001_V1","obrigatoriedade","",""
"C510","","REGRA_REGISTRO_OBRIGATORIO_C510_14001_V1","obrigatoriedade","",""
"C510","","REGRA_EXISTE_COD_ITEM_V2","6","",""
"C510","","REGRA_EXISTE_UNID_V2","6","",""
"C510","","REGRA_EXISTE_COD_PART_V2","6","",""
"C510","","REGRA_CFOP_C500","6","","CFOP inválido. Utilizar CFOP com primeiro caracter = 1, 2 ou 3, quando for operação de entrada, e CFOP com primeiro caracter = 5, 6 ou 7, quando for operação de saída."
"C510","","REGRA_CST_ICMS_CAMPOS_ICMS_C510","6","",""
"C510","","REGRA_CST_ICMS_CAMPOS_ST_COM_COD_SIT_C510","6","",""
"C510","","REGRA_OBRIGATORIO_COD_CLASS_C510","6","",""
"C510","ALIQ_ICMS","REGRA_ALIQ_MENOR_1000","1","","O valor informado para o campo deverá ser menor ou igual a 999."
"C510","ALIQ_ST","REGRA_ALIQ_MENOR_1000","1","","O valor informado para o campo deverá ser menor ou igual a 999."
"C590","","REGRA_REGISTRO_OBRIGATORIO_C590","obrigatoriedade","",""
"C590","","REGRA_CFOP_C500","6","","CFOP inválido. Utilizar CFOP com primeiro caracter = 1, 2 ou 3, quando for operação de entrada, e CFOP com primeiro caracter = 5, 6 ou 7, quando for operação de saída."
"C590","","REGRA_EXISTE_COD_OBS_V2","6","",""
"C590","","REGRA_VL_ICMS_NO_REGISTRO_ITEM_14001_V1","6","",""
"C590","","REGRA_VL_ICMS_ST_NO_REGISTRO_ITEM_14001_V1","6","",""
"C590","","REGRA_VL_BC_ICMS_NO_REGISTRO_ITEM_14001_V1","6","",""
"C590","","REGRA_VL_BC_ICMS_ST_NO_REGISTRO_ITEM_14001_V1","6","",""
"C590","","REGRA_CST_ICMS_CAMPOS_ICMS_C590","6","",""
"C590","","REGRA_CST_ICMS_CAMPOS_ST_COM_COD_SIT_C590","6","",""
"C590","","REGRA_CHAVE_EXISTE_NO_REGISTRO_ITEM_A8E1V1","6","",""
"C590","","REGRA_CST_ICMS_RED_BC_COM_COD_SIT_C590","6","",""
"C590","ALIQ_ICMS","REGRA_ALIQ_MENOR_1000","1","","O valor informado para o campo deverá ser menor ou igual a 999."
"C591","","REGRA_REGISTRO_OBRIGATORIO_C595_V2","obrigatoriedade","",""
"C591","VL_FCP_OP","REGRA_OBRIGATORIO_VALOR_C591","2","VL_FCP_ST","Obrigatório informar pelo menos um dos campos do registro C591."
"C591","","REGRA_PREENCHER_VL_FCP_OP_C591","6","","O campo somente pode ser informado se o campo CST_ICMS do Registro Pai C590 for igual a x00 ou x20."
"C591","","REGRA_PREENCHER_VL_FCP_ST_C591","6","","O campo somente pode ser informado se o campo CST_ICMS do Registro Pai C590 for igual a x10."
"C595","","REGRA_REGISTRO_OBRIGATORIO_C595_V2","obrigatoriedade","",""
"C595","","REGRA_EXISTE_COD_OBS_V2","6","",""
"C597","","REGRA_REGISTRO_OBRIGATORIO_C595_V2","obrigatoriedade","",""
"C597","","REGRA_EXISTE_COD_ITEM_V2","6","",""
"C597","VL_BC_ICMS","REGRA_VL_C597","2","ALIQ_ICMS;VL_ICMS;VL_OUTROS","Obrigatório um dos campos informados ser maior que zero."
"C597","ALIQ_ICMS","REGRA_ALIQ_MENOR_1000","1","","O valor informado para o campo deverá ser menor ou igual a 999."
"C600","","REGRA_REGISTRO_OBRIGATORIO_15001_V1","obrigatoriedade","",""
"C600","","REGRA_EXISTENCIA_C600_T3","6","",""
"C600","DT_DOC","REGRA_DATA_MENOR_IGUAL_DT_FIN_0000_DT_DOC","2","",""
"C600","","REGRA_COERENCIA_CFOP_C610","6","",""
"C600","","REGRA_VL_BC_ICMS_ANALIT","6","","Valor inválido. A soma do campo VL_BC_ICMS dos registros analíticos (C190, C590, C690, D190, D590 e D690) deve ser igual ao campo VL_BC_ICMS do documento mestre dos registros (C100, C500, C600, D100, D500 e D600, respectivamente)."
"C600","","REGRA_VL_ICMS_ANALIT","6","","Valor inválido. A soma do campo VL_ICMS dos registros analíticos (C190, C590, C690, D190, D590 e D690) deve ser igual ao campo VL_ICMS do documento mestre dos registros (C100, C500, C600, D100, D500 e D600, respectivamente)."
"C600","","REGRA_VL_BC_ICMS_ST_ANALIT","6","","Valor inválido. A soma do campo VL_BC_ICMS_ST dos registros analíticos (C190, C590, C690, D190 e D690) deve ser igual ao campo VL_BC_ICMS_ST do documento mestre dos registros (C100, C500, C600, D100 e D600, respectivamente)."
"C600","","REGRA_VL_ICMS_ST_ANALIT","6","","Valor inválido. A soma do campo VL_ICMS_ST dos registros analíticos (C190, C590, C690, D190 e D690) deve ser igual ao campo VL_ICMS_ST do documento mestre dos registros (C100, C500, C600, D100 e D600, respectivamente)."
"C600","","REGRA_QTD_CANC_C601","6","","Quantidade inválida. A quantidade de documentos cancelados deve ser igual à quantidade de ocorrências do Registro C601."
"C600","QTD_CANC","REGRA_QTD_CANC","2","QTD_CONS","Quantidade inválida. A quantidade de documentos cancelados deve ser menor ou igual à quantidade consolidada."
"C600","QTD_CONS","REGRA_MAIOR_ZERO","1","","Valor informado deve ser maior que Zero."
"C600","DT_DOC","REGRA_DATA_VALIDA_A4E5V1","0","",""
"C600","DT_DOC","REGRA_DATA_MINIMA_DOC_FISCAL","1","","A data deverá ser maior ou igual a 01/01/2000."
"C600","VL_DOC","REGRA_VL_DOC_GRANDE","1","","Atenção! Valor informado superior a 200.000.000,00. Verifique se a informação está correta."
"C601","NUM_DOC_CANC","REGRA_MAIOR_ZERO","1","","Valor informado deve ser maior que Zero."
"C610","","REGRA_EXISTE_COD_ITEM_V2","6","",""
"C610","","REGRA_EXISTE_UNID_V2","6","",""
"C610","CFOP","REGRA_CFOP_SAIDA_AMPLO","2","","CFOP inválido. Utilizar CFOP com primeiro caracter = 5, 6 ou 7."
"C610","CST_ICMS","REGRA_CST_ICMS_CAMPOS_ICMS","2","VL_BC_ICMS;ALIQ_ICMS;VL_ICMS","Se os dois últimos dígitos do CST_ICMS = 30, 40, 41, 50 ou 60 , preencher com Zero ou Vazio os campos: VL_BC_ICMS, ALIQ_ICMS e VL_ICMS; caso contrário, os campos ALIQ_ICMS e VL_ICMS devem ser maiores que zero se VL_BC_ICMS for maior que um. Se os dois últimos dígitos do CST_ICMS = 20, 51 ou 90 , os campos podem ser iguais ou maiores que zero."
"C610","CST_ICMS","REGRA_CST_ICMS_CAMPOS_ST_SEM_COD_SIT","2","VL_BC_ICMS_ST;VL_ICMS_ST",""
"C610","","REGRA_OBRIGATORIO_COD_CLASS_C610","6","",""
"C610","QTD","REGRA_MAIOR_ZERO","1","","Valor informado deve ser maior que Zero."
"C610","ALIQ_ICMS","REGRA_ALIQ_MENOR_1000","1","","O valor informado para o campo deverá ser menor ou igual a 999."
"C690","","REGRA_EXISTE_COD_OBS_V2","6","",""
"C690","","REGRA_VL_ICMS_NO_REGISTRO_ITEM","6","","Campo inválido. O valor do ICMS deve ser igual à soma dos valores de ICMS dos respectivos registros de itens para a combinação CST_ICMS+CFOP+ALIQ_ICMS."
"C690","","REGRA_VL_ICMS_ST_NO_REGISTRO_ITEM","6","","Campo inválido. O valor do ICMS deve ser igual à soma dos valores de ICMS dos respectivos registros de itens para a combinação CST_ICMS+CFOP+ALIQ_ST."
"C690","","REGRA_VL_BC_ICMS_NO_REGISTRO_ITEM","6","","Campo inválido. A base de cálculo do ICMS deve ser igual à soma das bases de cálculos dos respectivos registros de itens para a combinação CST_ICMS+CFOP+ALIQ_ICMS."
"C690","","REGRA_VL_BC_ICMS_ST_NO_REGISTRO_ITEM","6","","Campo inválido. A base de cálculo do ICMS_ST deve ser igual à soma das bases de cálculos dos respectivos registros de itens para a combinação CST_ICMS+CFOP+ALIQ_ICMS_ST."
"C690","","REGRA_CHAVE_EXISTE_NO_REGISTRO_ITEM_A8E1V1","6","",""
"C690","VL_RED_BC","REGRA_CST_ICMS_RED_BC","2","CST_ICMS","O valor do campo deve ser maior que zero, se os dois últimos dígitos do CST_ICMS = 20 ou 70."
"C690","ALIQ_ICMS","REGRA_ALIQ_MENOR_1000","1","","O valor informado para o campo deverá ser menor ou igual a 999."
"C700","","REGRA_REGISTRO_OBRIGATORIO_15001_V1","obrigatoriedade","",""
"C700","","REGRA_EXISTENCIA_C700_A7E1V1","6","",""
"C700","","REGRA_DUPLICIDADE_NO_REGISTRO_C700_V2","6","",""
"C700","DT_DOC_INI","REGRA_DATA_MENOR_IGUAL_DT_FIN_DT_DOC_INI_DT_DOC_FIN","2","DT_DOC_FIN",""
"C700","DT_DOC_FIN","REGRA_DATA_MENOR_IGUAL_DT_FIN_0000_DT_DOC_FIN","2","",""
"C700","NRO_ORD_INI","REGRA_MAIOR_ZERO","1","","Valor informado deve ser maior que Zero."
"C700","NRO_ORD_FIN","REGRA_MAIOR_ZERO","1","","Valor informado deve ser maior que Zero."
"C700","DT_DOC_INI","REGRA_DATA_VALIDA_A4E5V1","0","",""
"C700","DT_DOC_INI","REGRA_DATA_MINIMA_DOC_FISCAL","1","","A data deverá ser maior ou igual a 01/01/2000."
"C700","DT_DOC_FIN","REGRA_DATA_VALIDA_A4E5V1","0","",""
"C700","DT_DOC_FIN","REGRA_DATA_MINIMA_DOC_FISCAL","1","","A data deverá ser maior ou igual a 01/01/2000."
"C790","","REGRA_EXISTE_COD_OBS_V2","6","",""
"C790","CST_ICMS","REGRA_CST_ICMS_CAMPOS_ICMS","2","VL_BC_ICMS;ALIQ_ICMS;VL_ICMS","Se os dois últimos dígitos do CST_ICMS = 30, 40, 41, 50 ou 60 , preencher com Zero ou Vazio os campos: VL_BC_ICMS, ALIQ_ICMS e VL_ICMS; caso contrário, os campos ALIQ_ICMS e VL_ICMS devem ser maiores que zero se VL_BC_ICMS for maior que um. Se os dois últimos dígitos do CST_ICMS = 20, 51 ou 90 , os campos podem ser iguais ou maiores que zero."
"C790","VL_RED_BC","REGRA_CST_ICMS_RED_BC","2","CST_ICMS","O valor do campo deve ser maior que zero, se os dois últimos dígitos do CST_ICMS = 20 ou 70."
"C790","CFOP","REGRA_CFOP_SAIDA_AMPLO","2","","CFOP inválido. Utilizar CFOP com primeiro caracter = 5, 6 ou 7."
"C790","ALIQ_ICMS","REGRA_ALIQ_MENOR_1000","1","","O valor informado para o campo deverá ser menor ou igual a 999."
"C800","","REGRA_REGISTRO_OBRIGATORIO_15001_V1","obrigatoriedade","",""
"C800","CHV_CFE","REGRA_VALIDA_CHV_NFE_CTE","2","",""
"C800","CHV_CFE","REGRA_COMPARA_CNPJ_CFE_17001_V1","2","",""
"C800","","REGRA_COMPARA_MES_ANO_DFE","2","","A informação ano/mês do documento que compõe a chave do documento eletrônico não confere com a data do documento fiscal."
"C800","CHV_CFE","REGRA_COMPARA_UF_CFE","2","","A UF informada na chave da CF-e não confere com a UF do informante do arquivo."
"C800","CHV_CFE","REGRA_SOMA_VL_OPR_C850","6","","O valor informado neste campo deve ser igual à soma do campo VL_OPR dos registros C850 (""filhos"" deste registro C800)."
"C800","CHV_CFE","REGRA_SOMA_VL_ICMS_C850","6","","O valor informado neste campo deve ser igual à soma do campo VL_ICMS dos registros C850 (""filhos"" deste registro C800)."
"C800","DT_DOC","REGRA_DATA_MENOR_IGUAL_DT_FIN_0000_DT_DOC","2","",""
"C800","COD_SIT","REGRA_DOCUMENTO_NORMAL_DT_DOC_A9E2V3","6","DT_DOC",""
"C800","","REGRA_COMPARA_SERIE_SAT_CFE","2","","O Número de série do SAT da chave do documento eletrônico não confere com o Número de série do SAT informado no documento fiscal."
"C800","","REGRA_COMPARA_NUMERO_CFE","2","","O Número do CF-e da chave do documento eletrônico não confere com o Número do Cupom Fiscal Eletrônico informado no documento fiscal."
"C800","","REGRA_COMPARA_COD_MOD_DFE","2","","O modelo do documento da chave do documento eletrônico não confere com o modelo informado no documento fiscal."
"C800","DT_DOC","REGRA_EXTEMPORANEO_CFE","2","","O campo deverá ser maior ou igual a 01/07/2011."
"C800","NUM_CFE","REGRA_MAIOR_ZERO","1","","Valor informado deve ser maior que Zero."
"C800","DT_DOC","REGRA_DATA_VALIDA_A4E5V1","0","",""
"C800","CNPJ_CPF","REGRA_NAO_INFORMAR_CNPJ_CPF","1","",""
"C810","","REGRA_REGISTRO_OBRIGATORIO_15001_V1","obrigatoriedade","",""
"C810","","REGRA_EXISTE_UNID_V2","6","",""
"C810","","REGRA_EXISTE_COD_ITEM_V2","6","",""
"C810","","REGRA_REFERENCIADO_UNID_15001V1","6","",""
"C810","","REGRA_UNID_DIF_0200","6","","A unidade utilizada no registro é diferente da unidade cadastrada no item. Obrigatório informar registro de conversão (0220)."
"C810","CFOP","REGRA_CFOP_SAIDA","2","","CFOP inválido. Utilizar CFOP com primeiro caracter = 5."
"C810","QTD","REGRA_MAIOR_ZERO","1","","Valor informado deve ser maior que Zero."
"C815","","REGRA_REGISTRO_OBRIGATORIO_15001_V1","obrigatoriedade","",""
"C815","","REGRA_OBRIGATORIO_1255_POR_COD_MOT_REST_COMPL","6","",""
"C815","","REGRA_EXISTE_UNID_V2","6","",""
"C815","","REGRA_REFERENCIADO_UNID_15001V1","6","",""
"C815","","REGRA_UNID_DIF_0200","6","","A unidade utilizada no registro é diferente da unidade cadastrada no item. Obrigatório informar registro de conversão (0220)."
"C815","COD_MOT_REST_COMPL","REGRA_VALIDA_COD_MOT_RESP_COMPL_0","1","",""
"C815","QUANT_CONV","REGRA_MAIOR_ZERO","1","","Valor informado deve ser maior que Zero."
"C815","VL_UNIT_ICMS_ST_CONV_REST","REGRA_VALIDA_VL_UNIT_ICMS_ST_CONV_REST","1","",""
"C815","VL_UNIT_ICMS_ST_CONV_COMPL","REGRA_VALIDA_VL_UNIT_ICMS_ST_CONV_COMPL","1","",""
"C850","","REGRA_EXISTE_COD_OBS_V2","6","",""
"C850","CST_ICMS","REGRA_CST_ICMS_CAMPOS_ICMS","2","VL_BC_ICMS;ALIQ_ICMS;VL_ICMS","Se os dois últimos dígitos do CST_ICMS = 30, 40, 41, 50 ou 60 , preencher com Zero ou Vazio os campos: VL_BC_ICMS, ALIQ_ICMS e VL_ICMS; caso contrário, os campos ALIQ_ICMS e VL_ICMS devem ser maiores que zero se VL_BC_ICMS for maior que um. Se os dois últimos dígitos do CST_ICMS = 20, 51 ou 90 , os campos podem ser iguais ou maiores que zero."
"C850","CFOP","REGRA_CFOP_SAIDA","2","","CFOP inválido. Utilizar CFOP com primeiro caracter = 5."
"C850","ALIQ_ICMS","REGRA_ALIQ_MENOR_1000","1","","O valor informado para o campo deverá ser menor ou igual a 999."
"C855","","REGRA_EXISTE_COD_OBS_V2","6","",""
"C857","","REGRA_EXISTE_COD_ITEM_V2","6","",""
"C857","VL_BC_ICMS","REGRA_VL_C197","2","ALIQ_ICMS;VL_ICMS;VL_OUTROS","Se preenchido este registro, pelo menos um dos campos: VL_BC_ICMS, ALIQ_ICMS, VL_ICMS, VL_OUTROS deve ser maior que ZERO."
"C857","ALIQ_ICMS","REGRA_ALIQ_MENOR_1000","1","","O valor informado para o campo deverá ser menor ou igual a 999."
"C860","","REGRA_REGISTRO_OBRIGATORIO_15001_V1","obrigatoriedade","",""
"C860","DOC_INI","REGRA_COMPARA_NUM_CF-e","2","DOC_FIM",""
"C860","DT_DOC","REGRA_EXTEMPORANEO_CFE","2","","O campo deverá ser maior ou igual a 01/07/2011."
"C860","DT_DOC","REGRA_DATA_MENOR_IGUAL_DT_FIN_0000_DT_DOC","2","",""
"C860","DT_DOC","REGRA_DATA_VALIDA_A4E5V1","0","",""
"C860","DOC_INI","REGRA_MAIOR_ZERO","1","","Valor informado deve ser maior que Zero."
"C860","DOC_FIM","REGRA_MAIOR_ZERO","1","","Valor informado deve ser maior que Zero."
"C870","","REGRA_REGISTRO_OBRIGATORIO_15001_V1","obrigatoriedade","",""
"C870","","REGRA_EXISTE_UNID_V2","6","",""
"C870","","REGRA_EXISTE_COD_ITEM_V2","6","",""
"C870","","REGRA_REFERENCIADO_UNID_15001V1","6","",""
"C870","","REGRA_UNID_DIF_0200","6","","A unidade utilizada no registro é diferente da unidade cadastrada no item. Obrigatório informar registro de conversão (0220)."
"C870","CFOP","REGRA_CFOP_SAIDA","2","","CFOP inválido. Utilizar CFOP com primeiro caracter = 5."
"C870","QTD","REGRA_MAIOR_ZERO","1","","Valor informado deve ser maior que Zero."
"C880","","REGRA_REGISTRO_OBRIGATORIO_15001_V1","obrigatoriedade","",""
"C880","","REGRA_OBRIGATORIO_1255_POR_COD_MOT_REST_COMPL","6","",""
"C880","","REGRA_EXISTE_UNID_V2","6","",""
"C880","","REGRA_UNID_DIF_0200","6","","A unidade utilizada no registro é diferente da unidade cadastrada no item. Obrigatório informar registro de conversão (0220)."
"C880","COD_MOT_REST_COMPL","REGRA_VALIDA_COD_MOT_RESP_COMPL_0","1","",""
"C880","QUANT_CONV","REGRA_MAIOR_ZERO","1","","Valor informado deve ser maior que Zero."
"C880","VL_UNIT_ICMS_ST_CONV_REST","REGRA_VALIDA_VL_UNIT_ICMS_ST_CONV_REST","1","",""
"C880","VL_UNIT_ICMS_ST_CONV_COMPL","REGRA_VALIDA_VL_UNIT_ICMS_ST_CONV_COMPL","1","",""
"C890","","REGRA_EXISTE_COD_OBS_V2","6","",""
"C890","CST_ICMS","REGRA_CST_ICMS_CAMPOS_ICMS","2","VL_BC_ICMS;ALIQ_ICMS;VL_ICMS","Se os dois últimos dígitos do CST_ICMS = 30, 40, 41, 50 ou 60 , preencher com Zero ou Vazio os campos: VL_BC_ICMS, ALIQ_ICMS e VL_ICMS; caso contrário, os campos ALIQ_ICMS e VL_ICMS devem ser maiores que zero se VL_BC_ICMS for maior que um. Se os dois últimos dígitos do CST_ICMS = 20, 51 ou 90 , os campos podem ser iguais ou maiores que zero."
"C890","CFOP","REGRA_CFOP_SAIDA","2","","CFOP inválido. Utilizar CFOP com primeiro caracter = 5."
"C890","ALIQ_ICMS","REGRA_ALIQ_MENOR_1000","1","","O valor informado para o campo deverá ser menor ou igual a 999."
"C895","","REGRA_EXISTE_COD_OBS_V2","6","",""
"C897","","REGRA_EXISTE_COD_ITEM_V2","6","",""
"C897","VL_BC_ICMS","REGRA_VL_C197","2","ALIQ_ICMS;VL_ICMS;VL_OUTROS","Se preenchido este registro, pelo menos um dos campos: VL_BC_ICMS, ALIQ_ICMS, VL_ICMS, VL_OUTROS deve ser maior que ZERO."
"C897","ALIQ_ICMS","REGRA_ALIQ_MENOR_1000","1","","O valor informado para o campo deverá ser menor ou igual a 999."
"C990","","REGRA_QTD_LIN_BLOCOC","0","","Quantidade de linhas do bloco C informada não confere com a esperada pelo sistema."
"C990","","REGRA_BLOCO_COM_SEM_MOVIMENTO","0","",""
"D100","","REGRA_EXISTE_COD_INF_V2","6","",""
"D100","","REGRA_EXISTE_COD_PART_V2","6","",""
"D100","","REGRA_DUPLICIDADE_NO_REGISTRO_D100_EMISSAO_PROPRIA_A9E2V1","6","",""
"D100","","REGRA_DUPLICIDADE_NO_REGISTRO_D100_EMISSAO_TERCEIROS_A9E2V1","6","",""
"D100","DT_DOC","REGRA_DATA_MENOR_IGUAL_DT_FIN_0000_DT_DOC","2","",""
"D100","DT_A_P","REGRA_DATA_MENOR_IGUAL_DT_FIN_0000_DT_A_P","2","",""
"D100","","REGRA_REGISTRO_OBRIGATORIO_D160","6","",""
"D100","","REGRA_VL_BC_ICMS_ANALIT","6","","Valor inválido. A soma do campo VL_BC_ICMS dos registros analíticos (C190, C590, C690, D190, D590 e D690) deve ser igual ao campo VL_BC_ICMS do documento mestre dos registros (C100, C500, C600, D100, D500 e D600, respectivamente)."
"D100","","REGRA_VL_ICMS_ANALIT","6","","Valor inválido. A soma do campo VL_ICMS dos registros analíticos (C190, C590, C690, D190, D590 e D690) deve ser igual ao campo VL_ICMS do documento mestre dos registros (C100, C500, C600, D100, D500 e D600, respectivamente)."
"D100","IND_EMIT","REGRA_IND_EMIT","2","IND_OPER","Documento fiscal emitido por terceiros deverá ter indicador de operação = Zero (entradas)."
"D100","CHV_CTE_REF","REGRA_OBRIGATORIO_BPE_REF","2","COD_MOD;TP_CT_E","O preenchimento da chave eletrônica referenciada é obrigatório quanto o tipo do bilhete de passagem é de substituição (TP_CT_E igual a 3)."
"D100","COD_SIT","REGRA_DOCUMENTO_NORMAL_DT_AP","2","IND_OPER;DT_A_P;DT_DOC",""
"D100","COD_SIT","REGRA_DOCUMENTO_EXTEMPORANEO_DT_A_P","2","IND_OPER;DT_A_P;DT_DOC",""
"D100","CHV_CTE","REGRA_OBRIGATORIO_CHV_NFE_CTE_A13E1V2","2","COD_MOD;IND_EMIT",""
"D100","CHV_CTE","REGRA_OBRIGATORIO_CHV_NFE_CTE_TERCEIROS_12001_V1","2","COD_MOD;IND_EMIT",""
"D100","CHV_CTE","REGRA_COMPARA_CNPJ_NFE_CTE_14003_V5","2","COD_MOD;IND_EMIT;COD_SIT",""
"D100","CHV_CTE","REGRA_COMPARA_NUM_DOC_NFE_CTE","2","NUM_DOC",""
"D100","CHV_CTE","REGRA_COMPARA_UF_NFE_CTE_13001_V1","2","",""
"D100","CHV_CTE","REGRA_COMPARA_CODIGO_MODELO","2","","O modelo da chave do documento eletrônico não confere com o modelo do documento."
"D100","TP_CT_E","REGRA_OBRIGATORIO_SE_EMISSAO_PROPRIA_TP_CT_E","2","IND_EMIT;COD_MOD;COD_SIT",""
"D100","CHV_CTE","REGRA_CHAVE_REGIME_ESPECIAL_CTE","2","IND_OPER;IND_EMIT;COD_MOD;COD_SIT",""
"D100","","REGRA_VALIDA_SERIE_CHAVE","2","","O campo série que compõe a chave do documento fiscal eletrônico deverá ser igual ao campo Série informado no registro.##MSG_VALIDA_SERIE_CHAVE_RESUMO"
"D100","","REGRA_COMPARA_CNPJ_CTE_PARTICIPANTE_14003_V5","6","","O CNPJ/CPF da chave do documento eletrônico não confere com o CNPJ/CPF do participante informado."
"D100","","REGRA_VALIDA_VL_SERV_D100","6","","Se CT-e simplificado (COD_MOD 57 e TP_CTe 5 ou 6) e IND_OPER = 1, o valor deve ser igual à soma do campo VL_FRT do(s) registro(s) D130 existentes."
"D100","COD_MUN_ORIG","REGRA_OBRIGATORIO_COD_MUN_DOCE_ORIG_V3","2","COD_MOD",""
"D100","COD_MUN_DEST","REGRA_OBRIGATORIO_COD_MUN_DOCE_DEST_V3","2","COD_MOD",""
"D100","IND_OPER","REGRA_BPE_SAIDA","0","COD_MOD","Quando o campo COD_MOD do Registro D100 for igual a 63 (Bilhete de Passagem Eletrônico), somente será aceito o campo IND_OPER igual a 1 (Saída)."
"D100","IND_EMIT","REGRA_BPE_EMISSAO_PROPRIA","1","COD_MOD","Quando o campo COD_MOD do Registro D100 for igual a 63 (Bilhete de Passagem Eletrônico), somente será aceito o campo IND_EMIT igual a 0 (Emissão Própria)."
"D100","NUM_DOC","REGRA_MAIOR_ZERO","1","","Valor informado deve ser maior que Zero."
"D100","CHV_CTE","REGRA_CHVDFE_MODELO_12001_V1","1","COD_MOD",""
"D100","CHV_CTE","REGRA_VALIDA_CHV_NFE_CTE","1","",""
"D100","DT_DOC","REGRA_DATA_VALIDA_A4E5V1","0","",""
"D100","DT_DOC","REGRA_DATA_MINIMA_DOC_FISCAL","1","","A data deverá ser maior ou igual a 01/01/2000."
"D100","DT_DOC","REGRA_DATA_MAXIMA_MODELO_DOC_A13E1V2","1","COD_MOD","Se o Campo ""COD_MOD"" for igual a 07, 09, 10, 11, 26 ou 27, a data informada deverá ser menor que 01/01/2019."
"D100","DT_A_P","REGRA_DATA_VALIDA_A4E5V1","0","",""
"D100","DT_A_P","REGRA_DATA_MINIMA_DOC_FISCAL","1","","A data deverá ser maior ou igual a 01/01/2000."
"D100","TP_CT_E","REGRA_TIPO_BPE_V2","1","COD_MOD","Quando o campo COD_MOD do Registro D100 for igual a 63 (Bilhete de Passagem Eletrônico), o campo TP_CTE somente pode assumir os valores 0 ou 3 ou 4."
"D100","CHV_CTE_REF","REGRA_DIFERENTE_CTE_REF","1","CHV_CTE",""
"D100","CHV_CTE_REF","REGRA_VALIDA_CHV_NFE_CTE","1","",""
"D100","CHV_CTE_REF","REGRA_VALIDA_CHV_CTE_REF","1","","Quando o campo 13 (TP_CT-e) for igual a 3 ou 6, informar a chave do documento substituído. Nas demais situações o campo não deve ser preenchido."
"D100","VL_DOC","REGRA_VL_DOC_GRANDE","1","","Atenção! Valor informado superior a 200.000.000,00. Verifique se a informação está correta."
"D100","COD_MUN_ORIG","REGRA_COD_MUN_ORIG_UF_0000_CAMPO","1","",""
"D101","","REGRA_SOMENTE_INFORMAR_SE_OIE_D101","6","","O registro D101 somente pode ser informados se a UF do COD_MUN_ORI e COD_MUN_DEST do Registro pai D100 for diferente de 9999999 (Exterior) e A UF do COD_MUN_ORI for diferente da UF do COD_MUN_DEST, ambos do Registro D100 e onde o campo DT_A_P do registro D100 for maior ou igual a 01/01/2016. Se o campo DT_A_P não foi informado, considerar o campo DT_DOC."
"D110","","REGRA_REGISTRO_OBRIGATORIO_15001_V1","obrigatoriedade","",""
"D110","","REGRA_EXISTE_COD_ITEM_V2","6","",""
"D130","","REGRA_REGISTRO_OBRIGATORIO_19001_V3","obrigatoriedade","",""
"D130","","REGRA_EXISTE_COD_PART_V2","6","",""
"D130","","REGRA_VALOR_COM_FRETE_VL_LIQ_FRT","6","",""
"D130","","REGRA_VALOR_COM_FRETE_VL_FRT","6","",""
"D130","","REGRA_OBRIGATORIO_COD_MUN_ORIG_D130","6","",""
"D130","","REGRA_OBRIGATORIO_COD_MUN_DEST_D130","6","",""
"D140","","REGRA_REGISTRO_OBRIGATORIO_15001_V1","obrigatoriedade","",""
"D140","","REGRA_EXISTE_COD_PART_V2","6","",""
"D140","","REGRA_OBRIGATORIO_COD_MUN_ORIG_D140","6","",""
"D140","","REGRA_OBRIGATORIO_COD_MUN_DEST_D140","6","",""
"D150","","REGRA_REGISTRO_OBRIGATORIO_15001_V1","obrigatoriedade","",""
"D150","","REGRA_OBRIGATORIO_COD_MUN_ORIG_D150","6","",""
"D150","","REGRA_OBRIGATORIO_COD_MUN_DEST_D150","6","",""
"D160","","REGRA_REGISTRO_OBRIGATORIO_15001_V1","obrigatoriedade","",""
"D160","IE_REM","REGRA_VALIDA_IE_UF_REM_V2","2","COD_MUN_ORI",""
"D160","IE_DEST","REGRA_VALIDA_IE_UF_DEST_V2","2","COD_MUN_DEST",""
"D160","","REGRA_OBRIGATORIO_DESPACHO","6","","Obrigatório, se o código do documento fiscal for igual a 27."
"D160","CNPJ_CPF_REM","REGRA_VALIDA_CPF_CNPJ_CAMPO_V2","1","",""
"D160","CNPJ_CPF_DEST","REGRA_VALIDA_CPF_CNPJ_CAMPO_V2","1","",""
"D161","","REGRA_REGISTRO_OBRIGATORIO_15001_V1","obrigatoriedade","",""
"D161","IE_COL","REGRA_VALIDA_IE_COD_MUN_COL_V2","2","COD_MUN_COL",""
"D161","IE_ENTG","REGRA_VALIDA_IE_COD_MUN_ENTG_V2","2","COD_MUN_ENTG",""
"D161","CNPJ_CPF_COL","REGRA_VALIDA_CPF_CNPJ_CAMPO_V2","1","",""
"D161","CNPJ_CPF_ENTG","REGRA_VALIDA_CPF_CNPJ_CAMPO_V2","1","",""
"D162","DT_DOC","REGRA_DATA_MENOR_IGUAL_DT_FIN_0000_DT_DOC","2","",""
"D162","NUM_DOC","REGRA_MAIOR_ZERO","1","","Valor informado deve ser maior que Zero."
"D162","DT_DOC","REGRA_DATA_VALIDA_A4E5V1","0","",""
"D162","DT_DOC","REGRA_DATA_MINIMA_DOC_FISCAL","1","","A data deverá ser maior ou igual a 01/01/2000."
"D162","VL_DOC","REGRA_VL_DOC_GRANDE","1","","Atenção! Valor informado superior a 200.000.000,00. Verifique se a informação está correta."
"D162","QTD_VOL","REGRA_MAIOR_ZERO","1","","Valor informado deve ser maior que Zero."
"D170","","REGRA_REGISTRO_OBRIGATORIO_15001_V1","obrigatoriedade","",""
"D170","","REGRA_EXISTE_COD_PART_V2","6","",""
"D170","","REGRA_OBRIGATORIO_COD_MUN_ORIG_D170","6","",""
"D170","","REGRA_OBRIGATORIO_COD_MUN_DEST_D170","6","",""
"D180","IE_EMIT","REGRA_VALIDA_IE_UF_EMIT_V2","2","UF_EMIT",""
"D180","IE_TOM","REGRA_VALIDA_IE_UF_TOM_V2","2","UF_TOM",""
"D180","","REGRA_OBRIGATORIO_COD_MUN_ORIG_D180","6","",""
"D180","","REGRA_OBRIGATORIO_COD_MUN_DEST_D180","6","",""
"D180","CNPJ_CPF_EMIT","REGRA_VALIDA_CPF_CNPJ_CAMPO_V2","1","",""
"D180","CNPJ_CPF_TOM","REGRA_VALIDA_CPF_CNPJ_CAMPO_V2","1","",""
"D180","NUM_DOC","REGRA_MAIOR_ZERO","1","","Valor informado deve ser maior que Zero."
"D180","DT_DOC","REGRA_DATA_VALIDA_A4E5V1","0","",""
"D180","DT_DOC","REGRA_DATA_MINIMA_DOC_FISCAL","1","","A data deverá ser maior ou igual a 01/01/2000."
"D180","VL_DOC","REGRA_VL_DOC_GRANDE","1","","Atenção! Valor informado superior a 200.000.000,00. Verifique se a informação está correta."
"D190","","REGRA_CFOP_D190","6","","CFOP inválido. Utilizar CFOP com primeiro caracter = 1, 2 ou 3, quando for operação de entrada, e CFOP com primeiro caracter = 5, 6 ou 7, quando for operação de saída."
"D190","","REGRA_EXISTE_COD_OBS_V2","6","",""
"D190","","REGRA_CST_ICMS_CAMPOS_ICMS_D190","6","",""
"D190","","REGRA_CST_ICMS_RED_BC_COM_COD_SIT_D190","6","",""
"D190","CST_ICMS","REGRA_CST_ICMS_SERVICO","2","","Para documento fiscal de serviço o primeiro caractere do código do CST deverá ser igual a 0 (zero)."
"D190","ALIQ_ICMS","REGRA_ALIQ_MENOR_1000","1","","O valor informado para o campo deverá ser menor ou igual a 999."
"D195","","REGRA_EXISTE_COD_OBS_V2","6","",""
"D197","","REGRA_EXISTE_COD_ITEM_V2","6","",""
"D197","","REGRA_ITEM_INFORMADO_SERVICO_A7E2V1","6","",""
"D197","VL_BC_ICMS","REGRA_VL_D197","2","ALIQ_ICMS;VL_ICMS;VL_OUTROS","Se preenchido este registro, pelo menos um dos campos: VL_BC_ICMS, ALIQ_ICMS, VL_ICMS, VL_OUTROS deve ser maior que ZERO."
"D197","ALIQ_ICMS","REGRA_ALIQ_MENOR_1000","1","","O valor informado para o campo deverá ser menor ou igual a 999."
"D300","","REGRA_REGISTRO_OBRIGATORIO_15001_V1","obrigatoriedade","",""
"D300","CFOP","REGRA_CFOP_SAIDA_AMPLO","2","","CFOP inválido. Utilizar CFOP com primeiro caracter = 5, 6 ou 7."
"D300","","REGRA_EXISTE_COD_OBS_V2","6","",""
"D300","","REGRA_DUPLICIDADE_NO_REGISTRO_D300_A9E1V1","6","",""
"D300","DT_DOC","REGRA_DATA_MENOR_IGUAL_DT_FIN_0000_DT_DOC","2","",""
"D300","","REGRA_VL_BC_ICMS_D310","6","","O valor da base de cálculo do ICMS do ""Registro D300"" deve ser igual à soma dos valores das bases de cálculo do ICMS dos ""Registros D310""."
"D300","","REGRA_VL_ICMS_D310","6","","O valor do campo VL_ICMS do Registro D300 deve ser igual à soma do valor do campo VL_ICMS dos Registros D310."
"D300","","REGRA_VL_SERV_D310","6","","O valor total da prestação de serviço (VL_SERV do Registro D300) deve ser igual à soma do valor total da prestação de serviço (VL_SERV dos Registros D310)."
"D300","CST_ICMS","REGRA_CST_ICMS_CAMPOS_ICMS","2","VL_BC_ICMS;ALIQ_ICMS;VL_ICMS","Se os dois últimos dígitos do CST_ICMS = 30, 40, 41, 50 ou 60 , preencher com Zero ou Vazio os campos: VL_BC_ICMS, ALIQ_ICMS e VL_ICMS; caso contrário, os campos ALIQ_ICMS e VL_ICMS devem ser maiores que zero se VL_BC_ICMS for maior que um. Se os dois últimos dígitos do CST_ICMS = 20, 51 ou 90 , os campos podem ser iguais ou maiores que zero."
"D300","VL_RED_BC","REGRA_CST_ICMS_RED_BC","2","CST_ICMS","O valor do campo deve ser maior que zero, se os dois últimos dígitos do CST_ICMS = 20 ou 70."
"D300","CST_ICMS","REGRA_CST_ICMS_SERVICO","2","","Para documento fiscal de serviço o primeiro caractere do código do CST deverá ser igual a 0 (zero)."
"D300","NUM_DOC_INI","REGRA_MAIOR_ZERO","1","","Valor informado deve ser maior que Zero."
"D300","NUM_DOC_FIN","REGRA_MAIOR_ZERO","1","","Valor informado deve ser maior que Zero."
"D300","ALIQ_ICMS","REGRA_ALIQ_MENOR_1000","1","","O valor informado para o campo deverá ser menor ou igual a 999."
"D300","DT_DOC","REGRA_DATA_VALIDA_A4E5V1","0","",""
"D300","DT_DOC","REGRA_DATA_MINIMA_DOC_FISCAL","1","","A data deverá ser maior ou igual a 01/01/2000."
"D300","VL_OPR","REGRA_MAIOR_IGUAL_ZERO","1","","Valor informado deve ser maior ou igual a Zero."
"D301","NUM_DOC_CANC","REGRA_MAIOR_ZERO","1","","Valor informado deve ser maior que Zero."
"D310","","REGRA_REGISTRO_OBRIGATORIO_15001_V1","obrigatoriedade","",""
"D350","","REGRA_REGISTRO_OBRIGATORIO_15001_V1","obrigatoriedade","",""
"D355","DT_DOC","REGRA_DATA_MENOR_IGUAL_DT_FIN_0000_DT_DOC","2","",""
"D355","","REGRA_VENDA_BRUTA_2E_A4_E5_V2","6","",""
"D355","GT_FIN","REGRA_GRANDE_TOTAL_FINAL","2","VL_BRT","O Grande Total Final deve ser maior ou igual ao valor da venda bruta."
"D355","DT_DOC","REGRA_DATA_VALIDA_A4E5V1","0","",""
"D355","DT_DOC","REGRA_DATA_MINIMA_DOC_FISCAL","1","","A data deverá ser maior ou igual a 01/01/2000."
"D355","CRO","REGRA_MAIOR_ZERO","1","","Valor informado deve ser maior que Zero."
"D355","CRZ","REGRA_MAIOR_ZERO","1","","Valor informado deve ser maior que Zero."
"D355","NUM_COO_FIN","REGRA_MAIOR_ZERO","1","","Valor informado deve ser maior que Zero."
"D360","","REGRA_REGISTRO_OBRIGATORIO_15001_V1","obrigatoriedade","",""
"D365","","REGRA_VL_SERV_D370","6","","O valor acumulado no totalizador, relativo à respectiva Redução Z (VLR_ACUM_TOT do Registro D365) deve ser igual à soma do valor total da prestação de serviço (VL_SERV dos Registros D370)."
"D365","NR_TOT","REGRA_NR_TOT_A003E001V4","2","COD_TOT_PAR",""
"D365","DESCR_NR_TOT","REGRA_DESCR_NR_TOT","2","NR_TOT","Campo DESCR_NR_TOT não pode ser preenchido, quando o campo NR_TOT não for preenchido."
"D365","","REGRA_REGISTRO_OBRIGATORIO_D370","6","",""
"D365","","REGRA_VLR_TOTALIZADOR_2E","6","","A soma dos valores acumulados nos totalizador (D365) de mesma carga tributária deverá ser igual a soma dos registros analíticos (D390). Verifique o valor de cada totalizador."
"D365","COD_TOT_PAR","REGRA_EXISTE_COD_TOT_PAR","1","","Código inválido. Utilizar código da ""Tabela de Códigos dos Totalizadores Parciais da Redução Z""."
"D370","","REGRA_REGISTRO_OBRIGATORIO_D370_","obrigatoriedade","",""
"D390","","REGRA_EXISTE_COD_OBS_V2","6","",""
"D390","CFOP","REGRA_CFOP_SAIDA_AMPLO","2","","CFOP inválido. Utilizar CFOP com primeiro caracter = 5, 6 ou 7."
"D390","CST_ICMS","REGRA_CST_ICMS_CAMPOS_ICMS","2","VL_BC_ICMS;ALIQ_ICMS;VL_ICMS","Se os dois últimos dígitos do CST_ICMS = 30, 40, 41, 50 ou 60 , preencher com Zero ou Vazio os campos: VL_BC_ICMS, ALIQ_ICMS e VL_ICMS; caso contrário, os campos ALIQ_ICMS e VL_ICMS devem ser maiores que zero se VL_BC_ICMS for maior que um. Se os dois últimos dígitos do CST_ICMS = 20, 51 ou 90 , os campos podem ser iguais ou maiores que zero."
"D390","CST_ICMS","REGRA_CST_ICMS_SERVICO","2","","Para documento fiscal de serviço o primeiro caractere do código do CST deverá ser igual a 0 (zero)."
"D390","ALIQ_ICMS","REGRA_ALIQ_MENOR_1000","1","","O valor informado para o campo deverá ser menor ou igual a 999."
"D390","ALIQ_ISSQN","REGRA_ALIQ_MENOR_1000","1","","O valor informado para o campo deverá ser menor ou igual a 999."
"D400","","REGRA_REGISTRO_OBRIGATORIO_15001_V1","obrigatoriedade","",""
"D400","","REGRA_EXISTE_COD_PART_V2","6","",""
"D400","DT_DOC","REGRA_DATA_MENOR_IGUAL_DT_FIN_0000_DT_DOC","2","",""
"D400","NUM_DOC","REGRA_MAIOR_ZERO","1","","Valor informado deve ser maior que Zero."
"D400","DT_DOC","REGRA_DATA_VALIDA_A4E5V1","0","",""
"D400","DT_DOC","REGRA_DATA_MINIMA_DOC_FISCAL","1","","A data deverá ser maior ou igual a 01/01/2000."
"D400","VL_DOC","REGRA_VL_DOC_GRANDE","1","","Atenção! Valor informado superior a 200.000.000,00. Verifique se a informação está correta."
"D400","VL_DOC","REGRA_MAIOR_ZERO","1","","Valor informado deve ser maior que Zero."
"D410","","REGRA_CST_ICMS_CAMPOS_ICMS_D410","6","",""
"D410","","REGRA_DT_DOC_IGUAL_D400","6","","O valor informado no campo deverá ser igual a data do documento do resumo de movimento diário (D400)."
"D410","NUM_DOC_INI","REGRA_SER_ZERO","2","SER","O campo NUM_DOC_INI deve ser maior que ""0"" (zero), exceto quando o campo SER for igual ""9999"", caso em que o campo NUM_DOC_INI deve ser igual a zero."
"D410","CST_ICMS","REGRA_CST_ICMS_SERVICO","2","","Para documento fiscal de serviço o primeiro caractere do código do CST deverá ser igual a 0 (zero)."
"D410","CFOP","REGRA_CFOP_SAIDA_AMPLO","2","","CFOP inválido. Utilizar CFOP com primeiro caracter = 5, 6 ou 7."
"D410","NUM_DOC_FIN","REGRA_MAIOR_ZERO","1","","Valor informado deve ser maior que Zero."
"D410","DT_DOC","REGRA_DATA_VALIDA_A4E5V1","0","",""
"D410","DT_DOC","REGRA_DATA_MINIMA_DOC_FISCAL","1","","A data deverá ser maior ou igual a 01/01/2000."
"D410","ALIQ_ICMS","REGRA_ALIQ_MENOR_1000","1","","O valor informado para o campo deverá ser menor ou igual a 999."
"D411","","REGRA_EXISTE_INTERVALO_NUM_DOC_CANC","6","","O valor informado no campo NUN_DOC_CANC deve estar compreendido no intervalo informado no registro Pai D410 (NUN_DOC_INI <= NUN_DOC_CANC <= NUN_DOC_FIM)."
"D411","NUM_DOC_CANC","REGRA_MAIOR_ZERO","1","","Valor informado deve ser maior que Zero."
"D420","","REGRA_REGISTRO_OBRIGATORIO_15001_V1","obrigatoriedade","",""
"D500","","REGRA_REGISTRO_OBRIGATORIO_15001_V1","obrigatoriedade","",""
"D500","","REGRA_EXISTE_COD_INF_V2","6","",""
"D500","","REGRA_EXISTE_COD_PART_V2","6","",""
"D500","DT_DOC","REGRA_DATA_MENOR_IGUAL_DT_FIN_0000_DT_DOC","2","",""
"D500","DT_A_P","REGRA_DATA_MENOR_IGUAL_DT_FIN_0000_DT_A_P","2","",""
"D500","","REGRA_COERENCIA_CFOP_D510","6","",""
"D500","COD_SIT","REGRA_DOCUMENTO_NORMAL_DT_AP","2","IND_OPER;DT_A_P;DT_DOC",""
"D500","COD_SIT","REGRA_DOCUMENTO_EXTEMPORANEO_DT_A_P","2","IND_OPER;DT_A_P;DT_DOC",""
"D500","COD_SIT","REGRA_CANCELA_DOC_TERCEIRO","2","IND_EMIT;IND_OPER","Não é permitido o cancelamento de documentos fiscais emitidos por terceiros."
"D500","NUM_DOC","REGRA_MAIOR_ZERO","1","","Valor informado deve ser maior que Zero."
"D500","DT_DOC","REGRA_DATA_VALIDA_A4E5V1","0","",""
"D500","DT_DOC","REGRA_DATA_MINIMA_DOC_FISCAL","1","","A data deverá ser maior ou igual a 01/01/2000."
"D500","DT_A_P","REGRA_DATA_VALIDA_A4E5V1","0","",""
"D500","DT_A_P","REGRA_DATA_MINIMA_DOC_FISCAL","1","","A data deverá ser maior ou igual a 01/01/2000."
"D500","VL_DOC","REGRA_VL_DOC_GRANDE","1","","Atenção! Valor informado superior a 200.000.000,00. Verifique se a informação está correta."
"D500","VL_DOC","REGRA_MAIOR_IGUAL_ZERO","1","","Valor informado deve ser maior ou igual a Zero."
"D510","","REGRA_REGISTRO_OBRIGATORIO_15001_V1","obrigatoriedade","",""
"D510","","REGRA_EXISTE_UNID_V2","6","",""
"D510","","REGRA_EXISTE_COD_ITEM_V2","6","",""
"D510","","REGRA_EXISTE_COD_PART_V2","6","",""
"D510","","REGRA_CFOP_D500","6","","CFOP inválido. Utilizar CFOP com primeiro caracter = 1, 2 ou 3, quando for operação de entrada, e CFOP com primeiro caracter = 5, 6 ou 7, quando for operação de saída."
"D510","IND_REC","REGRA_CAMPOS_IND_REC","2","VL_BC_ICMS;ALIQ_ICMS;VL_ICMS","Se o Indicador do tipo de receita for = 1, 5 ou 9, preencher com Zero ou Vazio os campos: VL_BC_ICMS, ALIQ_ICMS e VL_ICMS."
"D510","","REGRA_CST_ICMS_CAMPOS_ICMS_D510","6","",""
"D510","CST_ICMS","REGRA_CST_ICMS_SERVICO","2","","Para documento fiscal de serviço o primeiro caractere do código do CST deverá ser igual a 0 (zero)."
"D510","ALIQ_ICMS","REGRA_ALIQ_MENOR_1000","1","","O valor informado para o campo deverá ser menor ou igual a 999."
"D530","","REGRA_REGISTRO_OBRIGATORIO_15001_V1","obrigatoriedade","",""
"D530","DT_INI_SERV","REGRA_DATA_MENOR_IGUAL_DT_FIN_0000_DT_INI_SERV","2","",""
"D530","DT_FIN_SERV","REGRA_DATA_MENOR_IGUAL_DT_FIN_0000_DT_FIN_SERV","2","",""
"D530","DT_INI_SERV","REGRA_DATA_VALIDA_A4E5V1","0","",""
"D530","DT_INI_SERV","REGRA_DATA_MINIMA_DOC_FISCAL","1","","A data deverá ser maior ou igual a 01/01/2000."
"D530","DT_FIN_SERV","REGRA_DATA_VALIDA_A4E5V1","0","",""
"D530","DT_FIN_SERV","REGRA_DATA_MINIMA_DOC_FISCAL","1","","A data deverá ser maior ou igual a 01/01/2000."
"D590","","REGRA_REGISTRO_OBRIGATORIO_15001_V1","obrigatoriedade","",""
"D590","","REGRA_CFOP_D500","6","","CFOP inválido. Utilizar CFOP com primeiro caracter = 1, 2 ou 3, quando for operação de entrada, e CFOP com primeiro caracter = 5, 6 ou 7, quando for operação de saída."
"D590","","REGRA_EXISTE_COD_OBS_V2","6","",""
"D590","","REGRA_VL_ICMS_NO_REGISTRO_ITEM","6","","Campo inválido. O valor do ICMS deve ser igual à soma dos valores de ICMS dos respectivos registros de itens para a combinação CST_ICMS+CFOP+ALIQ_ICMS."
"D590","","REGRA_VL_ICMS_ST_NO_REGISTRO_ITEM","6","","Campo inválido. O valor do ICMS deve ser igual à soma dos valores de ICMS dos respectivos registros de itens para a combinação CST_ICMS+CFOP+ALIQ_ST."
"D590","","REGRA_VL_BC_ICMS_NO_REGISTRO_ITEM","6","","Campo inválido. A base de cálculo do ICMS deve ser igual à soma das bases de cálculos dos respectivos registros de itens para a combinação CST_ICMS+CFOP+ALIQ_ICMS."
"D590","","REGRA_VL_BC_ICMS_ST_NO_REGISTRO_ITEM","6","","Campo inválido. A base de cálculo do ICMS_ST deve ser igual à soma das bases de cálculos dos respectivos registros de itens para a combinação CST_ICMS+CFOP+ALIQ_ICMS_ST."
"D590","","REGRA_CST_ICMS_CAMPOS_ICMS_D590","6","",""
"D590","","REGRA_CHAVE_EXISTE_NO_REGISTRO_ITEM_A8E1V1","6","",""
"D590","","REGRA_CST_ICMS_RED_BC_COM_COD_SIT_D590","6","",""
"D590","CST_ICMS","REGRA_CST_ICMS_SERVICO","2","","Para documento fiscal de serviço o primeiro caractere do código do CST deverá ser igual a 0 (zero)."
"D590","ALIQ_ICMS","REGRA_ALIQ_MENOR_1000","1","","O valor informado para o campo deverá ser menor ou igual a 999."
"D600","","REGRA_REGISTRO_OBRIGATORIO_15001_V1","obrigatoriedade","",""
"D600","DT_DOC","REGRA_DATA_MENOR_IGUAL_DT_FIN_0000_DT_DOC","2","",""
"D600","QTD_CONS","REGRA_MAIOR_ZERO","1","","Valor informado deve ser maior que Zero."
"D600","DT_DOC","REGRA_DATA_VALIDA_A4E5V1","0","",""
"D600","DT_DOC","REGRA_DATA_MINIMA_DOC_FISCAL","1","","A data deverá ser maior ou igual a 01/01/2000."
"D600","VL_DOC","REGRA_VL_DOC_GRANDE","1","","Atenção! Valor informado superior a 200.000.000,00. Verifique se a informação está correta."
"D610","CFOP","REGRA_CFOP_SAIDA_AMPLO","2","","CFOP inválido. Utilizar CFOP com primeiro caracter = 5, 6 ou 7."
"D610","","REGRA_EXISTE_COD_ITEM_V2","6","",""
"D610","","REGRA_EXISTE_UNID_V2","6","",""
"D610","CST_ICMS","REGRA_CST_ICMS_CAMPOS_ICMS","2","VL_BC_ICMS;ALIQ_ICMS;VL_ICMS","Se os dois últimos dígitos do CST_ICMS = 30, 40, 41, 50 ou 60 , preencher com Zero ou Vazio os campos: VL_BC_ICMS, ALIQ_ICMS e VL_ICMS; caso contrário, os campos ALIQ_ICMS e VL_ICMS devem ser maiores que zero se VL_BC_ICMS for maior que um. Se os dois últimos dígitos do CST_ICMS = 20, 51 ou 90 , os campos podem ser iguais ou maiores que zero."
"D610","CST_ICMS","REGRA_CST_ICMS_SERVICO","2","","Para documento fiscal de serviço o primeiro caractere do código do CST deverá ser igual a 0 (zero)."
"D610","ALIQ_ICMS","REGRA_ALIQ_MENOR_1000","1","","O valor informado para o campo deverá ser menor ou igual a 999."
"D690","CFOP","REGRA_CFOP_SAIDA_AMPLO","2","","CFOP inválido. Utilizar CFOP com primeiro caracter = 5, 6 ou 7."
"D690","","REGRA_EXISTE_COD_OBS_V2","6","",""
"D690","","REGRA_VL_ICMS_NO_REGISTRO_ITEM","6","","Campo inválido. O valor do ICMS deve ser igual à soma dos valores de ICMS dos respectivos registros de itens para a combinação CST_ICMS+CFOP+ALIQ_ICMS."
"D690","","REGRA_VL_ICMS_ST_NO_REGISTRO_ITEM","6","","Campo inválido. O valor do ICMS deve ser igual à soma dos valores de ICMS dos respectivos registros de itens para a combinação CST_ICMS+CFOP+ALIQ_ST."
"D690","","REGRA_VL_BC_ICMS_NO_REGISTRO_ITEM","6","","Campo inválido. A base de cálculo do ICMS deve ser igual à soma das bases de cálculos dos respectivos registros de itens para a combinação CST_ICMS+CFOP+ALIQ_ICMS."
"D690","","REGRA_VL_BC_ICMS_ST_NO_REGISTRO_ITEM","6","","Campo inválido. A base de cálculo do ICMS_ST deve ser igual à soma das bases de cálculos dos respectivos registros de itens para a combinação CST_ICMS+CFOP+ALIQ_ICMS_ST."
"D690","CST_ICMS","REGRA_CST_ICMS_CAMPOS_ICMS","2","VL_BC_ICMS;ALIQ_ICMS;VL_ICMS","Se os dois últimos dígitos do CST_ICMS = 30, 40, 41, 50 ou 60 , preencher com Zero ou Vazio os campos: VL_BC_ICMS, ALIQ_ICMS e VL_ICMS; caso contrário, os campos ALIQ_ICMS e VL_ICMS devem ser maiores que zero se VL_BC_ICMS for maior que um. Se os dois últimos dígitos do CST_ICMS = 20, 51 ou 90 , os campos podem ser iguais ou maiores que zero."
"D690","","REGRA_CHAVE_EXISTE_NO_REGISTRO_ITEM_A8E1V1","6","",""
"D690","VL_RED_BC","REGRA_CST_ICMS_RED_BC","2","CST_ICMS","O valor do campo deve ser maior que zero, se os dois últimos dígitos do CST_ICMS = 20 ou 70."
"D690","CST_ICMS","REGRA_CST_ICMS_SERVICO","2","","Para documento fiscal de serviço o primeiro caractere do código do CST deverá ser igual a 0 (zero)."
"D690","ALIQ_ICMS","REGRA_ALIQ_MENOR_1000","1","","O valor informado para o campo deverá ser menor ou igual a 999."
"D695","","REGRA_REGISTRO_OBRIGATORIO_15001_V1","obrigatoriedade","",""
"D695","","REGRA_DUPLICIDADE_NO_REGISTRO_D695_A13E1V2","6","",""
"D695","DT_DOC_INI","REGRA_DATA_MENOR_IGUAL_DT_FIN_0000_DT_DOC_INI","2","",""
"D695","DT_DOC_FIN","REGRA_DATA_MENOR_IGUAL_DT_FIN_0000_DT_DOC_FIN","2","",""
"D695","DT_DOC_INI","REGRA_DATA_VALIDA_A4E5V1","0","",""
"D695","DT_DOC_INI","REGRA_DATA_MINIMA_DOC_FISCAL","1","","A data deverá ser maior ou igual a 01/01/2000."
"D695","DT_DOC_FIN","REGRA_DATA_VALIDA_A4E5V1","0","",""
"D695","DT_DOC_FIN","REGRA_DATA_MINIMA_DOC_FISCAL","1","","A data deverá ser maior ou igual a 01/01/2000."
"D696","","REGRA_EXISTE_COD_OBS_V2","6","",""
"D696","CST_ICMS","REGRA_CST_ICMS_CAMPOS_ICMS","2","VL_BC_ICMS;ALIQ_ICMS;VL_ICMS","Se os dois últimos dígitos do CST_ICMS = 30, 40, 41, 50 ou 60 , preencher com Zero ou Vazio os campos: VL_BC_ICMS, ALIQ_ICMS e VL_ICMS; caso contrário, os campos ALIQ_ICMS e VL_ICMS devem ser maiores que zero se VL_BC_ICMS for maior que um. Se os dois últimos dígitos do CST_ICMS = 20, 51 ou 90 , os campos podem ser iguais ou maiores que zero."
"D696","VL_RED_BC","REGRA_CST_ICMS_RED_BC","2","CST_ICMS","O valor do campo deve ser maior que zero, se os dois últimos dígitos do CST_ICMS = 20 ou 70."
"D696","CST_ICMS","REGRA_CST_ICMS_SERVICO","2","","Para documento fiscal de serviço o primeiro caractere do código do CST deverá ser igual a 0 (zero)."
"D696","CFOP","REGRA_CFOP_SAIDA_AMPLO","2","","CFOP inválido. Utilizar CFOP com primeiro caracter = 5, 6 ou 7."
"D696","ALIQ_ICMS","REGRA_ALIQ_MENOR_1000","1","","O valor informado para o campo deverá ser menor ou igual a 999."
"D700","","REGRA_REGISTRO_OBRIGATORIO_17002_V1","obrigatoriedade","",""
"D700","","REGRA_DUPLICIDADE_REGISTRO_IND_OPER_ZERO_D700","6","",""
"D700","","REGRA_DUPLICIDADE_REGISTRO_IND_OPER_UM_D700","6","",""
"D700","","REGRA_VL_ICMS_D700","6","","O valor constante neste campo deve corresponder à soma dos valores do campo VL_ICMS do Registro D730."
"D700","","REGRA_VL_BC_ICMS_D700","6","","O valor constante neste campo deve corresponder à soma dos valores do campo VL_BC_ICMS do Registro D730."
"D700","IND_EMIT","REGRA_IND_EMIT","2","IND_OPER","Documento fiscal emitido por terceiros deverá ter indicador de operação = Zero (entradas)."
"D700","","REGRA_EXISTE_COD_PART_V2","6","",""
"D700","","REGRA_EXISTE_COD_INF_V2","6","",""
"D700","HASH_DOC_REF","REGRA_EXCLUSIVO_DADOS_DOC_REF","2","SER_DOC_REF;NUM_DOC_REF;MES_DOC_REF","Se o campo HASH_DOC_REF estiver preenchido, então os campos SER_DOC_REF, NUM_DOC_REF e MES_DOC_REF devem estar obrigatoriamente vazios."
"D700","IND_EMIT","REGRA_IND_EMIT","2","IND_OPER","Documento fiscal emitido por terceiros deverá ter indicador de operação = Zero (entradas)."
"D700","DT_A_P","REGRA_DATA_ENTRE_DT_INI_DT_FIN_0000_DT_A_P","2","",""
"D700","DT_DOC","REGRA_DATA_MENOR_IGUAL_DT_FIN_0000_DT_DOC","2","",""
"D700","COD_PART","REGRA_NAO_INFORMAR_COD_PART_SAIDA","1","",""
"D700","NUM_DOC","REGRA_MAIOR_ZERO","1","","Valor informado deve ser maior que Zero."
"D700","DT_DOC","REGRA_DATA_VALIDA_A4E5V1","0","",""
"D700","DT_DOC","REGRA_DATA_MINIMA_DOC_FISCAL","1","","A data deverá ser maior ou igual a 01/01/2000."
"D700","DT_DOC","REGRA_DATA_MAIOR_IGUAL_DT_INI_REGISTRO_0000_D700","1","DT_A_P","Quando a data de aquisição ou prestação não é informada, a data da emissão deve ser maior ou igual à data de início da escrituração."
"D700","DT_A_P","REGRA_DATA_VALIDA_A4E5V1","0","",""
"D700","DT_A_P","REGRA_DATA_MINIMA_DOC_FISCAL","1","","A data deverá ser maior ou igual a 01/01/2000."
"D700","DT_A_P","REGRA_NAO_INFORMAR_COD_PART_SAIDA","1","",""
"D700","VL_DOC","REGRA_VALIDA_VL_DOC_DEDUCAO","1","",""
"D700","CHV_DOCE","REGRA_VALIDA_CHV_NFE_CTE","1","",""
"D700","CHV_DOCE","REGRA_COMPARA_CODIGO_MODELO_CAMPO","1","",""
"D700","COD_MOD_DOC_REF","REGRA_OBRIGATORIO_COD_MOD_REF","1","FIN_DOCE","Obrigatório, se finalidade for de substituição."
"D700","CHV_DOCE_REF","REGRA_VALIDA_CHV_NFE_CTE","1","",""
"D700","CHV_DOCE_REF","REGRA_OBRIGATORIO_CHAVE_DOCE_REF_D700","1","","Se o código do modelo do documento referenciado for igual a 62(NFCom), é obrigatório o preenchimento do campo chave do nota referenciada. Caso contrário, o campo chave não deve ser preenchido.."
"D700","CHV_DOCE_REF","REGRA_COMPARA_CODIGO_MODELO_CAMPO","1","",""
"D700","HASH_DOC_REF","REGRA_NAO_INFORMAR_CAMPO_DOC_REF_D700","1","COD_MOD_DOC_REF",""
"D700","SER_DOC_REF","REGRA_NAO_INFORMAR_CAMPO_DOC_REF_D700","1","COD_MOD_DOC_REF",""
"D700","NUM_DOC_REF","REGRA_NAO_INFORMAR_CAMPO_DOC_REF_D700","1","COD_MOD_DOC_REF",""
"D700","MES_DOC_REF","REGRA_NAO_INFORMAR_CAMPO_DOC_REF_D700","1","COD_MOD_DOC_REF",""
"D730","","REGRA_EXISTE_COD_OBS_V2","6","",""
"D730","CFOP","REGRA_CFOP_ENTRADA_SAIDA","1","","Se o indicador de Operação do D700 for igual a 0-Aquisição, então o primeiro caractere do CFOP deve ser igual a 1, 2 ou 3. Se for igual a 1-Prestação, então o primeiro caractere do CFOP deve ser igual a 5, 6 ou 7."
"D730","ALIQ_ICMS","REGRA_ALIQ_MENOR_1000","1","","O valor informado para o campo deverá ser menor ou igual a 999."
"D730","VL_RED_BC","REGRA_VL_RED_BC_NFCOM","1","","O campo Base de Cálculo do ICMS deve ser maior que zero se o 2o e 3o caracteres do CSTICMS forem iguais a 2 e 0."
"D735","","REGRA_EXISTE_COD_OBS_V2","6","",""
"D737","","REGRA_EXISTE_COD_ITEM_V2","6","",""
"D737","ALIQ_ICMS","REGRA_ALIQ_MENOR_1000","1","","O valor informado para o campo deverá ser menor ou igual a 999."
"D750","","REGRA_REGISTRO_OBRIGATORIO_17002_V1","obrigatoriedade","",""
"D750","","REGRA_VALIDA_VL_BC_ICMS_NFCOM","6","","O valor desse campo deve corresponder à soma dos valores do campo VL_BC_ICMS do registro D760."
"D750","","REGRA_VALIDA_VL_ICMS_NFCOM","6","","O valor desse campo deve corresponder à soma dos valores do campo VL_ICMS do registro D760."
"D750","DT_DOC","REGRA_DATA_VALIDA_A4E5V1","0","",""
"D750","DT_DOC","REGRA_DATA_MINIMA_DOC_FISCAL","1","","A data deverá ser maior ou igual a 01/01/2000."
"D750","DT_DOC","REGRA_DATA_MENOR_IGUAL_DT_FIN_0000","1","","Data inválida. Informar data menor ou igual à data final do ""Registro 0000""."
"D750","QTD_CONS","REGRA_MAIOR_ZERO","1","","Valor informado deve ser maior que Zero."
"D750","VL_DOC","REGRA_VL_DOC_GRANDE","1","","Atenção! Valor informado superior a 200.000.000,00. Verifique se a informação está correta."
"D750","VL_DOC","REGRA_VALIDA_VL_DOC_DEDUCAO","1","",""
"D750","DED","REGRA_NAO_INFORMAR_DED_ENTRADA","1","",""
"D760","","REGRA_REGISTRO_OBRIGATORIO_17002_V1","obrigatoriedade","",""
"D760","CFOP","REGRA_CFOP_SAIDA_AMPLO","2","","CFOP inválido. Utilizar CFOP com primeiro caracter = 5, 6 ou 7."
"D760","","REGRA_EXISTE_COD_OBS_V2","6","",""
"D760","ALIQ_ICMS","REGRA_ALIQ_MENOR_1000","1","","O valor informado para o campo deverá ser menor ou igual a 999."
"D760","VL_RED_BC","REGRA_VL_RED_BC_NFCOM","1","","O campo Base de Cálculo do ICMS deve ser maior que zero se o 2o e 3o caracteres do CSTICMS forem iguais a 2 e 0."
"D761","","REGRA_REGISTRO_OBRIGATORIO_17002_V1","obrigatoriedade","",""
"D990","","REGRA_QTD_LIN_BLOCOD","0","","Quantidade de linhas do bloco D informada não confere com a esperada pelo sistema."
"D990","","REGRA_BLOCO_COM_SEM_MOVIMENTO","0","",""
"E001","","REGRA_OBRIGATORIO_E200_17001_V1","6","",""
"E100","","REGRA_DUPLICIDADE_NO_REGISTRO_E100_INTERVALO_DATA_A9E1V1","6","",""
"E100","","REGRA_ABRANGER_PERIODO_ICMS_OP","6","","Os períodos informados no registro E100 deverão abranger todo o período da escrituração, não sendo permitidos intervalos."
"E100","DT_INI","REGRA_DATA_ENTRE_DT_INI_DT_FIN_0000_DT_INI","2","",""
"E100","DT_FIN","REGRA_DATA_ENTRE_DT_INI_DT_FIN_0000_DT_FIN","2","",""
"E100","DT_INI","REGRA_DATA_VALIDA_A4E5V1","0","",""
"E100","DT_FIN","REGRA_DATA_VALIDA_A4E5V1","0","",""
"E110","","REGRA_VALIDA_SALDO_PERIODO_ANTERIOR","6","","O campo VL_SLD_CREDOR_ANT deve ter o valor igual ao valor informado no campo VL_SLD_CREDOR_TRANSPORTAR do período de apuração anterior, quando houver."
"E110","","REGRA_VL_AJ_DEBITOS_E110_17002_V1","6","","O valor é igual à soma do ICMS dos registros C197, C597, C857, C897, D197 e D737, quando os ajustes (provenientes de documento fiscal) referirem-se a débito por saídas, outros débitos ou estorno de créditos."
"E110","","REGRA_VL_TOT_AJ_DEBITOS_E110","6","","O valor deve corresponder à soma dos valores de ajustes do registro E111, quando o ajuste for referente a outros débitos."
"E110","","REGRA_VL_ESTORNOS_CRED_E110","6","","O valor deve corresponder à soma dos valores de ajustes do registro E111, quando o ajuste for referente a estorno de créditos."
"E110","","REGRA_VL_AJ_CREDITOS_E110_17002_V1","6","","O valor deve ser igual à soma do ICMS dos registros C197, C597, C857, C897, D197 e D737, quando os ajustes (provenientes de documento fiscal) referirem-se a créditos por entrada, outros créditos, estorno de débito ou dedução mais a soma dos estornos de débito transferidos para outras apurações."
"E110","","REGRA_VL_TOT_AJ_CREDITOS_E110","6","","O valor deve corresponder à soma dos valores de ajustes do registro E111, quando o ajuste for referente a outros créditos."
"E110","","REGRA_VL_ESTORNOS_DEB_E110","6","","O valor deve corresponder à soma dos valores de ajustes do registro E111, quando o ajuste for referente a estorno de débitos."
"E110","","REGRA_VL_TOT_DED_E110_17002_V1","6","","O valor deve ser igual à soma do ICMS dos registros  C197, C597, C857, C897, D197 e D737, quando a dedução for proveniente de documento fiscal (Tabela 5.3), mais a soma das deduções do registro E111."
"E110","","REGRA_ICMS_REC_E116","6","","O somatório dos campos 'Valor da obrigação a recolher' dos registros E116,  não é igual à soma dos campos 'Valor total de ICMS a recolher' e 'Valores recolhidos ou a recolher,extrapuração' do registro E110."
"E110","","REGRA_VL_TOT_DEBITOS_E110_17002_V1","6","","O valor deve ser igual à soma do campo VL_ICMS dos registros C190, C320, C390, C490, C590, C690, C790, C890, D190, D300, D390, D410, D590, D690, D696, D730, D760) para CFOP iniciado por 5, 6, 7 e CFOP 1605."
"E110","","REGRA_VL_TOT_CREDITOS_E110_17002_V1","6","","O valor deve ser igual à soma do campo VL_ICMS dos registros (C190, C590, D190, D590, D730 para CFOP iniciado por 1 (exceto 1605), 2, 3 e CFOP 5605."
"E110","","REGRA_DEB_ESP_E110_17002_V1","6","","O valor deve ser igual à soma do campo VL_ICMS dos registros analíticos para todos os documentos extemporâneos, mais a soma dos ajustes realizados no documento fiscal (C197, C597, C857, C897, D197 e D737), mais os ajustes realizados na apuração (E111)."
"E110","VL_SLD_APURADO","REGRA_SLD_DEVEDOR_E110","2","VL_TOT_DEBITOS;VL_AJ_DEBITOS;VL_TOT_AJ_DEBITOS;VL_ESTORNOS_CRED;VL_TOT_CREDITOS;VL_AJ_CREDITOS;VL_TOT_AJ_CREDITOS;VL_ESTORNOS_DEB;VL_SLD_CREDOR_ANT","Saldo devedor de ICMS apurado incorretamente."
"E110","VL_SLD_CREDOR_TRANSPORTAR","REGRA_SLD_CREDOR_E110","2","VL_TOT_DEBITOS;VL_AJ_DEBITOS;VL_TOT_AJ_DEBITOS;VL_ESTORNOS_CRED;VL_TOT_CREDITOS;VL_AJ_CREDITOS;VL_TOT_AJ_CREDITOS;VL_ESTORNOS_DEB;VL_SLD_CREDOR_ANT","Saldo credor de ICMS apurado incorretamente."
"E110","VL_ICMS_RECOLHER","REGRA_ICMS_RECOLHER","2","VL_SLD_APURADO;VL_TOT_DED","O campo 'Valor total de ICMS a recolher' deve ser igual ao campo 'Valor total de saldo devedor antes das deduções' menos o campo 'Valor total de deduções', caso o resultado seja maior que zero; ou ZERO, caso contrário."
"E110","VL_TOT_DED","REGRA_VALIDA_VL_TOT_DED_E110","2","VL_SLD_APURADO","O valor informado neste campo é maior que o valor do saldo devedor apurado (VL_SLD_APURADO) do Registro E110."
"E111","COD_AJ_APUR","REGRA_UF_COD_AJ_APUR","2","",""
"E111","","REGRA_TOT_VL_AJ_ITEM_E113","6","","O valor do ajuste da operação (VL_AJ_APUR)  deve ser igual a soma dos valores do ajuste oara a operação/item (VL_AJ_ITEM) do registro E113."
"E111","VL_AJ_APUR","REGRA_MAIOR_ZERO","1","","Valor informado deve ser maior que Zero."
"E113","","REGRA_EXISTE_COD_PART_V2","6","",""
"E113","","REGRA_EXISTE_COD_ITEM_V2","6","",""
"E113","CHV_DOCE","REGRA_OBRIGATORIO_CHV_NFE_CTE_DOCE_V6","2","COD_MOD",""
"E113","CHV_DOCE","REGRA_PREENCHER_CHV_NFE_CTE_DOCE_V4","2","COD_MOD",""
"E113","CHV_DOCE","REGRA_VALIDA_CHV_NFE_CTE","2","",""
"E113","CHV_DOCE","REGRA_COMPARA_NUM_DOC_NFE_CTE","2","NUM_DOC",""
"E113","CHV_DOCE","REGRA_COMPARA_CODIGO_MODELO","2","","O modelo da chave do documento eletrônico não confere com o modelo do documento."
"E113","","REGRA_VALIDA_SERIE_CHAVE","2","","O campo série que compõe a chave do documento fiscal eletrônico deverá ser igual ao campo Série informado no registro.##MSG_VALIDA_SERIE_CHAVE_RESUMO"
"E113","COD_PART","REGRA_OBRIGATORIO_COD_PART_E113","2","COD_MOD","Quando o modelo de documento for igual a 59 (CF-e SAT), 63 (BP-e) ou 65 (NFC-e), deve ser apresentado conteúdo VAZIO ""||"". Quando o modelo de documento for igual a 06 (NF/CEE) ou 66 (NF3e), o seu preenchimento é facultativo. Campo de preenchimento obrigatório para os demais modelos de documento."
"E113","NUM_DOC","REGRA_MAIOR_ZERO","1","","Valor informado deve ser maior que Zero."
"E113","DT_DOC","REGRA_DATA_VALIDA_A4E5V1","0","",""
"E113","DT_DOC","REGRA_DATA_MINIMA_DOC_FISCAL","1","","A data deverá ser maior ou igual a 01/01/2000."
"E116","NUM_PROC","REGRA_PREENCHE_NUM_PROC","2","IND_PROC;PROC","Se for preenchido o número do processo ou ato concessório (NUM_PROC) deverão também estar preenchidos os campos Indicador da origem do processo (IND_PROC) e Descrição resumida do processo (PROC). Caso contráiro, nenhum dos campos deverão ser preenchidos."
"E116","MES_REF","REGRA_MES_ANO_VALIDO","2","","Mês/Ano inválido. Utilizar o formato ""mmaaaa""."
"E116","COD_OR","REGRA_COD_OR_E116_E250","2","",""
"E116","DT_VCTO","REGRA_DATA_VALIDA_A4E5V1","0","",""
"E116","DT_VCTO","REGRA_DATA_MINIMA_DOC_FISCAL","1","","A data deverá ser maior ou igual a 01/01/2000."
"E116","MES_REF","REGRA_VALIDA_MES_REF","1","","Atenção: Informado mês de referência inferior a janeiro de 2000."
"E116","MES_REF","REGRA_MES_REF_MENOR_DT_INI_0000","1","",""
"E200","","REGRA_DUPLICIDADE_NO_REGISTRO_E100_CAMPOS_UF_INTERVALO_DATA_A9E1V1","6","",""
"E200","","REGRA_ABRANGER_PERIODO_ICMS_ST","6","","Os períodos informados no registro E200 deverão abranger todo o período da escrituração, para cada UF informada, não sendo permitidos intervalos."
"E200","DT_INI","REGRA_DATA_ENTRE_DT_INI_DT_FIN_0000_DT_INI","2","",""
"E200","DT_FIN","REGRA_DATA_ENTRE_DT_INI_DT_FIN_0000_DT_FIN","2","",""
"E200","DT_INI","REGRA_DATA_MENOR_IGUAL_DT_FIN_DT_INI_DT_FIN","2","DT_FIN",""
"E200","DT_INI","REGRA_DATA_VALIDA_A4E5V1","0","",""
"E200","DT_FIN","REGRA_DATA_VALIDA_A4E5V1","0","",""
"E210","","REGRA_ICMS_REC_ST_E250","6","","A soma dos valores das obrigações do ICMS ST a recolher (VL_OR dos Registros E250) deve ser igual ao VL_ICMS_RECOL_ST + DEB_ESP_ST do Registro E210"
"E210","","REGRA_VL_RETENCAO_ST_E210_A18E1V1","6","",""
"E210","","REGRA_VL_OUT_CRED_ST_E210_A7E2V1","6","",""
"E210","","REGRA_VL_DEVOL_ST_E210_A7E2V1","6","",""
"E210","","REGRA_VL_AJ_CREDITOS_ST_E210_17001_V1","6","","O valor deve ser igual à soma do ICMS_ST dos registros C197, C597, C857, C897 e D197, quando os ajustes (provenientes de documento fiscal) referirem-se a créditos por entrada, outros créditos e estornos de débito."
"E210","","REGRA_VL_OUT_DEB_ST_E210","6","","O valor deve corresponder à soma dos valores de ajustes do registro E220, quando o ajuste for referente a outros débitos e estorno de créditos."
"E210","","REGRA_VL_AJ_DEBITOS_ST_E210_14001_V1","6","","O valor deve ser igual à soma do ICMS_ST dos registros C197, C597 e D197, quando os ajustes (provenientes de documento fiscal) referirem-se a débitos por saídas, outros débitos e estornos de crédito."
"E210","","REGRA_DEDUCOES_ST_17001_V1","6","","O valor deve ser igual à soma do ICMS_ST dos registros C197, C597, C857, C897 e D197, quando a dedução for proveniente de documento fiscal , mais a soma das deduções do registro E220."
"E210","","REGRA_RESSARC_ST_E210_A7E2V1","6","",""
"E210","","REGRA_DEB_ESP_ST_E210_17001_V1","6","","O valor deve ser igual à soma do campo VL_ICMS_ST dos registros analíticos para todos os documentos extemporâneos, mais a soma dos ajustes realizados no documento fiscal (C197, C597, C857, C897 e D197), mais os ajustes realizados na apuração (E220)."
"E210","VL_SLD_DEV_ANT_ST","REGRA_SLD_DEVEDOR_ST_E210","2","VL_RETENCAO_ST;VL_OUT_DEB_ST;VL_AJ_DEBITOS_ST;VL_SLD_CRED_ANT_ST;VL_DEVOL_ST;VL_RESSARC_ST;VL_OUT_CRED_ST;VL_AJ_CREDITOS_ST","Saldo devedor de ICMS ST apurado incorretamente."
"E210","VL_SLD_CRED_ST_TRANSPORTAR","REGRA_SLD_CREDOR_ST_E210_A7E2V1","2","VL_SLD_CRED_ANT_ST;VL_DEVOL_ST;VL_RESSARC_ST;VL_OUT_CRED_ST;VL_AJ_CREDITOS_ST;VL_RETENCAO_ST;VL_OUT_DEB_ST;VL_AJ_DEBITOS_ST",""
"E210","VL_ICMS_RECOL_ST","REGRA_ICMS_ST_RECOLHER_A7E2V1","2","VL_SLD_DEV_ANT_ST;VL_DEDUCOES_ST","O valor do ICMS_ST a recolher deve corresponder ao valor do saldo apurado menos as deduções,  caso o resultado seja maior que zero; ou ZERO, caso contrário."
"E210","VL_DEDUCOES_ST","REGRA_VALIDA_VL_DEDUCOES_ST_E210","2","VL_SLD_DEV_ANT_ST","O valor informado neste campo é maior que o valor total do saldo devedor antes das deduções (VL_SLD_DEV_ANT_ST) do Registro E210."
"E220","","REGRA_UF_COD_AJ_APUR_ST","6","",""
"E220","VL_AJ_APUR","REGRA_MAIOR_ZERO","1","","Valor informado deve ser maior que Zero."
"E240","","REGRA_EXISTE_COD_ITEM_V2","6","",""
"E240","","REGRA_EXISTE_COD_PART_V2","6","",""
"E240","CHV_DOCE","REGRA_OBRIGATORIO_CHV_NFE_CTE_DOCE_V6","2","COD_MOD",""
"E240","CHV_DOCE","REGRA_PREENCHER_CHV_NFE_CTE_DOCE_V4","2","COD_MOD",""
"E240","CHV_DOCE","REGRA_VALIDA_CHV_NFE_CTE","2","",""
"E240","CHV_DOCE","REGRA_COMPARA_NUM_DOC_NFE_CTE","2","NUM_DOC",""
"E240","CHV_DOCE","REGRA_COMPARA_CODIGO_MODELO","2","","O modelo da chave do documento eletrônico não confere com o modelo do documento."
"E240","","REGRA_VALIDA_SERIE_CHAVE","2","","O campo série que compõe a chave do documento fiscal eletrônico deverá ser igual ao campo Série informado no registro.##MSG_VALIDA_SERIE_CHAVE_RESUMO"
"E240","NUM_DOC","REGRA_MAIOR_ZERO","1","","Valor informado deve ser maior que Zero."
"E240","DT_DOC","REGRA_DATA_VALIDA_A4E5V1","0","",""
"E240","DT_DOC","REGRA_DATA_MINIMA_DOC_FISCAL","1","","A data deverá ser maior ou igual a 01/01/2000."
"E250","NUM_PROC","REGRA_PREENCHE_NUM_PROC","2","IND_PROC;PROC","Se for preenchido o número do processo ou ato concessório (NUM_PROC) deverão também estar preenchidos os campos Indicador da origem do processo (IND_PROC) e Descrição resumida do processo (PROC). Caso contráiro, nenhum dos campos deverão ser preenchidos."
"E250","MES_REF","REGRA_MES_ANO_VALIDO","2","","Mês/Ano inválido. Utilizar o formato ""mmaaaa""."
"E250","COD_OR","REGRA_COD_OR_E116_E250","2","",""
"E250","DT_VCTO","REGRA_DATA_VALIDA_A4E5V1","0","",""
"E250","DT_VCTO","REGRA_DATA_MINIMA_DOC_FISCAL","1","","A data deverá ser maior ou igual a 01/01/2000."
"E250","MES_REF","REGRA_VALIDA_MES_REF","1","","Atenção: Informado mês de referência inferior a janeiro de 2000."
"E250","MES_REF","REGRA_MES_REF_MENOR_DT_INI_0000","1","",""
"E300","","REGRA_DUPLICIDADE_NO_REGISTRO_E100_CAMPOS_UF_INTERVALO_DATA_A9E1V1","6","",""
"E300","DT_INI","REGRA_DATA_ENTRE_DT_INI_DT_FIN_0000_DT_INI","2","",""
"E300","DT_FIN","REGRA_DATA_ENTRE_DT_INI_DT_FIN_0000_DT_FIN","2","",""
"E300","DT_INI","REGRA_DATA_MENOR_IGUAL_DT_FIN_DT_INI_DT_FIN","2","DT_FIN",""
"E300","","REGRA_OBRIGATORIO_E300_14001_V1","6","",""
"E300","","REGRA_ABRANGER_PERIODO_E300","6","","Os períodos informados no registro E300 deverão abranger todo o período da escrituração."
"E300","DT_INI","REGRA_DATA_VALIDA_A4E5V1","0","",""
"E300","DT_FIN","REGRA_DATA_VALIDA_A4E5V1","0","",""
"E310","","REGRA_VALIDA_VL_TOT_DEBITOS_DIFAL_12001_V1","6","",""
"E310","","REGRA_VL_TOT_CREDITOS_DIFAL_12001_V1","6","",""
"E310","","REGRA_DEB_ESP_DIFAL_12001_V1","6","",""
"E310","","REGRA_DEB_ESP_FCP_12001_V1","6","",""
"E310","","REGRA_VL_TOT_DEB_FCP_14002_V1","6","",""
"E310","","REGRA_VL_TOT_CRED_FCP_12001_V1","6","",""
"E310","","REGRA_VL_OUT_CRED_DIFAL","6","","O valor informado deve corresponder ao somatório do campo VL_AJ_APUR dos registros E311 quando o campo COD_AJ_APUR possuir o terceiro caractere igual a '2' e o quarto caractere igual a '2' ou '3'."
"E310","","REGRA_VL_OUT_CRED_FCP","6","","O valor informado deve ser a soma dos valores informados no registro E311 cujo terceira caractere seja igual a 3 e o quarto caractere igual a 2 ou 3."
"E310","","REGRA_VL_OUT_DEB_DIFAL","6","","O valor desse campo deve ser igual ao somatório dos campos VL_AJ_APUR dos registros filhos E311, quando o campo COD_AJ_APUR possuir o terceiro caractere  igual a '2' e o quarto igual a '0' ou '1'."
"E310","","REGRA_VL_OUT_DEB_FCP","6","","O valor informado deve ser a soma dos valores informados no registro E311 cujo terceira caractere seja igual a 3 e o quarto caractere igual a 0 ou 1."
"E310","","REGRA_VL_DEDUCOES_DIFAL","6","","O valor informado no campo deve corresponder ao somatório do campo VL_AJ_APUR dos registros E311, quando o campo COD_AJ_APUR possuir o terceiro caractere igual a '2' e o quarto caractere igual a '4'."
"E310","","REGRA_VL_DEDUCOES_FCP","6","","O valor informado deve ser a soma dos valores informados no registro E311 cujo terceira caractere seja igual a 3 e o quarto caractere igual a 4."
"E310","","REGRA_DIFAL_RECOL_E316_V2","6","","A soma dos campos VL_RECOL_DIFAL, DEB_ESP_DIFAL, VL_RECOL_FCP e DEB_ESP_FCP  deve ser igual a soma do campo VL_OR dos Registros filhos E316."
"E310","VL_SLD_DEV_ANT_DIFAL","REGRA_VL_SLD_DEV_ANT_DIFAL_V2","1","VL_TOT_DEBITOS_DIFAL;VL_OUT_DEB_DIFAL;VL_SLD_CRED_ANT_DIFAL;VL_TOT_CREDITOS_DIFAL;VL_OUT_CRED_DIFAL","O campo deve ser igual a  (VL_TOT_DEBITOS_DIFAL + VL_OUT_DEB_DIFAL ) menos (VL_SLD_CRED_ANT_DIFAL + VL_TOT_CREDITOS_DIFAL + VL_OUT_CRED_DIFAL) se o resultado dessa operação for maior ou igual a ZERO. Caso contrário, o campo deve ser igual a ZERO."
"E310","VL_DEDUCOES_DIFAL","REGRA_VALIDA_VL_DEDUCOES_DIFAL_E310","1","VL_SLD_DEV_ANT_DIFAL","O valor informado neste campo é maior que o valor do saldo devedor apurado (VL_SLD_DEV_ANT_DIFAL) do Registro E310."
"E310","VL_RECOL","REGRA_ICMS_DIFAL_RECOL","1","VL_SLD_DEV_ANT_DIFAL;VL_DEDUCOES_DIFAL","O campo deve ser igual a (VL_SLD_DEV_ANT_DIFAL menos VL_DEDUCOES_DIFAL) se o resultado for maior ou igual a ZERO, senão o campo deverá ser igual a ZERO."
"E310","VL_SLD_CRED_TRANSPORTAR","REGRA_VL_SLD_CRED_TRANSPORTAR_V2","1","VL_SLD_CRED_ANT_DIFAL;VL_TOT_CREDITOS_DIFAL;VL_OUT_CRED_DIFAL;VL_TOT_DEBITOS_DIFAL;VL_OUT_DEB_DIFAL","O campo deve ser igual a (VL_SLD_CRED_ANT_DIFAL + VL_TOT_CREDITOS_DIFAL + VL_OUT_CRED_DIFAL) menos (VL_TOT_DEBITOS_DIFAL+ VL_OUT_DEB_DIFAL) se o resultado for maior ou igual a ZERO. Caso contrário, o campo deve ser igual a ZERO."
"E310","VL_SLD_DEV_ANT_FCP","REGRA_VL_SLD_DEV_ANT_FCP","1","VL_TOT_DEB_FCP;VL_OUT_DEB_FCP;VL_SLD_CRED_ANT_FCP;VL_TOT_CRED_FCP","O valor informado nesse campos deve ser igual aos débitos relacionados ao FCP menos os seus créditos. Se o resultado for um valor negativo, informar zero."
"E310","VL_DEDUCOES_FCP","REGRA_VALIDA_VL_DEDUCOES_FCP_E310","1","VL_SLD_DEV_ANT_DIFAL","O valor informado neste campo é maior que o valor do saldo devedor apurado (VL_SLD_DEV_ANT_FCP) do Registro E310."
"E310","VL_RECOL_FCP","REGRA_ICMS_FCP_RECOL","1","VL_SLD_DEV_ANT_FCP;VL_DEDUCOES_FCP","O valor informado nesse campos deve ser o saldo devedor anterior do FCP menos as suas deduçoe. Se o resultado for um valor negativo, informar zero."
"E310","VL_SLD_CRED_TRANSPORTAR_FCP","REGRA_VL_SLD_CRED_TRANSPORTAR_FCP","1","VL_SLD_CRED_ANT_FCP;VL_TOT_CRED_FCP;VL_OUT_CRED_FCP;VL_TOT_DEB_FCP;VL_OUT_DEB_FCP","O valor informado nesse campo deve seri igual as créditos relacionados a FCP menos os seus débitos. Se o resultado for um valor negativo, informar zero."
"E311","","REGRA_UF_COD_AJ_APUR_DIFAL","6","",""
"E311","VL_AJ_APUR","REGRA_MAIOR_ZERO","1","","Valor informado deve ser maior que Zero."
"E313","","REGRA_EXISTE_COD_ITEM_V2","6","",""
"E313","","REGRA_EXISTE_COD_PART_V2","6","",""
"E313","","REGRA_EXISTE_COD_MOD","3","","Modelo inválido. Utilizar código da ""Tabela de Documentos Fiscais do ICMS""."
"E313","CHV_DOCE","REGRA_OBRIGATORIO_CHV_NFE_CTE_DOCE_V6","2","COD_MOD",""
"E313","CHV_DOCE","REGRA_PREENCHER_CHV_NFE_CTE_DOCE_V4","2","COD_MOD",""
"E313","CHV_DOCE","REGRA_VALIDA_CHV_NFE_CTE","2","",""
"E313","CHV_DOCE","REGRA_COMPARA_NUM_DOC_NFE_CTE","2","NUM_DOC",""
"E313","CHV_DOCE","REGRA_COMPARA_CODIGO_MODELO","2","","O modelo da chave do documento eletrônico não confere com o modelo do documento."
"E313","","REGRA_VALIDA_SERIE_CHAVE","2","","O campo série que compõe a chave do documento fiscal eletrônico deverá ser igual ao campo Série informado no registro.##MSG_VALIDA_SERIE_CHAVE_RESUMO"
"E313","NUM_DOC","REGRA_MAIOR_ZERO","1","","Valor informado deve ser maior que Zero."
"E313","DT_DOC","REGRA_DATA_VALIDA_A4E5V1","0","",""
"E313","DT_DOC","REGRA_DATA_MINIMA_DOC_FISCAL","1","","A data deverá ser maior ou igual a 01/01/2000."
"E316","NUM_PROC","REGRA_PREENCHE_NUM_PROC","2","IND_PROC;PROC","Se for preenchido o número do processo ou ato concessório (NUM_PROC) deverão também estar preenchidos os campos Indicador da origem do processo (IND_PROC) e Descrição resumida do processo (PROC). Caso contráiro, nenhum dos campos deverão ser preenchidos."
"E316","MES_REF","REGRA_MES_ANO_VALIDO","2","","Mês/Ano inválido. Utilizar o formato ""mmaaaa""."
"E316","DT_VCTO","REGRA_DATA_VALIDA_A4E5V1","0","",""
"E316","DT_VCTO","REGRA_DATA_MINIMA_DOC_FISCAL","1","","A data deverá ser maior ou igual a 01/01/2000."
"E316","MES_REF","REGRA_VALIDA_MES_REF","1","","Atenção: Informado mês de referência inferior a janeiro de 2000."
"E316","MES_REF","REGRA_MES_REF_MENOR_DT_INI_0000","1","",""
"E500","DT_INI","REGRA_DATA_ENTRE_DT_INI_DT_FIN_0000_DT_INI","2","",""
"E500","DT_FIN","REGRA_DATA_ENTRE_DT_INI_DT_FIN_0000_DT_FIN","2","",""
"E500","","REGRA_ABRANGER_PERIODO_ICMS_IPI","6","",""
"E500","","REGRA_REGISTRO_OBRIGATORIO_E510","6","",""
"E500","DT_INI","REGRA_DATA_VALIDA_A4E5V1","0","",""
"E500","DT_FIN","REGRA_DATA_VALIDA_A4E5V1","0","",""
"E520","","REGRA_DEBITOS_IPI","6","","Valor informado de débitos não confere com o informado no Registro E510 quando CFOP iniciar por ""5"" ou ""6""."
"E520","","REGRA_CREDITOS_IPI","6","","Valor informado de créditos não confere com o informado no Registro E510 quando CFOP iniciar por ""1"", ""2"" ou ""3""."
"E520","","REGRA_DEBITOS_IPI_DOCS_A11E2V1","6","",""
"E520","","REGRA_CREDITOS_IPI_DOCS_A11E2V1","6","",""
"E520","","REGRA_VL_OD_IPI","6","","Valor de ajuste ""Outros Débitos"" não confere com Registro E530."
"E520","","REGRA_VL_OC_IPI","6","","Valor de ajuste ""Outros Créditos"" não confere com Registro E530."
"E520","VL_SC_IPI","REGRA_VL_SC_IPI","2","VL_SD_ANT_IPI;VL_CRED_IPI;VL_OC_IPI;VL_DEB_IPI;VL_OD_IPI;VL_SD_IPI","Saldo credor de IPI apurado incorretamente."
"E520","VL_SD_IPI","REGRA_VL_SD_IPI","2","VL_SD_ANT_IPI;VL_CRED_IPI;VL_OC_IPI;VL_DEB_IPI;VL_OD_IPI;VL_SC_IPI","Saldo devedor de IPI apurado incorretamente."
"E530","","REGRA_VALIDA_VJ_AJ_E530","6","",""
"E530","VL_AJ","REGRA_MAIOR_ZERO","1","","Valor informado deve ser maior que Zero."
"E530","COD_AJ","REGRA_VALIDA_COD_AJ_IPI_E530","1","","Se o campo IND_AJ for igual a '0', os valores possíveis para o campo COD_AJ deverão iniciar com o número '1'. Se o campo IND_AJ for igual a '1', então os valores possíveis para o campo COD_AJ deverão iniciar com o número '0'."
"E531","","REGRA_OBRIGATORIO_E531","6","","Registro E531 obrigatório para Indicador da origem igual a documento fiscal (3)."
"E531","CHV_NFE","REGRA_VALIDA_CHV_NFE_CTE","2","",""
"E531","","REGRA_VALIDA_SERIE_CHAVE","2","","O campo série que compõe a chave do documento fiscal eletrônico deverá ser igual ao campo Série informado no registro.##MSG_VALIDA_SERIE_CHAVE_RESUMO"
"E531","CHV_NFE","REGRA_OBRIGATORIO_CHV_NFE_CTE_A13E1V2","2","COD_MOD",""
"E531","CHV_NFE","REGRA_COMPARA_CODIGO_MODELO","2","","O modelo da chave do documento eletrônico não confere com o modelo do documento."
"E531","CHV_NFE","REGRA_COMPARA_NUM_DOC_NFE_CTE","2","NUM_DOC",""
"E531","","REGRA_EXISTE_COD_MOD","3","","Modelo inválido. Utilizar código da ""Tabela de Documentos Fiscais do ICMS""."
"E531","","REGRA_EXISTE_COD_ITEM_V2","6","",""
"E531","","REGRA_EXISTE_COD_PART_V2","6","",""
"E531","","REGRA_NAO_INFORMAR_E531","6","",""
"E531","NUM_DOC","REGRA_MAIOR_ZERO","1","","Valor informado deve ser maior que Zero."
"E531","DT_DOC","REGRA_DATA_VALIDA_A4E5V1","0","",""
"E531","DT_DOC","REGRA_DATA_MINIMA_DOC_FISCAL","1","","A data deverá ser maior ou igual a 01/01/2000."
"E990","","REGRA_QTD_LIN_BLOCOE","0","","Quantidade de linhas do bloco E informada não confere com a esperada pelo sistema."
"E990","","REGRA_BLOCO_COM_SEM_MOVIMENTO","0","",""
"G110","DT_INI","REGRA_DATA_MENOR_IGUAL_DT_FIN_DT_INI_DT_FIN","2","DT_FIN",""
"G110","","REGRA_SALDO_INICIAL_G125","6","",""
"G110","","REGRA_SAIDA_DO_BEM_G125","6","",""
"G110","IND_PER_SAI","REGRA_IND_PER_SAI_EXP_A4E3V1","2","VL_TRIB_EXP;VL_TOTAL",""
"G110","ICMS_APROP","REGRA_ICMS_APROP","2","SOM_PARC;IND_PER_SAI","O valor da parcela do ICMS a ser apropriada (ICMS_APROP) deve ser igual à multiplicação do campo SOM_PARC pelo campo IND_PER_SAI."
"G110","VL_TRIB_EXP","REGRA_VL_TRIB_EXP","2","VL_TOTAL","O valor do somatório das saídas tributadas e saídas para exportação (VL_TRIB_EXP) deve ser menor ou igual ao valor total de saídas (VL_TOTAL)."
"G110","","REGRA_EXISTE_PERIODO_E100","6","","O período informado(DT_IN e DT_FIN) deve ser o mesmo em um dos registros E100."
"G110","","REGRA_SALDO_IN_ICMS","6","","O valor do Saldo inicial de ICMS do CIAP deve ser igual a soma dos valores do ICMS da Operação Própria, da Operação por Substiuição Tributária, sobre Frete e Diferencial de Aliquota( VL_IMOB_ICMS_OP + VL_IMOB_ICMS_OP_ST + VL_IMOB_ICMS_OP_FRT + VL_IMOB_ICMS_DIF ) do Registro G125 com tipo de movimentação (TIPO_MOV) igual a ""SI""."
"G110","","REGRA_SOM_ICMS_OC","6","","O valor de outras parcelas a ser apropriada na Apuração deve ser igual a soma dos valores das parcelas apropriadas de ICMS (VL_PARC_APRO do Registro G126)."
"G110","","REGRA_SOM_PARC","6","","O valor do somatório das parcelas do ICMS (SOM_PARC) do Registro G110 deve ser igual à soma dos valores das parcelas de ICMS passível de apropriação (VL_PARC_PASS) do Registro G125."
"G110","DT_INI","REGRA_DATA_VALIDA_A4E5V1","0","",""
"G110","DT_INI","REGRA_DATA_MINIMA_DOC_FISCAL","1","","A data deverá ser maior ou igual a 01/01/2000."
"G110","DT_FIN","REGRA_DATA_VALIDA_A4E5V1","0","",""
"G110","DT_FIN","REGRA_DATA_MINIMA_DOC_FISCAL","1","","A data deverá ser maior ou igual a 01/01/2000."
"G125","","REGRA_EXISTE_COD_IND_BEM","6","","Código do bem inválido. Informar código no ""Registro 0300"" antes de utilizá-lo."
"G125","","REGRA_MOVIMENTACAO_BEM_V2","6","",""
"G125","","REGRA_REGISTRO_OBRIGATORIO_G130_4002","6","",""
"G125","NUM_PARC","REGRA_OBRIGATORIEDADE_NUM_PARC","2","VL_PARC_PASS","Campo obrigatório quando o conteúdo do campo VL_PARC_PASS  for maior que Zero."
"G125","VL_PARC_PASS","REGRA_OBRIGATORIEDADE_VL_PARC","2","NUM_PARC","Campo obrigatório quando o conteúdo do campo NUM_PARC  for maior que Zero."
"G125","NUM_PARC","REGRA_PREENCHIMENTO_POR_MOVIMENTACAO_NUM_PARC_A4E3V1","2","TIPO_MOV",""
"G125","VL_PARC_PASS","REGRA_PREENCHIMENTO_POR_MOVIMENTACAO_VL_PARC_PASS_A4E3V1","2","TIPO_MOV",""
"G125","VL_IMOB_ICMS_DIF","REGRA_PREENCHIMENTO_POR_MOVIMENTACAO_VL_IMOB_ICMS_DIF_A4E3V1","2","TIPO_MOV",""
"G125","VL_IMOB_ICMS_FRT","REGRA_PREENCHIMENTO_POR_MOVIMENTACAO_VL_IMOB_ICMS_FRT_A4E3V1","2","TIPO_MOV",""
"G125","VL_IMOB_ICMS_OP","REGRA_PREENCHIMENTO_POR_MOVIMENTACAO_VL_IMOB_ICMS_OP_A4E3V1","2","TIPO_MOV",""
"G125","VL_IMOB_ICMS_ST","REGRA_PREENCHIMENTO_POR_MOVIMENTACAO_VL_IMOB_ICMS_ST_A4E3V1","2","TIPO_MOV",""
"G125","VL_IMOB_ICMS_OP","REGRA_IMOB_ICMS_MAIOR_ZERO","2","VL_IMOB_ICMS_ST;VL_IMOB_ICMS_FRT;VL_IMOB_ICMS_DIF","Para os tipos de movimentação iguais a ""SI"", ""IM"", ""IA"", ""CI"" ou ""MC"", pelo menos um dos campos VL_IMOB_ICMS_OP, VL_IMOB_ICMS_ST, VL_IMOB_ICMS_FRT ou VL_IMOB_ICMS_DIF deve ser maior que Zero."
"G125","","REGRA_DT_MOV_4002","6","","A data da movimentação deve ser igual a data inicial do período de apuração do Registro G110 quando o tipo de movimentação (TIPO_MOV) for igual a ""SI"". Para os demais tipos de movimentação a data deve ser menor ou igual à data final do período."
"G125","","REGRA_NUM_PARC","6","","O número de parcelas do ICMS (NUM_PAR) não pode ser maior que o valor informado no campo NR_PARC do Registro 0300 do bem ou componente correspondente."
"G125","","REGRA_VL_PARC_PASS","6","","O valor da parcela de ICMS passível de apropriação deve ser menor ou igual ao somatório dos campos VL_IMOB_ICMS_OP, VL_IMOB_ICMS_ST, VL_IMOB_ICMS_FRT, VL_IMOB_ICMS_DIF, dividido pelo valor informado no campo NR_PARC do Registro 0300 do bem ou componente correspondente."
"G125","","REGRA_TIPO_MOV_BEM_G125","6","",""
"G125","","REGRA_TIPO_MOV_COMPONENTE_G125","6","",""
"G125","","REGRA_VALIDA_VL_IMOB_ICMS_OP_G125","6","",""
"G125","","REGRA_VALIDA_VL_IMOB_ICMS_ST_G125","6","",""
"G125","","REGRA_VALIDA_VL_IMOB_ICMS_DIF_G125","6","",""
"G125","","REGRA_VALIDA_VL_IMOB_ICMS_FRT_G125","6","",""
"G125","DT_MOV","REGRA_DATA_VALIDA_A4E5V1","0","",""
"G125","DT_MOV","REGRA_DATA_MINIMA_DOC_FISCAL","1","","A data deverá ser maior ou igual a 01/01/2000."
"G126","DT_INI","REGRA_DATA_MENOR_IGUAL_DT_FIN_DT_INI_DT_FIN","2","DT_FIN",""
"G126","IND_PER_SAI","REGRA_IND_PER_SAI_OC_A4E3V1","2","VL_TRIB_OC;VL_TOTAL",""
"G126","VL_TRIB_OC","REGRA_VL_TRIB_OC","2","VL_TOTAL",""
"G126","DT_FIN","REGRA_MENOR_DT_INI_0000","2","",""
"G126","","REGRA_DUPLICIDADE_NO_REGISTRO_E100_INTERVALO_DATA_A9E1V1","6","",""
"G126","VL_PARC_APROP","REGRA_VL_PARC_APROP","2","VL_PARC_PASS;IND_PER_SAI","O valor da parcela do ICMS a ser apropriada (VL_PARC_APROP) deve ser menor ou igual à multiplicação do campo VL_PARC_PASS pelo campo IND_PER_SAI."
"G126","DT_INI","REGRA_DATA_VALIDA_A4E5V1","0","",""
"G126","DT_INI","REGRA_DATA_MINIMA_DOC_FISCAL","1","","A data deverá ser maior ou igual a 01/01/2000."
"G126","DT_FIN","REGRA_DATA_VALIDA_A4E5V1","0","",""
"G126","DT_FIN","REGRA_DATA_MINIMA_DOC_FISCAL","1","","A data deverá ser maior ou igual a 01/01/2000."
"G130","","REGRA_EXISTE_COD_PART_V2","6","",""
"G130","CHV_NFE_CTE","REGRA_COMPARA_NUM_DOC_NFE_CTE","2","NUM_DOC",""
"G130","CHV_NFE_CTE","REGRA_VALIDA_CHV_NFE_CTE","2","",""
"G130","CHV_NFE_CTE","REGRA_COMPARA_UF_NFE_CTE_13001_V1","2","",""
"G130","CHV_NFE_CTE","REGRA_OBRIGATORIO_CHV_NFE_CTE_A13E1V2","2","COD_MOD;IND_EMIT",""
"G130","","REGRA_VALIDA_SERIE_CHAVE","2","","O campo série que compõe a chave do documento fiscal eletrônico deverá ser igual ao campo Série informado no registro.##MSG_VALIDA_SERIE_CHAVE_RESUMO"
"G130","CHV_NFE_CTE","REGRA_OBRIGATORIO_CHV_NFE_CTE_TERCEIROS_12001_V1","2","COD_MOD;IND_EMIT",""
"G130","NUM_DOC","REGRA_MAIOR_ZERO","1","","Valor informado deve ser maior que Zero."
"G130","DT_DOC","REGRA_DATA_VALIDA_A4E5V1","0","",""
"G130","DT_DOC","REGRA_DATA_MINIMA_DOC_FISCAL","1","","A data deverá ser maior ou igual a 01/01/2000."
"G140","","REGRA_EXISTE_UNID_V2","6","",""
"G140","","REGRA_EXISTE_COD_ITEM_V2","6","",""
"G140","","REGRA_VALIDA_UNID_G140","6","",""
"G140","NUM_ITEM","REGRA_MAIOR_ZERO","1","","Valor informado deve ser maior que Zero."
"G140","QTDE","REGRA_MAIOR_ZERO","1","","Valor informado deve ser maior que Zero."
"G990","","REGRA_QTD_LIN_BLOCOG","0","","Quantidade de linhas do bloco G informada não confere com a esperada pelo sistema."
"G990","","REGRA_BLOCO_COM_SEM_MOVIMENTO","0","",""
"H005","","REGRA_REGISTRO_OBRIGATORIO_H005","obrigatoriedade","",""
"H005","","REGRA_REGISTRO_OBRIGATORIO_H010","6","",""
"H005","","REGRA_OBRIGATORIO_H020_13001_V4","6","",""
"H005","DT_INV","REGRA_DATA_MENOR_IGUAL_DT_FIN_0000_DT_INV","2","",""
"H005","DT_INV","REGRA_DT_INV_VALIDA","2","MOT_INV","Data do inventário inválida. Informar data menor que dois meses anteriores a data final do ""Registro 0000"", para motivo do inventário (MOT_INV) for igual a  '01'."
"H005","","REGRA_VL_INV","6","","O valor total do estoque (VL_INV do Registro H005) deve ser igual à soma dos valores dos itens (VL_ITEM) dos Registros H010."
"H005","","REGRA_OBRIGATORIO_MOT_INV_06_H005_15001_V1","6","",""
"H005","","REGRA_REGISTRO_H005_FINAL_PERIODO_V2","6","",""
"H005","DT_INV","REGRA_DATA_VALIDA_A4E5V1","0","",""
"H005","DT_INV","REGRA_DATA_MINIMA_DOC_FISCAL","1","","A data deverá ser maior ou igual a 01/01/2000."
"H010","","REGRA_EXISTE_COD_ITEM_V2","6","",""
"H010","","REGRA_EXISTE_UNID_V2","6","",""
"H010","","REGRA_EXISTE_COD_PART_V2","6","",""
"H010","COD_PART","REGRA_COD_PART_NAO_PREENCHER","2","IND_PROP","Se for item de propriedade do informante e em seu poder, o código do participante não deve ser informado."
"H010","","REGRA_EXISTE_UNID_PARA_ITEM_INVENTARIO","6","","A unidade de inventário deverá ser igual à unidade informada no ""Registro 0200""."
"H010","","REGRA_EXISTE_H010","6","","Se o valor total do inventário for Zero, não informar o registro H010."
"H010","IND_PROP","REGRA_IND_PROP","2","COD_PART","Obrigatório informar o código do participante, se mercadoria de propriedade ou posse de terceiros (IND_PROP = 1 ou 2)."
"H010","COD_CTA","REGRA_OBRIGATORIO_COD_CTA","2","","O campo é obrigatório para EFD ICMS/IPI com Perfil igual a 'A' ou 'B'."
"H010","","REGRA_OBRIGATORIO_MOT_INV_06_H010_15001_V1","6","",""
"H020","","REGRA_NAO_INFORMAR_H020","6","","O registro não deve ser informado para motivo do inventário igual a 06 (registro avô H005)."
"H030","","REGRA_OBRIGATORIO_H030","6","","Este registro DEVE obrigatoriamente ser informado quando o registro avô H005 possuir o campo MOT_INV igual a 06."
"H030","","REGRA_NAO_INFORMAR_H030","6","","Este registro não pode ser informado quando o registro avô H005 possuir o campo MOT_INV diferente de 06."
"H990","","REGRA_QTD_LIN_BLOCOH","0","","Quantidade de linhas do bloco H informada não confere com a esperada pelo sistema."
"H990","","REGRA_BLOCO_COM_SEM_MOVIMENTO","0","",""
"K010","","REGRA_REGISTRO_OBRIGATORIO_K010","obrigatoriedade","",""
"K100","","REGRA_ABRANGER_PERIODO_ICMS_OP_K100","6","","Os períodos informados no registro K100 deverão abranger todo o período da escrituração, não sendo permitidos intervalos."
"K100","DT_INI","REGRA_DATA_ENTRE_DT_INI_DT_FIN_0000_DT_INI","2","",""
"K100","DT_FIN","REGRA_DATA_ENTRE_DT_INI_DT_FIN_0000_DT_FIN","2","",""
"K100","","REGRA_DUPLICIDADE_NO_REGISTRO_E100_INTERVALO_DATA_A9E1V1","6","",""
"K100","DT_INI","REGRA_DATA_VALIDA_A4E5V1","0","",""
"K100","DT_FIN","REGRA_DATA_VALIDA_A4E5V1","0","",""
"K200","","REGRA_EXISTE_COD_ITEM_V2","6","",""
"K200","","REGRA_EXISTE_COD_PART_V2","6","",""
"K200","","REGRA_DATA_FINAL_ESTOQUE","6","","O campo data do estoque final deve ser igual à data final do período de apuração - campo DT_FIN do Registro K100."
"K200","","REGRA_VALIDA_COD_ITEM_ESTOQUE_ESCRITURADO_A10E2V1","6","",""
"K200","COD_PART","REGRA_OBRIGATORIO_COD_PART_ESTOQUE","2","IND_EST","O campo é obrigatório quando o IND_EST for ""1"" ou ""2""."
"K200","COD_PART","REGRA_NAO_INFORMAR_COD_PART_K200","2","IND_EST","O campo COD_PART não pode ser informado para ""Estoque de propriedade do informante e em seu poder"" (IND_EST igual a 0)."
"K200","DT_EST","REGRA_DATA_VALIDA_A4E5V1","0","",""
"K210","","REGRA_EXISTE_COD_ITEM_V2","6","",""
"K210","","REGRA_MENOR_DT_FIN_K100","6","","A data informada deve ser menor ou igual à data final da apuração do controle de produção e estoque."
"K210","","REGRA_DATA_ENTRE_DT_INI_DT_FIN_K210","6","",""
"K210","","REGRA_VALIDA_COD_ITEM_TP_ITEM_COD_ITEM_ORI","6","",""
"K210","DT_INI_OS","REGRA_DATA_VALIDA_A4E5V1","0","",""
"K210","DT_INI_OS","REGRA_DT_INI_OS_OBRIGATORIO","1","DT_FIN_OS;COD_DOC_OS","O campo deve ser informado quando existir Código de Idenficação de Ordem de Serviço ou Data de Conclusão da Ordem de Serviço."
"K210","DT_FIN_OS","REGRA_DATA_VALIDA_A4E5V1","0","",""
"K210","DT_FIN_OS","REGRA_MAIOR_IGUALDT_INI_OS","1","DT_INI_OS",""
"K210","COD_DOC_OS","REGRA_OBRIGATORIO_COD_DOC_OS","1","DT_INI_OS","O campo é de preenchimento obrigatório quando informada data inicial da Ordem de Serviço."
"K215","","REGRA_EXISTE_COD_ITEM_V2","6","",""
"K215","","REGRA_OBRIGATORIO_K215","6","","O registro deve ser informado quando não existir data inicial, data final e código da ordem de serviço."
"K215","","REGRA_DIF_COD_ITEM_ORI_COD_ITEM_DES_COD_ITEM_ORI","6","",""
"K215","","REGRA_VALIDA_COD_ITEM_TP_ITEM_COD_ITEM_DEST","6","",""
"K220","","REGRA_EXISTE_COD_ITEM_V2","6","",""
"K220","","REGRA_DATA_ENTRE_DT_INI_DT_FIN_K220","6","",""
"K220","COD_ITEM_DEST","REGRA_COD_DIFERENTE_ITEM_ORIGEM","2","COD_ITEM_ORI",""
"K220","","REGRA_VALIDA_COD_ITEM_TP_ITEM_COD_ITEM_ORI","6","",""
"K220","","REGRA_VALIDA_COD_ITEM_TP_ITEM_COD_ITEM_DEST","6","",""
"K220","DT_MOV","REGRA_DATA_VALIDA_A4E5V1","0","",""
"K220","QTD_ORI","REGRA_MAIOR_ZERO","1","","Valor informado deve ser maior que Zero."
"K220","QTD_DEST","REGRA_MAIOR_ZERO","1","","Valor informado deve ser maior que Zero."
"K230","","REGRA_EXISTE_COD_ITEM_V2","6","",""
"K230","","REGRA_VALIDA_DT_FIN_OP_12001_V1","6","","O conteúdo do campo deve ser menor ou igual a DT_FIN do registro K100 e maior ou igual ao campo DT_INI_OP.."
"K230","","REGRA_VALIDA_COD_ITEM_PRODUZIDOS_K230","6","",""
"K230","DT_INI_OP","REGRA_DATA_MENOR_IGUAL_DT_FIN_0000_DT_INI_OP","2","",""
"K230","DT_INI_OP","REGRA_OBRIGATORIO_DT_INI_OP","2","COD_DOC_OP","Campo obrigatório se pelo menos um dos campos estiver preenchido (COD_DOC_OP ou DT_FIN_OP)"
"K230","","REGRA_OBRIGATORIO_K235_V2","6","","O Registro K235 é de preenchimento obrigatório quando o campo IND_TP_LEIAUTE do Registro K010 for igual a '1'(Completo) e:  os campos DT_INI_OP, DT_FIN_OP e COD_DOC_OP não forem informados ou quando os campos DT_INI_OP e DT_FIN_OP do Registro pai K230 estiverem compreendidos no período de apuração do Registro K100.##MSG_K235_RESUMO"
"K230","","REGRA_VALIDA_PRIMEIRA_APURACAO_K230","6","","Quando conteúdo do campo DT_FIN_OP for menor que o campo DT_INI do registro 0000, o Registro K230 deve ser informado no primeiro período de apuração do K100."
"K230","DT_INI_OP","REGRA_DATA_VALIDA_A4E5V1","0","",""
"K230","DT_FIN_OP","REGRA_DATA_VALIDA_A4E5V1","0","",""
"K230","COD_DOC_OP","REGRA_OBRIGATORIO_COD_DOC_OP","1","DT_INI_OP","Obrigatório informar o código de identificação da ordem de produção quando informada a sua data de início."
"K230","QTD_ENC","REGRA_QTD_ENC_MAIOR_ZERO_V2","1","DT_INI_OP;DT_FIN_OP;COD_DOC_OP",""
"K230","QTD_ENC","REGRA_QTD_ENC_IGUAL_ZERO","1","DT_FIN_OP","O conteúdo do campo deve ser igual a zero quando o campo DT_FIN_OP estiver preenchido e for menor que o campo DT_INI do Registro 0000."
"K235","","REGRA_EXISTE_COD_ITEM_V2","6","",""
"K235","","REGRA_DATA_ENTRE_DT_INI_DT_FIN_K235","6","",""
"K235","","REGRA_VALIDA_DT_SAIDA_ESTOQUE_ALOCACAO_PRODUTO","6","","O campo DT_SAIDA deve estar compreendido no período da ordem de produção. Caso não tenha sido informada a data final da produção, esse campo deve ser maior ou igual a DT_INI_OP."
"K235","","REGRA_DIFERENTE_COD_ITEM_RESULTANTE_K230","6","",""
"K235","","REGRA_VALIDA_COD_ITEM_TP_ITEM","6","","O campo somente pode ser informado com COD_ITEM cujo campo TIPO_ITEM possua valores iguais a 00, 01, 02, 03, 04, 05 ou 10."
"K235","DT_SAIDA","REGRA_DATA_VALIDA_A4E5V1","0","",""
"K235","QTD","REGRA_MAIOR_ZERO","1","","Valor informado deve ser maior que Zero."
"K250","","REGRA_EXISTE_COD_ITEM_V2","6","",""
"K250","","REGRA_DATA_ENTRE_DT_INI_DT_FIN_K250","6","",""
"K250","","REGRA_VALIDA_COD_ITEM_PRODUZIDOS_K250","6","",""
"K250","DT_PROD","REGRA_DATA_VALIDA_A4E5V1","0","",""
"K250","QTD","REGRA_MAIOR_ZERO","1","","Valor informado deve ser maior que Zero."
"K255","","REGRA_REGISTRO_OBRIGATORIO_K255","obrigatoriedade","","Se existir K250 e o tipo de leiaute(Campo Indicador de tipo de leiaute do K010) for igual a 1(Completo), o registro K255 é obrigatório."
"K255","","REGRA_EXISTE_COD_ITEM_V2","6","",""
"K255","","REGRA_DATA_ENTRE_DT_INI_DT_FIN_K255","6","",""
"K255","","REGRA_DIFERENTE_COD_ITEM_RESULTANTE_K250","6","",""
"K255","","REGRA_VALIDA_COD_ITEM_TP_ITEM","6","","O campo somente pode ser informado com COD_ITEM cujo campo TIPO_ITEM possua valores iguais a 00, 01, 02, 03, 04, 05 ou 10."
"K255","DT_CONS","REGRA_DATA_VALIDA_A4E5V1","0","",""
"K255","QTD","REGRA_MAIOR_ZERO","1","","Valor informado deve ser maior que Zero."
"K260","","REGRA_EXISTE_COD_ITEM_V2","6","",""
"K260","","REGRA_OBRIGATORIO_COD_OP_OS","6","","O campo deve ser informado se não houver data de retorno ao estoque e a data de saída do estoque estiver dentro do período de apuração do K100."
"K260","","REGRA_DATA_ENTRE_DT_INI_DT_FIN_K260","6","",""
"K260","","REGRA_VALIDA_COD_ITEM_TP_ITEM","6","","O campo somente pode ser informado com COD_ITEM cujo campo TIPO_ITEM possua valores iguais a 00, 01, 02, 03, 04, 05 ou 10."
"K260","","REGRA_MENOR_DT_FIN_K100_K260","6","",""
"K260","DT_SAIDA","REGRA_DATA_VALIDA_A4E5V1","0","",""
"K260","DT_RET","REGRA_MAIOR_IGUAL_DT_SAIDA","1","","A data informada deve ser maior ou igual a data de saída do estoque."
"K260","DT_RET","REGRA_DATA_VALIDA_A4E5V1","0","",""
"K260","QTD_RET","REGRA_OBRIGATORIO_QTD_RET","1","DT_RET","O campo deve ser informado quando existir data de retorno ao estoque."
"K265","","REGRA_EXISTE_COD_ITEM_V2","6","",""
"K265","QTD_CONS","REGRA_OBRIGATORIO_QTD","2","QTD_RET","É obrigatório que pelo menos um dos campos de quantidade seja preenchido."
"K265","","REGRA_DIF_COD_ITEM_ORI_COD_ITEM_COD_ITEM","6","",""
"K265","","REGRA_VALIDA_COD_ITEM_TP_ITEM","6","","O campo somente pode ser informado com COD_ITEM cujo campo TIPO_ITEM possua valores iguais a 00, 01, 02, 03, 04, 05 ou 10."
"K270","","REGRA_EXISTE_COD_ITEM_V2","6","",""
"K270","DT_FIN_AP","REGRA_MENOR_DT_INI_0000_DT_FIN_AP","2","",""
"K270","DT_INI_AP","REGRA_MENOR_DT_INI_0000_DT_INI_AP","2","",""
"K270","","REGRA_VALIDA_COD_ITEM_TP_ITEM","6","","O campo somente pode ser informado com COD_ITEM cujo campo TIPO_ITEM possua valores iguais a 00, 01, 02, 03, 04, 05 ou 10."
"K270","DT_INI_AP","REGRA_DATA_VALIDA_A4E5V1","0","",""
"K270","DT_FIN_AP","REGRA_DATA_VALIDA_A4E5V1","0","",""
"K270","DT_FIN_AP","REGRA_MAIOR_IGUAL_DT_INI_AP","1","DT_INI_AP","A data final deve ser maior ou igual a data inicial do apontamento."
"K270","QTD_COR_POS","REGRA_MAIOR_ZERO","1","","Valor informado deve ser maior que Zero."
"K270","QTD_COR_NEG","REGRA_MAIOR_ZERO","1","","Valor informado deve ser maior que Zero."
"K270","QTD_COR_NEG","REGRA_SOMENTE_INFORMAR_QTD_UNICA","1","QTD_COR_POS","Somente um dos campos quantidade pode ser informado para o registro."
"K275","","REGRA_EXISTE_COD_ITEM_V2","6","",""
"K275","","REGRA_OBRIGATORIO_K275","6","","O registro deve ser informado para ORIGEM (K270) igual a 5 ou quando o registro K270 não possuir correção de quantidade negativa ou positiva."
"K275","","REGRA_OBRIGATORIO_QTD_EXCETO_K220","6","","É obrigatório que pelo menos um dos campos de quantidade seja preenchido."
"K275","","REGRA_SOMENTE_INFORMAR_COD_INS_SUBST","6","","O camo somente pode ser informado para ORIGEM igual a 1 ou 2."
"K275","QTD_COR_POS","REGRA_MAIOR_ZERO","1","","Valor informado deve ser maior que Zero."
"K275","QTD_COR_NEG","REGRA_SOMENTE_INFORMAR_QTD_UNICA","1","QTD_COR_POS","Somente um dos campos quantidade pode ser informado para o registro."
"K275","QTD_COR_NEG","REGRA_MAIOR_ZERO","1","","Valor informado deve ser maior que Zero."
"K280","","REGRA_EXISTE_COD_ITEM_V2","6","",""
"K280","","REGRA_EXISTE_COD_PART_V2","6","",""
"K280","COD_PART","REGRA_OBRIGATORIO_COD_PART_ESTOQUE","2","IND_EST","O campo é obrigatório quando o IND_EST for ""1"" ou ""2""."
"K280","","REGRA_VALIDA_COD_ITEM_ESTOQUE_ESCRITURADO_A10E2V1","6","",""
"K280","","REGRA_OBRIGATORIO_INFORMAR_QTD_15001_V1","2","QTD_COR_POS",""
"K280","DT_EST","REGRA_DATA_VALIDA_A4E5V1","0","",""
"K280","DT_EST","REGRA_MENOR_DT_INI_0000_V2","1","",""
"K280","QTD_COR_POS","REGRA_MAIOR_ZERO","1","","Valor informado deve ser maior que Zero."
"K280","QTD_COR_NEG","REGRA_SOMENTE_INFORMAR_QTD_UNICA","1","QTD_COR_POS","Somente um dos campos quantidade pode ser informado para o registro."
"K280","QTD_COR_NEG","REGRA_MAIOR_ZERO","1","","Valor informado deve ser maior que Zero."
"K290","DT_INI_OP","REGRA_OBRIGATORIO_DT_INI_OP","2","COD_DOC_OP","Campo obrigatório se pelo menos um dos campos estiver preenchido (COD_DOC_OP ou DT_FIN_OP)"
"K290","","REGRA_COD_DOC_OP","6","",""
"K290","","REGRA_MENOR_DT_FIN_K100_K290","6","",""
"K290","","REGRA_NAO_INFORMAR_REGISTROS_FILHOS","6","","Se o campo DT_FIN_OP for menor que o campo DT_INI do Registro 0000, é obrigatório que seja informado pelo menos um Registro K291 e não deve existir nenhum Registro filho K292."
"K290","","REGRA_OBRIGATORIO_REGISTRO_K292","6","","Se o campo IND_TP_LEIAUTE do Registro pai K010 for igual a 1 e os campos de DT_INI_OP e DT_FIN_OP do registro estiverem contidos no período do Registro pai K100, então é obrigatório que exista pelo menos um registro filho K292.##MSG_K292_RESUMO"
"K290","DT_INI_OP","REGRA_DATA_VALIDA_A4E5V1","0","",""
"K290","DT_FIN_OP","REGRA_DATA_VALIDA_A4E5V1","0","",""
"K290","DT_FIN_OP","REGRA_MAIOR_DT_INI_OP","1","","Se preenchido, o campo deve ser maior ou igual ao campo DT_INI_OP."
"K290","COD_DOC_OP","REGRA_OBRIGATORIO_COD_DOC_OP","1","DT_INI_OP","Obrigatório informar o código de identificação da ordem de produção quando informada a sua data de início."
"K291","","REGRA_EXISTE_COD_ITEM_V2","6","",""
"K291","","REGRA_VALIDA_COD_ITEM_PRODUZIDOS_K291","6","",""
"K291","QTD","REGRA_MAIOR_ZERO","1","","Valor informado deve ser maior que Zero."
"K292","","REGRA_EXISTE_COD_ITEM_V2","6","",""
"K292","","REGRA_VALIDA_COD_ITEM_TP_ITEM","6","","O campo somente pode ser informado com COD_ITEM cujo campo TIPO_ITEM possua valores iguais a 00, 01, 02, 03, 04, 05 ou 10."
"K292","","REGRA_COD_ITEM_K291_K292","6","","O valor informado no campo COD_ITEM do Registro K292 deve ser diferente dos campos COD_ITEM informados no Registro K291."
"K292","QTD","REGRA_MAIOR_ZERO","1","","Valor informado deve ser maior que Zero."
"K300","","REGRA_DATA_ENTRE_DT_INI_DT_FIN_K300","6","",""
"K300","DT_PROD","REGRA_DATA_VALIDA_A4E5V1","0","",""
"K301","","REGRA_EXISTE_COD_ITEM_V2","6","",""
"K301","","REGRA_VALIDA_COD_ITEM_PRODUZIDOS_K301","6","",""
"K301","QTD","REGRA_MAIOR_ZERO","1","","Valor informado deve ser maior que Zero."
"K302","","REGRA_REGISTRO_OBRIGATORIO_K302","obrigatoriedade","","Se existir K300 e o tipo de leiaute(Campo Indicador de tipo de leiaute do K010) for igual a 1(Completo), o registro K302 é obrigatório."
"K302","","REGRA_EXISTE_COD_ITEM_V2","6","",""
"K302","","REGRA_VALIDA_COD_ITEM_TP_ITEM","6","","O campo somente pode ser informado com COD_ITEM cujo campo TIPO_ITEM possua valores iguais a 00, 01, 02, 03, 04, 05 ou 10."
"K302","","REGRA_COD_ITEM_K301_K302","6","","O valor informado no campo COD_ITEM do Registro K302 deve ser diferente dos campos COD_ITEM informados no Registro K301."
"K302","QTD","REGRA_MAIOR_ZERO","1","","Valor informado deve ser maior que Zero."
"K990","","REGRA_QTD_LIN_BLOCOK","0","","Quantidade de linhas do bloco K informada não confere com a esperada pelo sistema."
"K990","","REGRA_BLOCO_COM_SEM_MOVIMENTO","0","",""
"1010","IND_GIAF1","REGRA_SOMENTE_INFORMAR_PARA_UF","1","",""
"1010","IND_GIAF3","REGRA_SOMENTE_INFORMAR_PARA_UF","1","",""
"1010","IND_GIAF4","REGRA_SOMENTE_INFORMAR_PARA_UF","1","",""
"1100","DT_DE","REGRA_DATA_MENOR_IGUAL_DT_FIN_0000_DE","2","",""
"1100","DT_RE","REGRA_DATA_MENOR_IGUAL_DT_FIN_0000_RE","2","",""
"1100","DT_CHC","REGRA_DATA_MENOR_IGUAL_DT_FIN_0000_CHC","2","",""
"1100","DT_AVB","REGRA_DATA_MENOR_IGUAL_DT_FIN_0000_AVB","2","",""
"1100","NRO_RE","REGRA_OBRIGATORIO_IND_DOC_NRO_RE","2","",""
"1100","DT_RE","REGRA_OBRIGATORIO_IND_DOC_DT_RE","2","",""
"1100","","REGRA_EXISTE_1110","6","","Se exportação indireta (NAT_EXP = 1), informe os Registros 1105 e 1110."
"1100","","REGRA_OBRIGATORIO_BLOCO1_1100","6","",""
"1100","","REGRA_NAO_INFORMAR_BLOCO1_1100","6","",""
"1100","DT_DE","REGRA_DATA_VALIDA_A4E5V1","0","",""
"1100","DT_DE","REGRA_DATA_MINIMA_DOC_FISCAL","1","","A data deverá ser maior ou igual a 01/01/2000."
"1100","DT_RE","REGRA_DATA_VALIDA_A4E5V1","0","",""
"1100","DT_CHC","REGRA_DATA_VALIDA_A4E5V1","0","",""
"1100","DT_CHC","REGRA_DATA_MINIMA_DOC_FISCAL","1","","A data deverá ser maior ou igual a 01/01/2000."
"1100","DT_AVB","REGRA_DATA_VALIDA_A4E5V1","0","",""
"1100","DT_AVB","REGRA_DATA_MINIMA_DOC_FISCAL","1","","A data deverá ser maior ou igual a 01/01/2000."
"1105","","REGRA_EXISTE_COD_ITEM_V2","6","",""
"1105","DT_DOC","REGRA_DATA_MENOR_IGUAL_DT_FIN_0000_DT_DOC","2","",""
"1105","CHV_NFE","REGRA_OBRIGATORIO_CHV_NFE_CTE_A13E1V2","2","COD_MOD",""
"1105","CHV_NFE","REGRA_COMPARA_NUM_DOC_NFE_CTE","2","NUM_DOC",""
"1105","CHV_NFE","REGRA_VALIDA_CHV_NFE_CTE","2","",""
"1105","CHV_NFE","REGRA_PREENCHER_CHV_NFE_CTE_A13E1V2","2","COD_MOD",""
"1105","CHV_NFE","REGRA_VALIDA_UF_NFE_CTE","2","",""
"1105","CHV_NFE","REGRA_VALIDA_CNPJ_NFE_14001_V1","2","",""
"1105","","REGRA_VALIDA_SERIE_CHAVE","2","","O campo série que compõe a chave do documento fiscal eletrônico deverá ser igual ao campo Série informado no registro.##MSG_VALIDA_SERIE_CHAVE_RESUMO"
"1105","NUM_DOC","REGRA_MAIOR_ZERO","1","","Valor informado deve ser maior que Zero."
"1105","DT_DOC","REGRA_DATA_VALIDA_A4E5V1","0","",""
"1105","DT_DOC","REGRA_DATA_MINIMA_DOC_FISCAL","1","","A data deverá ser maior ou igual a 01/01/2000."
"1110","","REGRA_EXISTE_UNID_V2","6","",""
"1110","","REGRA_EXISTE_COD_PART_V2","6","",""
"1110","DT_DOC","REGRA_DATA_MENOR_IGUAL_DT_FIN_0000_DT_DOC","2","",""
"1110","CHV_NFE","REGRA_VALIDA_CHV_NFE_CTE","2","",""
"1110","CHV_NFE","REGRA_OBRIGATORIO_CHV_NFE_CTE_A13E1V2","2","COD_MOD",""
"1110","CHV_NFE","REGRA_COMPARA_NUM_DOC_NFE_CTE","2","NUM_DOC",""
"1110","CHV_NFE","REGRA_PREENCHER_CHV_NFE_CTE_A13E1V2","2","COD_MOD",""
"1110","","REGRA_VALIDA_SERIE_CHAVE","2","","O campo série que compõe a chave do documento fiscal eletrônico deverá ser igual ao campo Série informado no registro.##MSG_VALIDA_SERIE_CHAVE_RESUMO"
"1110","","REGRA_COMPARA_CNPJ_DOCE_EXPORTACAO","6","",""
"1110","NUM_DOC","REGRA_MAIOR_ZERO","1","","Valor informado deve ser maior que Zero."
"1110","DT_DOC","REGRA_DATA_VALIDA_A4E5V1","0","",""
"1110","DT_DOC","REGRA_DATA_MINIMA_DOC_FISCAL","1","","A data deverá ser maior ou igual a 01/01/2000."
"1200","COD_AJ_APUR","REGRA_UF_COD_AJ_APUR","2","",""
"1200","SLD_CRED_FIM","REGRA_SDL_CRED_FINAL","2","SLD_CRED;CRED_APR;CRED_RECEB;CRED_UTIL","O valor do saldo de crédito fiscal acumulado a transportar para o período seguinte, SDL_CRED_FIM, deve ser igual a soma dos valores da Saldo de créditos fiscais de períodos anteriores, do Total de crédito apropriado no mês e do Total de créditos recebidos por transferência menos o Valor do Crédito utilizado no período (SLD_CRED+CRED_APR+CRED_RECEB-CRED_UTIL)."
"1200","","REGRA_TOTAL_CRED_UTIL","6","","O valor total de créditos utlizados no período,CRED_UTIL (Registro 1200), deve ser igual a soma dos valores VL_CRD_UTIL (Registro 1210) informado nos seus registros filhos."
"1200","","REGRA_EXISTE_1210","6","","Se o total de créditos utilizados no período for maior que zero, deve existir o registro 1210."
"1200","","REGRA_OBRIGATORIO_BLOCO1_1200","6","",""
"1200","","REGRA_NAO_INFORMAR_BLOCO1_1200","6","",""
"1210","TIPO_UTIL","REGRA_UF_TIPO_UTIL","2","",""
"1210","","REGRA_NAO_EXISTIR_1210","6","","O registro 1210 não poderá existir quando o total de créditos utilizados no período do registro 1200 for igual a zero."
"1210","CHV_DOCE","REGRA_VALIDA_CHV_NFE_CTE","2","",""
"1210","VL_CRED_UTIL","REGRA_MAIOR_ZERO","1","","Valor informado deve ser maior que Zero."
"1250","","REGRA_VALIDA_VL_CREDITO_ICMS_OP_1250","6","",""
"1250","","REGRA_VALIDA_VL_ICMS_ST_REST_1250","6","",""
"1250","","REGRA_VALIDA_VL_FCP_ST_REST_1250","6","",""
"1250","","REGRA_VALIDA_VL_ICMS_ST_COMPL_1250","6","",""
"1250","","REGRA_VALIDA_VL_FCP_ST_COMPL_1250","6","",""
"1250","","REGRA_OBRIGATORIO_BLOCO1_1250","6","",""
"1250","","REGRA_NAO_INFORMAR_BLOCO1_1250","6","",""
"1255","","REGRA_VALIDA_VL_ICMS_ST_REST_MOT","6","",""
"1255","","REGRA_VALIDA_VL_FCP_ST_REST_MOT","6","",""
"1255","","REGRA_VALIDA_VL_ICMS_ST_COMPL_MOT","6","",""
"1255","","REGRA_VALIDA_VL_FCP_ST_COMPL_MOT","6","",""
"1255","","REGRA_NAO_INFORMAR_1255_SEM_COD_MOT_REST_COMPL_UTILIZADO","6","",""
"1300","","REGRA_EXISTE_COD_ITEM_V2","6","",""
"1300","DT_FECH","REGRA_DATA_ENTRE_DT_INI_DT_FIN_0000_DT_FECH","2","",""
"1300","VOL_DISP","REGRA_VOL_DISP","2","ESQT_ABERT;VOL_ENTR","O valor informado no campo deverá ser igual ao Estoque no inicio do dia somado ao Volume Total das Entradas."
"1300","ESTQ_ESCR","REGRA_ESTQ_ESCR","2","VOL_DISP;VOL_SAIDAS","O valor informado no campo deverá ser igual ao Volume Disponível menos o Volume Total das Saídas."
"1300","","REGRA_OBRIGATORIO_BLOCO1_1300","6","",""
"1300","","REGRA_NAO_INFORMAR_BLOCO1_1300","6","",""
"1300","","REGRA_FECH_FISICO","6","","O valor informado neste campo é diferente do somatório do Volume aferido no tanque (FECH_FISICO) do Registro 1310."
"1300","FECH_FISICO","REGRA_FECHAMENTO_ESTOQUE","2","ESTQ_ESCR;VAL_AJ_PERDA;VAL_AJ_GANHO","O campo Estoque de Fechamento deve ser igual ao Estoque Escritural menos Valor da Perda mais Valor do ganho."
"1300","DT_FECH","REGRA_DATA_VALIDA_A4E5V1","0","",""
"1300","DT_FECH","REGRA_DATA_MINIMA_DOC_FISCAL","1","","A data deverá ser maior ou igual a 01/01/2000."
"1310","VOL_DISP","REGRA_VOL_DISP","2","ESQT_ABERT;VOL_ENTR","O valor informado no campo deverá ser igual ao Estoque no inicio do dia somado ao Volume Total das Entradas."
"1310","ESTQ_ESCR","REGRA_ESTQ_ESCR","2","VOL_DISP;VOL_SAIDAS","O valor informado no campo deverá ser igual ao Volume Disponível menos o Volume Total das Saídas."
"1310","FECH_FISICO","REGRA_FECHAMENTO_ESTOQUE","2","ESTQ_ESCR;VAL_AJ_PERDA;VAL_AJ_GANHO","O campo Estoque de Fechamento deve ser igual ao Estoque Escritural menos Valor da Perda mais Valor do ganho."
"1310","CAP_TANQUE","REGRA_MAIOR_ZERO","1","","Valor informado deve ser maior que Zero."
"1320","","REGRA_REGISTRO_OBRIGATORIO_1320","obrigatoriedade","",""
"1320","VOL_VENDAS","REGRA_VOL_VENDAS_1320_A7E1V1","2","VAL_FECHA;VAL_ABERT;VOL_AFERI",""
"1320","NUM_BICO","REGRA_MAIOR_ZERO","1","","Valor informado deve ser maior que Zero."
"1320","CNPJ_INTERV","REGRA_DIGITO_CNPJ","1","",""
"1320","CPF_INTERV","REGRA_DIGITO_CPF","1","",""
"1350","","REGRA_REGISTRO_OBRIGATORIO_1350","obrigatoriedade","",""
"1360","DAT_APLICACAO","REGRA_DATA_MENOR_IGUAL_DT_FIN_0000_DAT_APLICACAO","2","",""
"1360","DAT_APLICACAO","REGRA_DATA_VALIDA_A4E5V1","0","",""
"1360","DAT_APLICACAO","REGRA_DATA_MINIMA_DOC_FISCAL","1","","A data deverá ser maior ou igual a 01/01/2000."
"1370","","REGRA_EXISTE_COD_ITEM_V2","6","",""
"1390","","REGRA_OBRIGATORIO_BLOCO1_1390","6","",""
"1390","","REGRA_NAO_INFORMAR_BLOCO1_1390","6","",""
"1391","DT_REGISTRO","REGRA_DATA_ENTRE_DT_INI_DT_FIN_0000_DT_REGISTRO","2","",""
"1391","ESTQ_FIN","REGRA_VL_ESTQ_FIN","2","ESTQ_INI;QTD_PRODUZ;ENT_ANID_HID;OUTR_ENTR;PERDA;CONS;SAI_ANI_HID;SAIDAS","O valor do Estoque final deve ser igual à soma do Estoque inicial mais a Quantidade produzida mais a Entrada de álcool decorrente de transformação mais Outras entradas menos a Evaporação, o Consumo, a Saída para transformação e a Saída."
"1391","DT_REGISTRO","REGRA_DATA_VALIDA_A4E5V1","0","",""
"1391","QTD_RESIDUO","REGRA_VALIDA_QTD_RESIDUO","1","QTD_RESIDUO_DDG;QTD_RESIDUO_WDG;QTD_RESIDUO_CANA","O valor desse campo deve corresponder à soma  dos campos QTD_RESIDUO_ DDG, QTD_RESIDUO_ WDG e QTD_RESIDUO_ CANA."
"1391","QTD_RESIDUO_DDG","REGRA_VALIDA_QTD_RESIDUO_DDG","1","TP_RESIDUO","O valor desse campo não pode ser maior que zero quando o campo 19 (TP_RESIDUO) for preenchido com os valores 01 ou 03."
"1391","QTD_RESIDUO_WDG","REGRA_VALIDA_QTD_RESIDUO_WDG","1","TP_RESIDUO","O valor desse campo não pode ser maior que zero quando o campo 19 (TP_RESIDUO) for preenchido com os valores 01 ou 02."
"1391","QTD_RESIDUO_CANA","REGRA_VALIDA_QTD_RESIDUO_CANA","1","TP_RESIDUO","O valor desse campo não pode ser maior que zero quando o campo 19 (TP_RESIDUO) for preenchido com os valores 02, 03 ou 04."
"1400","","REGRA_OBRIGATORIO_BLOCO1_1400","6","",""
"1400","","REGRA_NAO_INFORMAR_BLOCO1_1400","6","",""
"1400","COD_ITEM_IPM","REGRA_VALIDA_COD_ITEM_1400_19001","2","",""
"1400","","REGRA_COD_MUN_EM_UF_1400","6","","Código do Município deve pertencer à UF informada no Registro 0000 ou no Registro 0015."
"1400","MUN","REGRA_VALIDA_COD_MUN_DIFERENTE_9999999","0","","O código do munícipio não pode ser 9999999 para este caso."
"1400","VALOR","REGRA_MAIOR_ZERO","1","","Valor informado deve ser maior que Zero."
"1500","","REGRA_EXISTE_COD_INF_V2","6","",""
"1500","","REGRA_EXISTE_COD_PART_V2","6","",""
"1500","","REGRA_OBRIGATORIO_BLOCO1_1500","6","",""
"1500","","REGRA_NAO_INFORMAR_BLOCO1_1500","6","",""
"1500","DT_DOC","REGRA_DATA_MENOR_IGUAL_DT_FIN_0000_DT_DOC","2","",""
"1500","NUM_DOC","REGRA_MAIOR_ZERO","1","","Valor informado deve ser maior que Zero."
"1500","DT_DOC","REGRA_DATA_VALIDA_A4E5V1","0","",""
"1500","DT_DOC","REGRA_DATA_MINIMA_DOC_FISCAL","1","","A data deverá ser maior ou igual a 01/01/2000."
"1500","DT_E_S","REGRA_DATA_VALIDA_A4E5V1","0","",""
"1500","DT_E_S","REGRA_DATA_MINIMA_DOC_FISCAL","1","","A data deverá ser maior ou igual a 01/01/2000."
"1500","VL_DOC","REGRA_VL_DOC_GRANDE","1","","Atenção! Valor informado superior a 200.000.000,00. Verifique se a informação está correta."
"1500","VL_DOC","REGRA_MAIOR_ZERO","1","","Valor informado deve ser maior que Zero."
"1510","","REGRA_EXISTE_COD_ITEM_V2","6","",""
"1510","","REGRA_EXISTE_UNID_V2","6","",""
"1510","","REGRA_EXISTE_COD_PART_V2","6","",""
"1510","","REGRA_CST_ICMS_CAMPOS_ICMS_1510","6","",""
"1510","","REGRA_CST_ICMS_CAMPOS_ST_COM_COD_SIT_1510","6","",""
"1510","","REGRA_CFOP_1500","6","","CFOP inválido. Utilizar CFOP com primeiro caractere = 6, quando for operação de saída."
"1510","","REGRA_COERENCIA_CFOP_D510","6","",""
"1510","ALIQ_ICMS","REGRA_ALIQ_MENOR_1000","1","","O valor informado para o campo deverá ser menor ou igual a 999."
"1510","ALIQ_ST","REGRA_ALIQ_MENOR_1000","1","","O valor informado para o campo deverá ser menor ou igual a 999."
"1601","","REGRA_EXISTE_COD_PART_V3","6","",""
"1601","","REGRA_OBRIGATORIO_BLOCO1_1601","6","",""
"1601","","REGRA_NAO_INFORMAR_BLOCO1_1601","6","",""
"1700","","REGRA_OBRIGATORIO_BLOCO1_1700","6","",""
"1700","","REGRA_NAO_INFORMAR_BLOCO1_1700","6","",""
"1700","NUM_DOC_FIN","REGRA_NUMDOC","2","NUM_DOC_INI","Número inválido. O número do documento final deve ser maior ou igual ao número do documento inicial."
"1700","NUM_DOC_INI","REGRA_MAIOR_ZERO","1","","Valor informado deve ser maior que Zero."
"1700","NUM_DOC_FIN","REGRA_MAIOR_ZERO","1","","Valor informado deve ser maior que Zero."
"1710","NUM_DOC_FIN","REGRA_NUMDOC","2","NUM_DOC_INI","Número inválido. O número do documento final deve ser maior ou igual ao número do documento inicial."
"1710","","REGRA_NUM_DOC_CANC_INTERVALO_1700_INI","6","",""
"1710","","REGRA_NUM_DOC_CANC_INTERVALO_1700_FIN","6","",""
"1800","VL_FAT","REGRA_VL_FAT_1800","2","VL_CARGA;VL_PASS",""
"1800","IND_RAT","REGRA_IND_RAT_1800_A4E5V5","2","VL_CARGA;VL_FAT",""
"1800","VL_ICMS_APUR","REGRA_VL_ICMS_APUR_1800","2","IND_RAT;VL_ICMS_ANT",""
"1800","VL_ICMS_APUR","REGRA_VL_BC_ICMS_APUR_1800","2","IND_RAT;VL_BC_ICMS",""
"1800","VL_DIF","REGRA_VL_DIF_1800","2","VL_ICMS_APUR;VL_ICMS_ANT",""
"1800","","REGRA_OBRIGATORIO_BLOCO1_1800","6","",""
"1800","","REGRA_NAO_INFORMAR_BLOCO1_1800","6","",""
"1900","","REGRA_OBRIGATORIO_1900_17001_V1","6","","Caso sejam informados Código do ajustes/benefício/incentivo nos registros C197, C597, C857, C897 ou D197 em que o quarto caractere seja igual a ""3"", ""4"", ""5"", ""6"", ""7"", ou ""8"" deve ser informado registro 1900 com o indicador de apuração correspondente."
"1900","","REGRA_ABRANGER_PERIODO_ICMS_OP_1900","6","","Os períodos informados no registro deverão corresponder ao mesmo períodos informados nos registros E100, para cada tipo de sub-apuração(1900)."
"1910","","REGRA_DUPLICIDADE_NO_REGISTRO_E100_INTERVALO_DATA_A9E1V1","6","",""
"1910","DT_INI","REGRA_DATA_ENTRE_DT_INI_DT_FIN_0000_DT_INI","2","",""
"1910","DT_FIN","REGRA_DATA_ENTRE_DT_INI_DT_FIN_0000_DT_FIN","2","",""
"1910","DT_INI","REGRA_DATA_MENOR_IGUAL_DT_FIN_DT_INI_DT_FIN","2","DT_FIN",""
"1910","DT_INI","REGRA_DATA_VALIDA_A4E5V1","0","",""
"1910","DT_FIN","REGRA_DATA_VALIDA_A4E5V1","0","",""
"1920","","REGRA_VL_TOT_TRANSF_DEBITOS_OA_E1920_17002_V1","6","",""
"1920","","REGRA_VL_TOT_AJ_DEBITOS_OA_1920","6","","O valor deve ser igual à soma do valor do ajuste da apuração dos registros 1921 quando o TERCEIRO caractere for igual a ""0"" e QUARTO caractere do Código de Ajuste da Sub Apuração for igual a ""0""."
"1920","","REGRA_VL_ESTORNOS_CRED_OA_1920","6","","O valor deve ser igual à soma do valor do ajuste da apuração dos registros 1921 quando o TERCEIRO caractere for igual a ""0"" e QUARTO caractere do Código de Ajuste da Sub Apuração for igual a ""1""."
"1920","","REGRA_VL_ESTORNOS_DEB_OA_1920","6","","O valor deve ser igual à soma do valor do ajuste da apuração dos registros 1921 quando o TERCEIRO caractere for igual a ""0"" e QUARTO caractere do Código de Ajuste da Sub Apuração for igual a ""3""."
"1920","","REGRA_VL_TOT_TRANSF_CREDITOS_OA_1920_17002_V1","6","","O valor deve ser igual à soma do valor de ICMS dos registros C197, C597, C857, C897, D197 e D737 quando o TERCEIRO caractere do código de ajuste for igual a ""5"" e o QUARTO caractere for igual ao Indicador de outra apuração do Registro 1900 (Pai),  para todos os documentos que estejam compreendidos no período informado no Registro 1910,  exceto quando situação for igual a 01 ou 07, caso em que os valores deverão ser somados aos valores do menor período informado no registro 1910."
"1920","","REGRA_VL_TOT_AJ_CREDITOS_AO_1920","6","",""
"1920","","REGRA_VL_SLD_APURADO_OA_1920","2","","O valor deve ser igual ao somatório do Valor total dos débitos por ""Saídas e prestações com débito do imposto"" com os ""Ajustes a débito"" e com os ""Estornos de créditos"" menos o somatório do Valor total dos créditos por ""Entradas e aquisições com crédito do imposto"" com os ""Ajustes a crédito"", com os Ajustes ""Estornos de Débitos"" e com o ""Saldo credor do período anterior"", caso o resultado seja maior que zero; ou zero, caso contrário."
"1920","VL_TOT_DED","REGRA_VL_TOT_DED_1920","6","","O valor deve ser igual à soma do valor do ajuste da apuração dos registros 1921 quando o TERCEIRO caractere for igual a ""0"" e QUARTO caractere do Código de Ajuste da Sub Apuração for igual a ""4""."
"1920","VL_TOT_DED","REGRA_VL_TOT_DED_MAIOR_ZERO_1920","2","VL_SLD_APURADO_OA","O valor somente poderá ser maior que ZERO quando Valor do saldo devedor apurado for maior que ZERO."
"1920","","REGRA_ICMS_RECOLHER_OA_1920","2","","O valor deve ser igual ao Valor do saldo devedor apurado menos o Valor total de ""Deduções"", caso o resultado seja maior que zero; ou zero, caso contrário."
"1920","VL_ICMS_RECOLHER_OA","REGRA_ICMS_RECOLHER_OA_1926","6","DEB_ESP_OA","O somatório dos campos 'Valor da obrigação a recolher' dos registros 1926, exibido na coluna 'Valor Calculado', não é igual à soma dos campos 'Valor total de ICMS a recolher' e 'Valores recolhidos ou a recolher,extrapuração' do registro 1920."
"1920","","REGRA_VL_SLD_CREDOR_TRANSP_OA_1920","2","",""
"1920","","REGRA_DEB_ESP_OA_1920_17002_V1","6","","Os Valores recolhidos ou a recolher, extra-apuração devem ser iguais à soma do Valor do Ajuste dos Registros 1921, quando o TERCEIRO caractere for igual a ""0"" e QUARTO caractere do Código do Ajuste for igual a ""5"" mais a soma dos ajustes realizados no documento fiscal (C197, C597, c857, c897, D197 e D737) relativos a esta sub-apuração."
"1923","","REGRA_EXISTE_COD_ITEM_V2","6","",""
"1923","","REGRA_EXISTE_COD_PART_V2","6","",""
"1923","CHV_DOCE","REGRA_OBRIGATORIO_CHV_NFE_CTE_DOCE_V6","2","COD_MOD",""
"1923","CHV_DOCE","REGRA_PREENCHER_CHV_NFE_CTE_DOCE_V4","2","COD_MOD",""
"1923","CHV_DOCE","REGRA_VALIDA_CHV_NFE_CTE","2","",""
"1923","CHV_DOCE","REGRA_COMPARA_NUM_DOC_NFE_CTE","2","NUM_DOC",""
"1923","CHV_DOCE","REGRA_COMPARA_CODIGO_MODELO","2","","O modelo da chave do documento eletrônico não confere com o modelo do documento."
"1923","","REGRA_VALIDA_SERIE_CHAVE","2","","O campo série que compõe a chave do documento fiscal eletrônico deverá ser igual ao campo Série informado no registro.##MSG_VALIDA_SERIE_CHAVE_RESUMO"
"1923","NUM_DOC","REGRA_MAIOR_ZERO","1","","Valor informado deve ser maior que Zero."
"1923","DT_DOC","REGRA_DATA_VALIDA_A4E5V1","0","",""
"1923","DT_DOC","REGRA_DATA_MINIMA_DOC_FISCAL","1","","A data deverá ser maior ou igual a 01/01/2000."
"1923","DT_DOC","REGRA_DATA_MENOR_IGUAL_DT_FIN_0000","1","","Data inválida. Informar data menor ou igual à data final do ""Registro 0000""."
"1926","NUM_PROC","REGRA_PREENCHE_NUM_PROC","2","IND_PROC;PROC","Se for preenchido o número do processo ou ato concessório (NUM_PROC) deverão também estar preenchidos os campos Indicador da origem do processo (IND_PROC) e Descrição resumida do processo (PROC). Caso contráiro, nenhum dos campos deverão ser preenchidos."
"1926","MES_REF","REGRA_MES_ANO_VALIDO","2","","Mês/Ano inválido. Utilizar o formato ""mmaaaa""."
"1926","DT_VCTO","REGRA_DATA_VALIDA_A4E5V1","0","",""
"1926","DT_VCTO","REGRA_DATA_MINIMA_DOC_FISCAL","1","","A data deverá ser maior ou igual a 01/01/2000."
"1926","MES_REF","REGRA_VALIDA_MES_REF","1","","Atenção: Informado mês de referência inferior a janeiro de 2000."
"1926","MES_REF","REGRA_MES_REF_MENOR_DT_INI_0000","1","",""
"1960","","REGRA_OBRIGATORIO_BLOCO1_1960","6","",""
"1960","","REGRA_NAO_INFORMAR_BLOCO1_1960","6","",""
"1960","","REGRA_VALOR_G1_10","6","","O valor deste campo deve ser igual ao valor do ajuste informado no campo VL_AJ_APUR do Registro E111, com o COD_AJ_APUR igual a UF04XX11, onde XX é referente à sub-apuração informada no campo 02-IND_AP deste registro."
"1960","G1_04","REGRA_VALIDA_G1_04","1","G1_03","O valor desse campo não pode ser maior do que o valor informado no campo G1_03(Saídas incentivadas de PI)."
"1960","G1_06","REGRA_VALIDA_G1_06","1","G1_05","O valor desse campo não pode ser maior do que o valor informado no campo G1_05(Saldo devedor do ICMS antes das deduções do incentivo)."
"1960","G1_07","REGRA_VALIDA_G1_07","1","G1_04","O valor desse campo não pode ser maior do que 5% do valor do campo G1_04(Saídas incentivadas de PI para fora do Nordeste)."
"1960","G1_07","REGRA_ZERO_G1_07","1","G1_06","Se o campo G1_06(Saldo devedor do ICMS relativo à faixa incentivada de PI)  do Registro 1960 for igual a ""0"" (zero), então este campo também deve ser igual a ""0"" (zero)."
"1960","G1_08","REGRA_VALIDA_G1_08","1","G1_06;G1_08","O valor desse campo deve ser igual ao campo G1_06(Saldo devedor do ICMS relativo à faixa incentivada de PI) menos o campo G1_07(crédito presumido nas saídas incentivadas de PI para fora do Nordeste)."
"1960","G1_09","REGRA_VALIDA_G1_09","1","G1_01;G1_08","O valor deve ser menor ou igual ao produto dos campos G1_01(percentual de crédito presumido) e G1_08(saldo devedor do ICMS relativo à faixa incentivada de PI após o crédito presumido nas saídas para fora do Nordeste)."
"1960","G1_10","REGRA_VALIDA_G1_10","1","G1_07;G1_09","O valor deve ser igual ao informado no campo G1_07(crédito presumido nas saídas incentivadas de PI para fora do Nordeste) acrescido do campo G1_09(crédito presumido)."
"1960","G1_11","REGRA_VALIDA_G1_11","1","G1_05;G1_10","O valor desse campo deve ser igual ao campo G1_05(saldo devedor do ICMS antes das deduções do incentivo) menos o campo G1_10(dedução de incentivo da Indústria ­ crédito presumido)."
"1970","","REGRA_OBRIGATORIO_BLOCO1_1970","6","",""
"1970","","REGRA_NAO_INFORMAR_BLOCO1_1970","6","",""
"1970","","REGRA_VALOR_G3_T","6","","O valor deste campo deve ser igual ao valor do ajuste informado no campo VL_AJ_APUR do Registro E111, com o COD_AJ_APUR igual a UF04XX13, onde XX é referente a sub-apuração informada no campo 2 - IND_AP deste registro."
"1970","","REGRA_VALIDA_G3_T_V2","6","",""
"1970","G3_02","REGRA_VALIDA_G3_02","1","G3_01","O valor informado nesse campo deve ser menor ou igual ao campo G3_01(Importações com ICMS diferido)."
"1970","G3_06","REGRA_VALIDA_G3_06","1","G3_05","O valor informado nesse campo deve ser menor ou igual que o campo G3_05(Saídas incentivadas de PI para fora do Estado)."
"1970","G3_07","REGRA_VALIDA_G3_07","1","G3_04;G3_06","O valor informado nesse campo deve ser menor ou igual ao produto dos campos G3_04(Percentual de incentivo nas saídas para fora do Estado) e G3_06(ICMS das saídas incentivadas de PI para fora do Estado)."
"1970","G3_09","REGRA_VALIDA_G3_09","1","G3_08;G3_0T","O valor informado deve ser igual ao campo G3_08(Saldo devedor do ICMS antes das deduções do incentivo) menos o campo G3_T - Dedução de incentivo da Importação (crédito presumido)."
"1975","","REGRA_OCORRENCIA_REGISTRO_1975","6","","Deve existir um Registro 1975 para cada um dos valores válidos do campo ALIQ_IMP_BASE."
"1975","G3_12","REGRA_VALIDA_G3_12","1","ALIQ_IMP_BASE;G3_11","O valor informado deve ser menor ou igual ao produto dos ALIQ_IMP_BASE e G3_11(Importações-base para o crédito presumido)."
"1980","","REGRA_OBRIGATORIO_BLOCO1_1980","6","",""
"1980","","REGRA_NAO_INFORMAR_BLOCO1_1980","6","",""
"1980","","REGRA_VALOR_G4_10","6","","O valor informado deve ser igual ao valor do ajuste informado no campo VL_AJ_APUR do Registro E111, com o COD_AJ_APUR igual a ""UF04XX14"", em que ""XX"" é referente à sub-apuração informada no campo 02-IND_AP deste registro."
"1980","IND_AP","REGRA_IND_AP_SEMPRE_DOIS","1","","O valor deste campo não pode ser diferente de 02."
"1980","G4_01","REGRA_VALIDA_G4_01","1","","O valor informado deve ser maior ou igual a 3, e menor ou igual a 4."
"1980","G4_04","REGRA_VALIDA_G4_04","1","","O valor informado deve ser maior ou igual a 2, e menor ou igual a 4."
"1980","G4_08","REGRA_VALIDA_G4_08","1","G4_01;G4_03","O valor informado deve ser menor ou igual ao produto dos campos G4_01(entradas - percentual de incentivo) e G4_03(entradas incentivadas de PI) por sub-apuração."
"1980","G4_09","REGRA_VALIDA_G4_09","1","G4_04;G4_06","O valor informado deve ser menor ou igual ao produto dos campos G4_04(saídas - percentual de incentivo) e G4_06(saídas incentivadas de PI) por sub-apuração."
"1980","G4_10","REGRA_VALIDA_G4_10","1","G4_08;G4_09","O valor informado deve ser igual à soma  do campo G4_08(crédito presumido nas entradas incentivadas de PI) com o campo G4_09(crédito presumido nas saídas incentivadas de PI), por sub-apuração."
"1980","G4_11","REGRA_VALIDA_G4_11","1","G4_07;G4_10","O valor informado deve ser igual ao campo G4_07(saldo devedor do ICMS antes das deduções do incentivo - PI e itens não incentivados) subtraído do campo G4_10 (dedução de incentivo da Central de Distribuição), por sub-apuração."
"1990","","REGRA_QTD_LIN_BLOCO1","0","","Quantidade de linhas do bloco 1 informada não confere com a esperada pelo sistema."
"1990","","REGRA_BLOCO_COM_SEM_MOVIMENTO","0","",""
"9900","","REGRA_REGISTRO_DUPLICADO_9900","0","",""
"9990","","REGRA_QTD_LIN_BLOCO9","0","","Quantidade de linhas do bloco 9 informada não confere com a esperada pelo sistema."
"9990","","REGRA_BLOCO_COM_SEM_MOVIMENTO","0","",""
"9999","","REGRA_QTD_REG_BLC_OBRIGATORIO","0","","É necessário totalizar os registros do tipo {0} no bloco 9.##MSG_QTD_REG_BLC_OBRIGATORIO_RESUMO"
"9999","","REGRA_QTD_LIN_ARQUIVO","0","","Quantidade de registros informada não confere com a esperada pelo sistema."
