"Register","Page","Nº","Campo","Descrição","Tipo","Tam","Dec","Obrig"
"0000","pva","1","REG","Texto fixo contendo “0000”","C","004","","O"
"0000","pva","2","COD_VER","Código da versão do leiaute conforme a tabela 3.1.1","N","003*","","O"
"0000","pva","3","TIPO_ESCRIT","Tipo de escrituração","N","001","","O"
"0000","pva","4","IND_SIT_ESP","Indicador de situação especial","N","001","",""
"0000","pva","5","NUM_REC_ANTERIOR","Número do Recibo da Escrituração Anterior, a ser Retificada. Utilizado para escrituração retificadora","C","041*","",""
"0000","pva","6","DT_INI","Data inicial das informações contidas no arquivo","D","008*","","O"
"0000","pva","7","DT_FIN","Data final das informações contidas no arquivo","D","008*","","O"
"0000","pva","8","NOME","Nome empresarial da pessoa jurídica","C","100","","O"
"0000","pva","9","CNPJ","Número de inscrição do estabelecimento matriz da pessoa jurídica no CNPJ","N","014*","","O"
"0000","pva","10","UF","Sigla da unidade da federação da pessoa jurídica","C","002*","","O"
"0000","pva","11","COD_MUN","Código do município do domicílio fiscal da pessoa jurídica, conforme a tabela IBGE","N","007*","","O"
"0000","pva","12","SUFRAMA","Inscrição da pessoa jurídica na Suframa","C","009*","",""
"0000","pva","13","IND_NAT_PJ","Indicador da natureza da pessoa jurídica","N","002*","",""
"0000","pva","14","IND_ATIV","Indicador de tipo de atividade preponderante","N","001","","O"
"0001","pva","1","REG","Texto fixo contendo “0001”","C","004","","O"
"0001","pva","2","IND_MOV","Indicador de movimento","N","001","","O"
"0035","pva","1","REG","Texto fixo contendo “0035”","C","004","","OC"
"0035","pva","2","NOME_SCP","Nome empresarial do estabelecimento","C","255","",""
"0035","pva","3","COD_SCP","Código de identificação do estabelecimento","N","014*","","O"
"0035","pva","4","INF_COMP","Informação Complementar do registro","C","255","",""
"0100","pva","1","REG","Texto fixo contendo “0100”","C","004","",""
"0100","pva","2","NOME","Nome do contabilista","C","100","","O"
"0100","pva","3","CPF","Número de inscrição do contabilista no CPF","N","011*","","O"
"0100","pva","4","CRC","Número de inscrição do contabilista no Conselho Regional de Contabilidade","C","015","","O"
"0100","pva","5","CNPJ","Número de inscrição do escritório de contabilidade no CNPJ, se houver","N","014*","",""
"0100","pva","6","CEP","Código de Endereçamento Postal","N","008*","",""
"0100","pva","7","END","Logradouro e endereço do imóvel","C","060","",""
"0100","pva","8","NUM","Número do imóvel","C","","",""
"0100","pva","9","COMPL","Dados complementares do endereço","C","060","",""
"0100","pva","10","BAIRRO","Bairro em que o imóvel está situado","C","060","",""
"0100","pva","11","FONE","Número do telefone","C","011","",""
"0100","pva","12","FAX","Número do fax","C","011","",""
"0100","pva","13","EMAIL","Endereço do correio eletrônico","C","","",""
"0100","pva","14","COD_MUN","Código do município, conforme tabela IBGE","N","007*","",""
"0110","pva","1","REG","Texto fixo contendo “0110”","C","004*","","O"
"0110","pva","2","COD_INC_TRIB","Código indicador da incidência tributária no período","N","001*","","O"
"0110","pva","3","IND_APRO_CRED","Código indicador de método de apropriação de créditos comuns, no caso de incidência no regime não-cumulativo (COD_INC_TRIB = 1 ou 3)","N","001*","",""
"0110","pva","4","COD_TIPO_CONT","Código indicador do Tipo de Contribuição Apurada no Período","N","001*","",""
"0110","pva","5","IND_REG_CUM","Código indicador do Tipo de Critério de escrituração e apuração","N","001*","",""
"0111","pva","1","REG","Texto fixo contendo “0111”","C","004*","","OC"
"0111","pva","2","REC_BRU_NCUM_TRIB_MI","Receita Bruta Não-Cumulativa - Tributada no Mercado Interno","N","","2","O"
"0111","pva","3","REC_BRU_NCUM_NT_MI","Receita Bruta Não-Cumulativa - Não Tributada no Mercado Interno","N","","2","O"
"0111","pva","4","REC_BRU_NCUM_EXP","Receita Bruta Não Cumulativa - Exportação","N","","2","O"
"0111","pva","5","REC_BRU_CUM","Receita Bruta Cumulativa","N","","2","O"
"0111","pva","6","REC_BRU_TOTAL","Receita Bruta Total","N","","2","O"
"0120","pva","1","REG","Texto fixo contendo “0120”","C","004","",""
"0120","pva","2","MES_DISPENSA","Mês de referência do ano-calendário da escrituração, dispensada da entrega","N","006*","","O"
"0120","pva","3","INF_COMP","Informação complementar do registro, definidor da situação em que a pessoa jurídica se enquadra no período, para estar procedendo à escrituração sem dados, nos Blocos A, C, D, F e/ou I","C","090","","O"
"0140","pva","1","REG","Texto fixo contendo “0140”","C","004","",""
"0140","pva","2","COD_EST","Codigo de identificação do estabelecimento","C","060","",""
"0140","pva","3","NOME","Nome empresarial do estabelecimento","C","100","","O"
"0140","pva","4","CNPJ","Número de inscrição do estabelecimento no CNPJ","N","014*","","O"
"0140","pva","5","UF","Sigla da unidade da federação do estabelecimento","C","002*","","O"
"0140","pva","6","IE","Inscrição Estadual do estabelecimento, se contribuinte de ICMS","C","014","",""
"0140","pva","7","COD_MUN","Código do município do domicílio fiscal do estabelecimento, conforme a tabela IBGE","N","007*","","O"
"0140","pva","8","IM","Inscrição Municipal do estabelecimento, se contribuinte do ISS","C","","",""
"0140","pva","9","SUFRAMA","Inscrição do estabelecimento na Suframa","C","009*","",""
"0150","pva","1","REG","Texto fixo contendo “0150”","C","004","",""
"0150","pva","2","COD_PART","Código de identificação do participante no arquivo","C","060","","O"
"0150","pva","3","NOME","Nome pessoal ou empresarial do participante","C","100","","O"
"0150","pva","4","COD_PAIS","Código do país do participante, conforme a tabela indicada no item 3.2.1","N","005","","O"
"0150","pva","5","CNPJ","CNPJ do participante","N","014*","",""
"0150","pva","6","CPF","CPF do participante","N","011*","",""
"0150","pva","7","IE","Inscrição Estadual do participante","C","014","",""
"0150","pva","8","COD_MUN","Código do município, conforme a tabela IBGE","N","007*","",""
"0150","pva","9","SUFRAMA","Número de inscrição do participante na Suframa","C","009*","",""
"0150","pva","10","END","Logradouro e endereço do imóvel","C","060","",""
"0150","pva","11","NUM","Número do imóvel","C","","",""
"0150","pva","12","COMPL","Dados complementares do endereço","C","060","",""
"0150","pva","13","BAIRRO","Bairro em que o imóvel está situado","C","060","",""
"0190","pva","1","REG","Texto fixo contendo “0190”","C","004","",""
"0190","pva","2","UNID","Código da unidade de medida","C","006","","O"
"0190","pva","3","DESCR","Descrição da unidade de medida","C","","","O"
"0200","pva","1","REG","Texto fixo contendo “0200”","C","004","",""
"0200","pva","2","COD_ITEM","Código do item","C","060","","O"
"0200","pva","3","DESCR_ITEM","Descrição do item","C","","","O"
"0200","pva","4","COD_BARRA","Representação alfanumérico do código de barra do produto, se houver","C","","",""
"0200","pva","5","COD_ANT_ITEM","Código anterior do item com relação à última informação apresentada","C","060","",""
"0200","pva","6","UNID_INV","Unidade de medida utilizada na quantificação de estoques","C","006","",""
"0200","pva","7","TIPO_ITEM","Tipo do item - Atividades Industriais, Comerciais e Serviços","N","002*","","O"
"0200","pva","8","COD_NCM","Código da Nomenclatura Comum do Mercosul","C","008","",""
"0200","pva","9","EX_IPI","Código EX, conforme a TIPI","C","003","",""
"0200","pva","10","COD_GEN","Código do gênero do item, conforme a Tabela 4.2.1","N","002*","",""
"0200","pva","11","COD_LST","Código do serviço conforme lista do Anexo I da Lei Complementar Federal nº 116/03","C","005","",""
"0200","pva","12","ALIQ_ICMS","Alíquota de ICMS aplicável ao item nas operações internas","N","006","2",""
"0205","pva","1","REG","Texto fixo contendo “0205”","C","004","",""
"0205","pva","2","DESCR_ANT_ITEM","Descrição anterior do item","C","","",""
"0205","pva","3","DT_INI","Data inicial de utilização da descrição do item","D","008*","","O"
"0205","pva","4","DT_FIM","Data final de utilização da descrição do item","D","008*","","O"
"0205","pva","5","COD_ANT_ITEM","Código anterior do item com relação à última informação apresentada","C","060","",""
"0206","pva","1","REG","Texto fixo contendo “0206”","C","004","",""
"0206","pva","2","COD_COMB","Código do combustível, conforme tabela publicada pela ANP","C","","","O"
"0208","pva","1","REG","Texto fixo contendo “0208”","C","004","",""
"0208","pva","2","COD_TAB","Código indicador da Tabela de Incidência, conforme Anexo III do Decreto nº 6.707/08","C","002","","O"
"0208","pva","3","COD_GRU","Código do grupo, conforme Anexo III do Decreto nº 6.707/08","C","002","",""
"0208","pva","4","MARCA_COM","Marca Comercial","C","060","",""
"0400","pva","1","REG","Texto fixo contendo “0400”","C","004","",""
"0400","pva","2","COD_NAT","Código da natureza da operação/prestação","C","010","","O"
"0400","pva","3","DESCR_NAT","Descrição da natureza da operação/prestação","C","","","O"
"0450","pva","1","REG","Texto fixo contendo “0450”","C","004","",""
"0450","pva","2","COD_INF","Código da informação complementar do documento fiscal","C","006","","O"
"0450","pva","3","TXT","Texto livre da informação complementar existente no documento fiscal, inclusive espécie de normas legais, poder normativo, número, capitulação, data e demais referências pertinentes com indicação referentes ao tributo","C","","","O"
"0500","pva","1","REG","Texto fixo contendo “0500”","C","004*","",""
"0500","pva","2","DT_ALT","Data da inclusão/alteração","D","008*","","O"
"0500","pva","3","COD_NAT_CC","Código da natureza da conta/grupo de contas","C","002*","","O"
"0500","pva","4","IND_CTA","Indicador do tipo de conta","C","001*","","O"
"0500","pva","5","NIVEL","Nível da conta analítica/grupo de contas","N","005","","O"
"0500","pva","6","COD_CTA","Código da conta analítica/grupo de contas","C","255","","O"
"0500","pva","7","NOME_CTA","Nome da conta analítica/grupo de contas","C","060","","O"
"0500","pva","8","COD_CTA_REF","Código da conta correlacionada no Plano de Contas Referenciado, publicado pela RFB","C","255","",""
"0500","pva","9","CNPJ_EST","CNPJ do estabelecimento, no caso da conta informada no campo COD_CTA ser específica de um estabelecimento","C","014*","",""
"0600","pva","1","REG","Texto fixo contendo “0600”","C","004*","",""
"0600","pva","2","DT_ALT","Data da inclusão/alteração","D","008*","","O"
"0600","pva","3","COD_CCUS","Código do centro de custos","C","255","","O"
"0600","pva","4","CCUS","Nome do centro de custos","C","060","","O"
"0900","pva","1","REG","Texto fixo contendo “0900”","C","004*","","OC"
"0900","pva","2","REC_TOTAL_BLOCO_A","Receita total referente aos registros escriturados no Bloco A","N","","2","O"
"0900","pva","3","REC_NRB_BLOCO_A","Parcela da receita total escriturada no Bloco A (Campo 02) não classificada como receita bruta","N","","2",""
"0900","pva","4","REC_TOTAL_BLOCO_C","Receita total referente aos registros escriturados no Bloco C","N","","2","O"
"0900","pva","5","REC_NRB_BLOCO_C","Parcela da receita total escriturada no Bloco C (Campo 04) não classificada como receita bruta","N","","2",""
"0900","pva","6","REC_TOTAL_BLOCO_D","Receita total referente aos registros escriturados no Bloco D","N","","2","O"
"0900","pva","7","REC_NRB_BLOCO_D","Parcela da receita total escriturada no Bloco D (Campo 06) não classificada como receita bruta","N","","2",""
"0900","pva","8","REC_TOTAL_BLOCO_F","Receita total referente aos registros escriturados no Bloco F","N","","2","O"
"0900","pva","9","REC_NRB_BLOCO_F","Parcela da receita total escriturada no Bloco F (Campo 08) não classificada como receita bruta","N","","2",""
"0900","pva","10","REC_TOTAL_BLOCO_I","Receita total referente aos registros escriturados no Bloco I","N","","2","O"
"0900","pva","11","REC_NRB_BLOCO_I","Parcela da receita total escriturada no Bloco I (Campo 10) não classificada como receita bruta","N","","2",""
"0900","pva","12","REC_TOTAL_BLOCO_1","Receita total referente aos registros escriturados no Bloco 1 (RET)","N","","2","O"
"0900","pva","13","REC_NRB_BLOCO_1","Parcela da receita total escriturada no Bloco 1 (Campo 12) não classificada como receita bruta","N","","2",""
"0900","pva","14","REC_TOTAL_PERIODO","Receita total (Soma dos campos 02, 04, 06, 08, 10 e 12)","N","","2","O"
"0900","pva","15","REC_TOTAL_NRB_PERIODO","Parcela da receita total escriturada (Campo 14) não classificada como receita bruta (Soma dos campos 03, 05, 07, 09, 11 e 13)","N","","2",""
"0990","pva","1","REG","Texto fixo contendo “0990”","C","004","","O"
"0990","pva","2","QTD_LIN_0","Quantidade total de linhas do Bloco 0","N","","","O"
"A001","pva","1","REG","Texto fixo contendo “A001”","C","004","",""
"A001","pva","2","IND_MOV","Indicador de movimento","C","001","","O"
"A010","pva","1","REG","Texto fixo contendo “A010","C","004","","OC"
"A010","pva","2","CNPJ","Número de inscrição do estabelecimento no CNPJ","N","014*","","O"
"A100","pva","1","REG","Texto fixo contendo “A100”","C","004","","OC"
"A100","pva","2","IND_OPER","Indicador do tipo de operação","C","001*","","O"
"A100","pva","3","IND_EMIT","Indicador do emitente do documento fiscal","C","001*","","O"
"A100","pva","4","COD_PART","Código do participante (campo 02 do Registro 0150): emitente do documento, no caso de emissão de terceiros; adquirente, no caso de serviços prestados","C","060","",""
"A100","pva","5","COD_SIT","Código da situação do documento fiscal","N","002*","","O"
"A100","pva","6","SER","Série do documento fiscal","C","020","",""
"A100","pva","7","SUB","Subsérie do documento fiscal","C","020","",""
"A100","pva","8","NUM_DOC","Número do documento fiscal ou documento internacional equivalente","C","128","","O"
"A100","pva","9","CHV_NFSE","Chave da nota fiscal de serviço eletronica","C","128","",""
"A100","pva","10","DT_DOC","Data da emissão do documento fiscal","D","008*","","O"
"A100","pva","11","DT_EXE_SERV","Data de Execução / Conclusão do Serviço","D","008*","",""
"A100","pva","12","VL_DOC","Valor total do documento","N","","2","O"
"A100","pva","13","IND_PGTO","Indicador do tipo de pagamento","C","001*","","O"
"A100","pva","14","VL_DESC","Valor total do desconto","N","","2",""
"A100","pva","15","VL_BC_PIS","Valor da base de cálculo do PIS/Pasep","N","","2","O"
"A100","pva","16","VL_PIS","Valor total do PIS","N","","2","O"
"A100","pva","17","VL_BC_COFINS","Valor da base de cálculo da COFINS","N","","2","O"
"A100","pva","18","VL_COFINS","Valor total da COFINS","N","","2","O"
"A100","pva","19","VL_PIS_RET","Valor total do PIS retido na fonte","N","","2",""
"A100","pva","20","VL_COFINS_RET","Valor total da COFINS retido na fonte","N","","2",""
"A100","pva","21","VL_ISS","Valor do ISS","N","","2",""
"A110","pva","1","REG","Texto fixo contendo “A110”","C","004","",""
"A110","pva","2","COD_INF","Codigo da informação complementar do documento fiscal (Campo 02 do Registro 0450)","C","006","","O"
"A110","pva","3","TXT_COMPL","Informação Complementar do Documento Fiscal","C","","",""
"A111","pva","1","REG","Texto fixo contendo “A111”","C","004","",""
"A111","pva","2","NUM_PROC","Identificação do processo ou ato concessório","C","020","","O"
"A111","pva","3","IND_PROC","Indicador da origem do processo","C","001*","","O"
"A120","pva","1","REG","Texto fixo contendo “A120”","C","004","",""
"A120","pva","2","VL_TOT_SERV","Valor total do serviço, prestado por pessoa física ou jurídica domiciliada no exterior","N","","2","O"
"A120","pva","3","VL_BC_PIS","Valor da base de cálculo da Operação - PIS/Pasep - Importação","N","","2","O"
"A120","pva","4","VL_PIS_IMP","Valor pago/recolhido de PIS/Pasep - Importação","N","","2",""
"A120","pva","5","DT_PAG_PIS","Data de pagamento do PIS/Pasep - Importação","D","008*","",""
"A120","pva","6","VL_BC_COFINS","Valor da base de cálculo da Operação - COFINS - Importação","N","","2","O"
"A120","pva","7","VL_COFINS_IMP","Valor pago/recolhido de COFINS - Importação","N","","2",""
"A120","pva","8","DT_PAG_COFINS","Data de pagamento do COFINS - Importação","D","008*","",""
"A120","pva","9","LOC_EXE_SERV","Local da execução do serviço","C","001*","","O"
"A170","pva","1","REG","Texto fixo contendo “A170”","C","004","","O"
"A170","pva","2","NUM_ITEM","Número sequencial do item no documento fiscal","N","004","","O"
"A170","pva","3","COD_ITEM","Código do item (campo 02 do Registro 0200)","C","060","","O"
"A170","pva","4","DESCR_COMPL","Descrição complementar do item como adotado no documento fiscal","C","","",""
"A170","pva","5","VL_ITEM","Valor total do item (mercadorias ou serviços)","N","","2","O"
"A170","pva","6","VL_DESC","Valor do desconto do item / Exclusão","N","","2",""
"A170","pva","7","NAT_BC_CRED","Código da Natureza da Base de Cálculo do Crédito, conforme a Tabela indicada no item 4.3.7, caso seja informado código representativo de crédito no Campo CST_PIS ou CST_COFINS","C","002","",""
"A170","pva","8","IND_ORIG_CRED","Indicador da origem do crédito","C","001*","",""
"A170","pva","9","CST_PIS","Código da Situação Tributária referente ao PIS/Pasep - Tabela 4.3.3","N","002*","","O"
"A170","pva","10","VL_BC_PIS","Valor da base de cálculo do PIS/Pasep","N","","2",""
"A170","pva","11","ALIQ_PIS","Alíquota do PIS/Pasep (em percentual)","N","","4",""
"A170","pva","12","VL_PIS","Valor do PIS/Pasep","N","","2",""
"A170","pva","13","CST_COFINS","Código da Situação Tributária referente ao COFINS - Tabela 4.3.4","N","002*","","O"
"A170","pva","14","VL_BC_COFINS","Valor da base de cálculo da COFINS","N","","2",""
"A170","pva","15","ALIQ_COFINS","Alíquota do COFINS (em percentual)","N","006","4",""
"A170","pva","16","VL_COFINS","Valor da COFINS","N","","2",""
"A170","pva","17","COD_CTA","Código da conta analítica contábil debitada/creditada","C","255","",""
"A170","pva","18","COD_CCUS","Código do centro de custos","C","255","",""
"A990","pva","1","REG","Texto fixo contendo “A990”","C","004","",""
"A990","pva","2","QTD_LIN_A","Quantidade total de linhas do Bloco A","N","","","O"
"C001","pva","1","REG","Texto fixo contendo “C001”","C","004","",""
"C001","pva","2","IND_MOV","Indicador de movimento","C","001","","O"
"C010","pva","1","REG","Texto fixo contendo “C010”","C","004","","OC"
"C010","pva","2","CNPJ","Número de inscrição do estabelecimento no CNPJ","N","014*","","O"
"C010","pva","3","IND_ESCRI","Indicador da apuração das contribuições e créditos, na escrituração das operações por NF-e e ECF, no período","C","001*","",""
"C100","pva","1","REG","Texto fixo contendo “C100”","C","004","","OC"
"C100","pva","2","IND_OPER","Indicador do tipo de operação","C","001*","","O"
"C100","pva","3","IND_EMIT","Indicador do emitente do documento fiscal","C","001*","","O"
"C100","pva","4","COD_PART","Código do participante (campo 02 do Registro 0150): emitente do documento ou do remetente das mercadorias, no caso de entradas; adquirente, no caso de saídas","C","060","","O"
"C100","pva","5","COD_MOD","Código do modelo do documento fiscal, conforme a Tabela 4.1.1","C","002*","","O"
"C100","pva","6","COD_SIT","Código da situação do documento fiscal","N","002*","","O"
"C100","pva","7","SER","Série do documento fiscal","C","003","",""
"C100","pva","8","NUM_DOC","Número do documento fiscal","N","009","","O"
"C100","pva","9","CHV_NFE","Chave da NF-e / NFC-e","N","044*","",""
"C100","pva","10","DT_DOC","Data da emissão do documento fiscal","D","008*","","O"
"C100","pva","11","DT_E_S","Data da entrada ou da saída","D","008*","",""
"C100","pva","12","VL_DOC","Valor total do documento fiscal","N","","2","O"
"C100","pva","13","IND_PGTO","Indicador do tipo de pagamento","C","001*","","O"
"C100","pva","14","VL_DESC","Valor total do desconto","N","","2",""
"C100","pva","15","VL_ABAT_NT","Abatimento não tributado e não comercial Ex. desconto ICMS nas remessas para ZFM","N","","2",""
"C100","pva","16","VL_MERC","Valor total das mercadorias e serviços","N","","2",""
"C100","pva","17","IND_FRT","Indicador do tipo do frete","C","001*","","O"
"C100","pva","18","VL_FRT","Valor do frete indicado no documento fiscal","N","","2",""
"C100","pva","19","VL_SEG","Valor do seguro indicado no documento fiscal","N","","2",""
"C100","pva","20","VL_OUT_DA","Valor de outras despesas acessórias","N","","2",""
"C100","pva","21","VL_BC_ICMS","Valor da base de cálculo do ICMS","N","","2",""
"C100","pva","22","VL_ICMS","Valor do ICMS","N","","2",""
"C100","pva","23","VL_BC_ICMS_ST","Valor da base de cálculo do ICMS substituição tributária","N","","2",""
"C100","pva","24","VL_ICMS_ST","Valor do ICMS retido por substituição tributária","N","","2",""
"C100","pva","25","VL_IPI","Valor total do IPI","N","","2",""
"C100","pva","26","VL_PIS","Valor total do PIS","N","","2",""
"C100","pva","27","VL_COFINS","Valor total da COFINS","N","","2",""
"C100","pva","28","VL_PIS_ST","Valor total do PIS retido por substituição tributária","N","","2",""
"C100","pva","29","VL_COFINS_ST","Valor total da COFINS retido por substituição tributária","N","","2",""
"C110","pva","1","REG","Texto fixo contendo “C110”","C","004","",""
"C110","pva","2","COD_INF","Código da informação complementar do documento fiscal (campo 02 do Registro 0450)","C","006","","O"
"C110","pva","3","TXT_COMPL","Descrição complementar do código de referência","C","","",""
"C111","pva","1","REG","Texto fixo contendo “C111”","C","004","",""
"C111","pva","2","NUM_PROC","Identificação do processo ou ato concessório","C","020","","O"
"C111","pva","3","IND_PROC","Indicador da origem do processo","C","001*","","O"
"C120","pva","1","REG","Texto fixo contendo “C120”","C","004","",""
"C120","pva","2","COD_DOC_IMP","Documento de importação","C","001*","","O"
"C120","pva","3","NUM_DOC_IMP","Número do documento de Importação","C","015","","O"
"C120","pva","4","VL_PIS_IMP","Valor pago de PIS na importação","N","","2",""
"C120","pva","5","VL_COFINS_IMP","Valor pago de COFINS na importação","N","","2",""
"C120","pva","6","NUM_ACDRAW","Número do Ato Concessório do regime Drawback","C","020","",""
"C170","pva","1","REG","Texto fixo contendo “C170”","C","004","","OC"
"C170","pva","2","NUM_ITEM","Número seqüencial do item no documento fiscal","N","003","","O"
"C170","pva","3","COD_ITEM","Código do item (campo 02 do Registro 0200)","C","060","","O"
"C170","pva","4","DESCR_COMPL","Descrição complementar do item como adotado no documento fiscal","C","","",""
"C170","pva","5","QTD","Quantidade do item","N","","5",""
"C170","pva","6","UNID","Unidade do item (Campo 02 do registro 0190)","C","006","",""
"C170","pva","7","VL_ITEM","Valor total do item (mercadorias ou serviços)","N","","2","O"
"C170","pva","8","VL_DESC","Valor do desconto comercial","N","","2",""
"C170","pva","9","IND_MOV","Movimentação física do ITEM/PRODUTO","C","001","",""
"C170","pva","10","CST_ICMS","Código da Situação Tributária referente ao ICMS, conforme a Tabela indicada no item 4.3.1","N","003*","",""
"C170","pva","11","CFOP","Código Fiscal de Operação e Prestação","N","004*","","O"
"C170","pva","12","COD_NAT","Código da natureza da operação (campo 02 do Registro 0400)","C","010","",""
"C170","pva","13","VL_BC_ICMS","Valor da base de cálculo do ICMS","N","","2",""
"C170","pva","14","ALIQ_ICMS","Alíquota do ICMS","N","006","2",""
"C170","pva","15","VL_ICMS","Valor do ICMS creditado/debitado","N","","2",""
"C170","pva","16","VL_BC_ICMS_ST","Valor da base de cálculo referente à substituição tributária","N","","2",""
"C170","pva","17","ALIQ_ST","Alíquota do ICMS da substituição tributária na unidade da federação de destino","N","006","2",""
"C170","pva","18","VL_ICMS_ST","Valor do ICMS referente à substituição tributária","N","","2",""
"C170","pva","19","IND_APUR","Indicador de período de apuração do IPI","C","001*","",""
"C170","pva","20","CST_IPI","Código da Situação Tributária referente ao IPI, conforme a Tabela indicada no item 4.3.2.","C","002*","",""
"C170","pva","21","COD_ENQ","Código de enquadramento legal do IPI, conforme tabela indicada no item 4.5.3.","C","003*","",""
"C170","pva","22","VL_BC_IPI","Valor da base de cálculo do IPI","N","","2",""
"C170","pva","23","ALIQ_IPI","Alíquota do IPI","N","006","2",""
"C170","pva","24","VL_IPI","Valor do IPI creditado/debitado","N","","2",""
"C170","pva","25","CST_PIS","Código da Situação Tributária referente ao PIS","N","002*","","O"
"C170","pva","26","VL_BC_PIS","Valor da base de cálculo do PIS","N","","2",""
"C170","pva","27","ALIQ_PIS","Alíquota do PIS (em percentual)","N","008","4",""
"C170","pva","28","QUANT_BC_PIS","Base de cálculo em quantidade PIS/Pasep","N","","3",""
"C170","pva","29","ALIQ_PIS_QUANT","Alíquota do PIS (em reais)","N","","4",""
"C170","pva","30","VL_PIS","Valor do PIS","N","","2",""
"C170","pva","31","CST_COFINS","Código da Situação Tributária referente ao COFINS","N","002*","",""
"C170","pva","32","VL_BC_COFINS","Valor da base de cálculo da COFINS","N","","2",""
"C170","pva","33","ALIQ_COFINS","Alíquota do COFINS (em percentual)","N","008","4",""
"C170","pva","34","QUANT_BC_COFINS","Base de cálculo em quantidade COFINS","N","","3",""
"C170","pva","35","ALIQ_COFINS_QUANT","Alíquota da COFINS (em reais)","N","","4",""
"C170","pva","36","VL_COFINS","Valor da COFINS","N","","2",""
"C170","pva","37","COD_CTA","Código da conta analítica contábil debitada/creditada","C","255","",""
"C175","pva","1","REG","Texto fixo contendo “C175”","C","004*","","OC"
"C175","pva","2","CFOP","Código fiscal de operação e prestação","N","004*","","O"
"C175","pva","3","VL_OPER","Valor da operação na combinação de CFOP, CST e alíquotas, correspondente ao somatório do valor das mercadorias e produtos constantes no documento","N","","2","O"
"C175","pva","4","VL_DESC","Valor do desconto comercial/Exclusão","N","","2",""
"C175","pva","5","CST_PIS","Código da Situação Tributária referente ao PIS/Pasep, conforme a Tabela indicada no item 4.3.3.","N","002*","","O"
"C175","pva","6","VL_BC_PIS","Valor da base de cálculo do PIS/Pasep (em valor)","N","","2",""
"C175","pva","7","ALIQ_PIS","Alíquota do PIS/Pasep (em percentual)","N","008","4",""
"C175","pva","8","QUANT_BC_PIS","Base de cálculo PIS/Pasep (em quantidade)","N","","3",""
"C175","pva","9","ALIQ_PIS_QUANT","Alíquota do PIS/Pasep (em Reais)","N","","4",""
"C175","pva","10","VL_PIS","Valor do PIS/Pasep","N","","2",""
"C175","pva","11","CST_COFINS","Código da Situação Tributária referente a COFINS conforme a Tabela indicada no item 4.3.4.","N","002*","","O"
"C175","pva","12","VL_BC_COFINS","Valor da base de cálculo da COFINS","N","","2",""
"C175","pva","13","ALIQ_COFINS","Alíquota da COFINS (em percentual)","N","008","4",""
"C175","pva","14","QUANT_BC_COFINS","Base de cálculo COFINS (em quantidade)","N","","3",""
"C175","pva","15","ALIQ_COFINS_QUANT","Alíquota da COFINS (em reais)","N","","4",""
"C175","pva","16","VL_COFINS","Valor da COFINS","N","","2",""
"C175","pva","17","COD_CTA","Código da conta analítica contábil debitada/creditada","C","255","",""
"C175","pva","18","INFO_COMPL","Informação complementar","C","","",""
"C180","pva","1","REG","Texto fixo contendo “C180”","C","004","","OC"
"C180","pva","2","COD_MOD","Texto fixo contendo “55” - Código da Nota Fiscal Eletrônica, modelo 55","C","002*","","O"
"C180","pva","3","DT_DOC_INI","Data de Emissão Inicial dos Documentos","D","008*","","O"
"C180","pva","4","DT_DOC_FIN","Data de Emissão Final dos Documentos","D","008*","","O"
"C180","pva","5","COD_ITEM","Código do item (campo 02 do Registro 0200)","C","060","","O"
"C180","pva","6","COD_NCM","Código da Nomenclatura Comum do Mercosul","C","008","",""
"C180","pva","7","EX_IPI","Código EX, conforme a TIPI","C","003","",""
"C180","pva","8","VL_TOT_ITEM","Valor Total do Item","N","","2","O"
"C181","pva","1","REG","Texto fixo contendo “C181”","C","004","",""
"C181","pva","2","CST_PIS","Código da Situação Tributária referente ao PIS/Pasep","N","002*","","O"
"C181","pva","3","CFOP","Código fiscal de operação e prestação","N","004*","","O"
"C181","pva","4","VL_ITEM","Valor total do item","N","","2","O"
"C181","pva","5","VL_DESC","Valor do desconto comercial / Exclusão","N","","2",""
"C181","pva","6","VL_BC_PIS","Valor da base de cálculo do PIS/Pasep","N","","2",""
"C181","pva","7","ALIQ_PIS","Alíquota do PIS/Pasep (em percentual)","N","008","4",""
"C181","pva","8","QUANT_BC_PIS","Base de cálculo em quantidade PIS/Pasep","N","","3",""
"C181","pva","9","ALIQ_PIS_QUANT","Alíquota do PIS/Pasep (em reais)","N","","4",""
"C181","pva","10","VL_PIS","Valor do PIS/Pasep","N","","2",""
"C181","pva","11","COD_CTA","Código da conta analítica contábil debitada/creditada","C","255","",""
"C185","pva","1","REG","Texto fixo contendo “C185”","C","004","","O"
"C185","pva","2","CST_COFINS","Código da Situação Tributária referente a COFINS","N","002*","","O"
"C185","pva","3","CFOP","Código fiscal de operação e prestação","N","004*","","O"
"C185","pva","4","VL_ITEM","Valor total do item","N","","2","O"
"C185","pva","5","VL_DESC","Valor do desconto comercial / Exclusão","N","","2",""
"C185","pva","6","VL_BC_COFINS","Valor da base de cálculo da COFINS","N","","2",""
"C185","pva","7","ALIQ_COFINS","Alíquota da COFINS (em percentual)","N","008","4",""
"C185","pva","8","QUANT_BC_COFINS","Base de cálculo em quantidade COFINS","N","","3",""
"C185","pva","9","ALIQ_COFINS_QUANT","Alíquota da COFINS (em reais)","N","","4",""
"C185","pva","10","VL_COFINS","Valor da COFINS","N","","2",""
"C185","pva","11","COD_CTA","Código da conta analítica contábil debitada/creditada","C","255","",""
"C188","pva","1","REG","Texto fixo contendo “C188”","C","004","",""
"C188","pva","2","NUM_PROC","Identificação do processo ou ato concessório","C","020","","O"
"C188","pva","3","IND_PROC","Indicador da origem do processo","C","001*","","O"
"C190","pva","1","REG","Texto fixo contendo “C190”","C","004","","OC"
"C190","pva","2","COD_MOD","Código do modelo do documento fiscal, conforme a Tabela 4.1.1 (Código 55 - Nota Fiscal Eletrônica)","C","002*","","O"
"C190","pva","3","DT_REF_INI","Data Inicial de Referencia da Consolidação","D","008*","","O"
"C190","pva","4","DT_REF_FIN","Data Final de Referencia da Consolidação","D","008*","","O"
"C190","pva","5","COD_ITEM","Código do item (campo 02 do Registro 0200)","C","060","","O"
"C190","pva","6","COD_NCM","Código da Nomenclatura Comum do Mercosul","C","008","",""
"C190","pva","7","EX_IPI","Código EX, conforme a TIPI","C","003","",""
"C190","pva","8","VL_TOT_ITEM","Valor Total do Item","N","","2","O"
"C191","pva","1","REG","Texto fixo contendo “C191”","C","004","","O"
"C191","pva","2","CNPJ_CPF_PART","CNPJ/CPF do Participante a que se referem as operações consolidadas neste registro (pessoa jurídica ou pessoa física vendedora/remetente)","C","014","",""
"C191","pva","3","CST_PIS","Código da Situação Tributária referente ao PIS/Pasep","N","002*","","O"
"C191","pva","4","CFOP","Código fiscal de operação e prestação","N","004*","","O"
"C191","pva","5","VL_ITEM","Valor total do item","N","","2","O"
"C191","pva","6","VL_DESC","Valor do desconto comercial / Exclusão","N","","2",""
"C191","pva","7","VL_BC_PIS","Valor da base de cálculo do PIS/Pasep","N","","2",""
"C191","pva","8","ALIQ_PIS","Alíquota do PIS/Pasep (em percentual)","N","008","4",""
"C191","pva","9","QUANT_BC_PIS","Base de cálculo em quantidade PIS/Pasep","N","","3",""
"C191","pva","10","ALIQ_PIS_QUANT","Alíquota do PIS/Pasep (em reais)","N","","4",""
"C191","pva","11","VL_PIS","Valor do PIS/Pasep","N","","2",""
"C191","pva","12","COD_CTA","Código da conta analítica contábil debitada/creditada","C","255","",""
"C195","pva","1","REG","Texto fixo contendo “C195”","C","004","","O"
"C195","pva","2","CNPJ_CPF_PART","CNPJ/CPF do Participante a que se referem as operações consolidadas neste registro (pessoa jurídica ou pessoa física vendedora/remetente)","C","014","",""
"C195","pva","3","CST_COFINS","Código da Situação Tributária referente a COFINS","N","002*","","O"
"C195","pva","4","CFOP","Código fiscal de operação e prestação","N","004*","","O"
"C195","pva","5","VL_ITEM","Valor total do item","N","","2","O"
"C195","pva","6","VL_DESC","Valor do desconto comercial / Exclusão","N","","2",""
"C195","pva","7","VL_BC_COFINS","Valor da base de cálculo da COFINS","N","","2",""
"C195","pva","8","ALIQ_COFINS","Alíquota da COFINS (em percentual)","N","008","4",""
"C195","pva","9","QUANT_BC_COFINS","Base de cálculo em quantidade COFINS","N","","3",""
"C195","pva","10","ALIQ_COFINS_QUANT","Alíquota da COFINS (em reais)","N","","4",""
"C195","pva","11","VL_COFINS","Valor da COFINS","N","","2",""
"C195","pva","12","COD_CTA","Código da conta analítica contábil debitada/creditada","C","255","",""
"C198","pva","1","REG","Texto fixo contendo “C198”","C","004","",""
"C198","pva","2","NUM_PROC","Identificação do processo ou ato concessório","C","020","","O"
"C198","pva","3","IND_PROC","Indicador da origem do processo","C","001*","","O"
"C199","pva","1","REG","Texto fixo contendo “C199”","C","004","",""
"C199","pva","2","COD_DOC_IMP","Documento de importação","C","001*","","O"
"C199","pva","3","NUM_DOC_IMP","Número do documento de Importação","C","015","","O"
"C199","pva","4","VL_PIS_IMP","Valor pago de PIS na importação","N","","2",""
"C199","pva","5","VL_COFINS_IMP","Valor pago de COFINS na importação","N","","2",""
"C199","pva","6","NUM_ACDRAW","Número do Ato Concessório do regime Drawback","C","020","",""
"C380","pva","1","REG","Texto fixo contendo “C380”","C","004","","OC"
"C380","pva","2","COD_MOD","Código do modelo do documento fiscal, conforme a Tabela 4.1.1","C","002*","","O"
"C380","pva","3","DT_DOC_INI","Data de Emissão Inicial dos Documentos","D","008*","","O"
"C380","pva","4","DT_DOC_FIN","Data de Emissão Final dos Documentos","D","008*","","O"
"C380","pva","5","NUM_DOC_INI","Número do documento fiscal inicial","N","006","",""
"C380","pva","6","NUM_DOC_FIN","Número do documento fiscal final","N","006","",""
"C380","pva","7","VL_DOC","Valor total dos documentos regulares","N","","2","O"
"C380","pva","8","VL_DOC_CANC","Valor total dos documentos cancelados","N","","2","O"
"C381","pva","1","REG","Texto fixo contendo “C381”","C","004","",""
"C381","pva","2","CST_PIS","Código da Situação Tributária referente ao PIS/Pasep","N","002*","","O"
"C381","pva","3","COD_ITEM","Código do item (campo 02 do Registro 0200)","C","060","","O"
"C381","pva","4","VL_ITEM","Valor total dos itens","N","","2","O"
"C381","pva","5","VL_BC_PIS","Valor da base de cálculo do PIS/Pasep","N","","2",""
"C381","pva","6","ALIQ_PIS","Alíquota do PIS/Pasep (em percentual)","N","008","4",""
"C381","pva","7","QUANT_BC_PIS","Base de cálculo em quantidade PIS/Pasep","N","","3",""
"C381","pva","8","ALIQ_PIS_QUANT","Alíquota do PIS/Pasep (em reais)","N","","4",""
"C381","pva","9","VL_PIS","Valor do PIS/Pasep","N","","2","O"
"C381","pva","10","COD_CTA","Código da conta analítica contábil debitada/creditada","C","255","",""
"C385","pva","1","REG","Texto fixo contendo “C385”","C","004","",""
"C385","pva","2","CST_COFINS","Código da Situação Tributária referente a COFINS","N","002*","","O"
"C385","pva","3","COD_ITEM","Código do item (campo 02 do Registro 0200)","C","060","","O"
"C385","pva","4","VL_ITEM","Valor total dos itens","N","","2","O"
"C385","pva","5","VL_BC_COFINS","Valor da base de cálculo da COFINS","N","","2",""
"C385","pva","6","ALIQ_COFINS","Alíquota da COFINS (em percentual)","N","008","4",""
"C385","pva","7","QUANT_BC_COFINS","Base de cálculo em quantidade COFINS","N","","3",""
"C385","pva","8","ALIQ_COFINS_QUANT","Alíquota da COFINS (em reais)","N","","4",""
"C385","pva","9","VL_COFINS","Valor da COFINS","N","","2","O"
"C385","pva","10","COD_CTA","Código da conta analítica contábil debitada/creditada","C","255","",""
"C395","pva","1","REG","Texto fixo contendo “C395”","C","004","","OC"
"C395","pva","2","COD_MOD","Código do modelo do documento fiscal, conforme a Tabela 4.1.1","C","002*","","O"
"C395","pva","3","COD_PART","Código do participante (campo 02 do Registro 0150) - emitente do documento","C","060","","O"
"C395","pva","4","SER","Série do documento fiscal","C","003","",""
"C395","pva","5","SUB_SER","Subsérie do documento fiscal","C","003","",""
"C395","pva","6","NUM_DOC","Número do documento fiscal","C","044","","O"
"C395","pva","7","DT_DOC","Data da emissão do documento fiscal","D","008*","","O"
"C395","pva","8","VL_DOC","Valor total do documento fiscal","N","","2","O"
"C396","pva","1","REG","Texto fixo contendo “C396”","C","004","","O"
"C396","pva","2","COD_ITEM","Código do item (campo 02 do Registro 0200)","C","060","","O"
"C396","pva","3","VL_ITEM","Valor total do item (mercadorias ou serviços)","N","","2","O"
"C396","pva","4","VL_DESC","Valor do desconto comercial do item","N","","2",""
"C396","pva","5","NAT_BC_CRED","Código da Natureza da Base de Cálculo do Crédito, conforme a Tabela indicada no item 4.3.7","C","002","","O"
"C396","pva","6","CST_PIS","Código da Situação Tributária referente ao PIS/Pasep","N","002*","","O"
"C396","pva","7","VL_BC_PIS","Valor da base de cálculo do credito de PIS/Pasep","N","","2",""
"C396","pva","8","ALIQ_PIS","Alíquota do PIS/Pasep (em percentual)","N","008","4",""
"C396","pva","9","VL_PIS","Valor do crédito de PIS/Pasep","N","","2",""
"C396","pva","10","CST_COFINS","Código da Situação Tributária referente a COFINS","N","002*","","O"
"C396","pva","11","VL_BC_COFINS","Valor da base de cálculo do crédito de COFINS","N","","2",""
"C396","pva","12","ALIQ_COFINS","Alíquota da COFINS (em percentual)","N","008","4",""
"C396","pva","13","VL_COFINS","Valor do crédito de COFINS","N","","2",""
"C396","pva","14","COD_CTA","Código da conta analítica contábil debitada/creditada","C","255","",""
"C400","pva","1","REG","Texto fixo contendo “C400”","C","004","","OC"
"C400","pva","2","COD_MOD","Código do modelo do documento fiscal, conforme a Tabela 4.1.1","C","002*","","O"
"C400","pva","3","ECF_MOD","Modelo do equipamento","C","020","","O"
"C400","pva","4","ECF_FAB","Número de série de fabricação do ECF","C","021","","O"
"C400","pva","5","ECF_CX","Número do caixa atribuído ao ECF","N","003","","O"
"C405","pva","1","REG","Texto fixo contendo “C405”","C","004","","O"
"C405","pva","2","DT_DOC","Data do movimento a que se refere a Redução Z","D","008*","","O"
"C405","pva","3","CRO","Posição do Contador de Reinício de Operação","N","003","","O"
"C405","pva","4","CRZ","Posição do Contador de Redução Z","N","006","","O"
"C405","pva","5","NUM_COO_FIN","Número do Contador de Ordem de Operação do último documento emitido no dia (Número do COO na Redução Z)","N","009","","O"
"C405","pva","6","GT_FIN","Valor do Grande Total final","N","","2","O"
"C405","pva","7","VL_BRT","Valor da venda bruta","N","","2","O"
"C481","pva","1","REG","Texto fixo contendo “C481”","C","004","",""
"C481","pva","2","CST_PIS","Código da Situação Tributária referente ao PIS/Pasep","N","002*","","O"
"C481","pva","3","VL_ITEM","Valor total dos itens","N","","2","O"
"C481","pva","4","VL_BC_PIS","Valor da base de cálculo do PIS/Pasep","N","","2",""
"C481","pva","5","ALIQ_PIS","Alíquota do PIS/Pasep (em percentual)","N","008","4",""
"C481","pva","6","QUANT_BC_PIS","Base de cálculo em quantidade PIS/Pasep","N","","3",""
"C481","pva","7","ALIQ_PIS_QUANT","Alíquota do PIS/Pasep (em reais)","N","","4",""
"C481","pva","8","VL_PIS","Valor do PIS/Pasep","N","","2",""
"C481","pva","9","COD_ITEM","Código do item (campo 02 do Registro 0200)","C","060","",""
"C481","pva","10","COD_CTA","Código da conta analítica contábil debitada/creditada","C","255","",""
"C485","pva","1","REG","Texto fixo contendo “C485”","C","004","",""
"C485","pva","2","CST_COFINS","Código da Situação Tributária referente a COFINS","N","002*","","O"
"C485","pva","3","VL_ITEM","Valor total dos itens","N","","2","O"
"C485","pva","4","VL_BC_COFINS","Valor da base de cálculo da COFINS","N","","2",""
"C485","pva","5","ALIQ_COFINS","Alíquota da COFINS (em percentual)","N","008","4",""
"C485","pva","6","QUANT_BC_COFINS","Base de cálculo em quantidade COFINS","N","","3",""
"C485","pva","7","ALIQ_COFINS_QUANT","Alíquota da COFINS (em reais)","N","","4",""
"C485","pva","8","VL_COFINS","Valor da COFINS","N","","2",""
"C485","pva","9","COD_ITEM","Código do item (campo 02 do Registro 0200)","C","060","",""
"C485","pva","10","COD_CTA","Código da conta analítica contábil debitada/creditada","C","255","",""
"C489","pva","1","REG","Texto fixo contendo “C489”","C","004","",""
"C489","pva","2","NUM_PROC","Identificação do processo ou ato concessório","C","020","","O"
"C489","pva","3","IND_PROC","Indicador da origem do processo","C","001*","","O"
"C490","pva","1","REG","Texto fixo contendo “C490”","C","004","","OC"
"C490","pva","2","DT_DOC_INI","Data de Emissão Inicial dos Documentos","D","008*","","O"
"C490","pva","3","DT_DOC_FIN","Data de Emissão Final dos Documentos","D","008*","","O"
"C490","pva","4","COD_MOD","Código do modelo do documento fiscal, conforme a Tabela 4.1.1","C","002*","","O"
"C491","pva","1","REG","Texto fixo contendo “C491”","C","004","",""
"C491","pva","2","COD_ITEM","Código do item (campo 02 do Registro 0200)","C","060","",""
"C491","pva","3","CST_PIS","Código da Situação Tributária referente ao PIS/Pasep","N","002*","","O"
"C491","pva","4","CFOP","Código fiscal de operação e prestação","N","004*","",""
"C491","pva","5","VL_ITEM","Valor total dos itens","N","","2","O"
"C491","pva","6","VL_BC_PIS","Valor da base de cálculo do PIS/Pasep","N","","2",""
"C491","pva","7","ALIQ_PIS","Alíquota do PIS/Pasep (em percentual)","N","008","4",""
"C491","pva","8","QUANT_BC_PIS","Base de cálculo em quantidade PIS/Pasep","N","","3",""
"C491","pva","9","ALIQ_PIS_QUANT","Alíquota do PIS/Pasep (em reais)","N","","4",""
"C491","pva","10","VL_PIS","Valor do PIS/Pasep","N","","2",""
"C491","pva","11","COD_CTA","Código da conta analítica contábil debitada/creditada","C","255","",""
"C495","pva","1","REG","Texto fixo contendo “C495”","C","004","",""
"C495","pva","2","COD_ITEM","Código do item (campo 02 do Registro 0200)","C","060","",""
"C495","pva","3","CST_COFINS","Código da Situação Tributária referente a COFINS","N","002*","","O"
"C495","pva","4","CFOP","Código fiscal de operação e prestação","N","004*","",""
"C495","pva","5","VL_ITEM","Valor total dos itens","N","","2","O"
"C495","pva","6","VL_BC_COFINS","Valor da base de cálculo da COFINS","N","","2",""
"C495","pva","7","ALIQ_COFINS","Alíquota da COFINS (em percentual)","N","008","4",""
"C495","pva","8","QUANT_BC_COFINS","Base de cálculo em quantidade COFINS","N","","3",""
"C495","pva","9","ALIQ_COFINS_QUANT","Alíquota da COFINS (em reais)","N","","4",""
"C495","pva","10","VL_COFINS","Valor da COFINS","N","","2",""
"C495","pva","11","COD_CTA","Código da conta analítica contábil debitada/creditada","C","255","",""
"C499","pva","1","REG","Texto fixo contendo “C499”","C","004","",""
"C499","pva","2","NUM_PROC","Identificação do processo ou ato concessório","C","020","","O"
"C499","pva","3","IND_PROC","Indicador da origem do processo","C","001*","","O"
"C500","pva","1","REG","Texto fixo contendo “C500”","C","004","","OC"
"C500","pva","2","COD_PART","Código do participante do fornecedor (campo 02 do Registro 0150)","C","060","","O"
"C500","pva","3","COD_MOD","Código do modelo do documento fiscal, conforme a Tabela 4.1.1","C","002*","","O"
"C500","pva","4","COD_SIT","Código da situação do documento fiscal, conforme a Tabela 4.1.2","N","002*","","O"
"C500","pva","5","SER","Série do documento fiscal","C","004","",""
"C500","pva","6","SUB","Subsérie do documento fiscal","N","003","",""
"C500","pva","7","NUM_DOC","Número do documento fiscal","N","060","","O"
"C500","pva","8","DT_DOC","Data da emissão do documento fiscal","D","008*","","O"
"C500","pva","9","DT_E_S","Data da entrada","D","008*","",""
"C500","pva","10","VL_DOC","Valor total do documento fiscal","N","","2","O"
"C500","pva","11","VL_ICMS","Valor acumulado do ICMS","N","","2",""
"C500","pva","12","COD_INF","Código da informação complementar do documento fiscal (campo 02 do Registro 0450)","C","006","",""
"C500","pva","13","VL_PIS","Valor do PIS/Pasep","N","","2",""
"C500","pva","14","VL_COFINS","Valor da COFINS","N","","2",""
"C500","pva","15","CHV_DOC_E","Chave do Documento Fiscal Eletrônico","N","044*","",""
"C501","pva","1","REG","Texto fixo contendo “C501”","C","004","","O"
"C501","pva","2","CST_PIS","Código da Situação Tributária referente ao PIS/Pasep","N","002*","","O"
"C501","pva","3","VL_ITEM","Valor total dos itens","N","","2","O"
"C501","pva","4","NAT_BC_CRED","Código da Natureza da Base de Cálculo do Crédito, conforme a Tabela indicada no item 4.3.7","C","002","",""
"C501","pva","5","VL_BC_PIS","Valor da base de cálculo do PIS/Pasep","N","","2","O"
"C501","pva","6","ALIQ_PIS","Alíquota do PIS/Pasep (em percentual)","N","008","4","O"
"C501","pva","7","VL_PIS","Valor do PIS/Pasep","N","","2","O"
"C501","pva","8","COD_CTA","Código da conta analítica contábil debitada/creditada","C","255","",""
"C505","pva","1","REG","Texto fixo contendo “C505”","C","004","","O"
"C505","pva","2","CST_COFINS","Código da Situação Tributária referente a COFINS","N","002*","","O"
"C505","pva","3","VL_ITEM","Valor total dos itens","N","","2","O"
"C505","pva","4","NAT_BC_CRED","Código da Natureza da Base de Cálculo do Crédito, conforme a Tabela indicada no item 4.3.7","C","002","",""
"C505","pva","5","VL_BC_COFINS","Valor da base de cálculo da COFINS","N","","2","O"
"C505","pva","6","ALIQ_COFINS","Alíquota da COFINS (em percentual)","N","008","4","O"
"C505","pva","7","VL_COFINS","Valor da COFINS","N","","2","O"
"C505","pva","8","COD_CTA","Código da conta analítica contábil debitada/creditada","C","255","",""
"C509","pva","1","REG","Texto fixo contendo “C509”","C","004","",""
"C509","pva","2","NUM_PROC","Identificação do processo ou ato concessório","C","020","","O"
"C509","pva","3","IND_PROC","Indicador da origem do processo","C","001*","","O"
"C600","pva","1","REG","Texto fixo contendo “C600”","C","004","","OC"
"C600","pva","2","COD_MOD","Código do modelo do documento fiscal, conforme a Tabela 4.1.1","C","002*","","O"
"C600","pva","3","COD_MUN","Código do município dos pontos de consumo, conforme a tabela IBGE","N","007*","",""
"C600","pva","4","SER","Série do documento fiscal","C","004","",""
"C600","pva","5","SUB","Subsérie do documento fiscal","N","003","",""
"C600","pva","6","COD_CONS","Código de classe de consumo de energia elétrica, conforme a Tabela 4.4.5, ou Código de Consumo de Fornecimento D'água - Tabela 4.4.2 ou Código da classe de consumo de gás canalizado conforme Tabela 4.4.3","C","002*","",""
"C600","pva","7","QTD_CONS","Quantidade de documentos consolidados neste registro","N","","","O"
"C600","pva","8","QTD_CANC","Quantidade de documentos cancelados","N","","",""
"C600","pva","9","DT_DOC","Data dos documentos consolidados","D","008*","","O"
"C600","pva","10","VL_DOC","Valor total dos documentos","N","","2","O"
"C600","pva","11","VL_DESC","Valor acumulado dos descontos","N","","2",""
"C600","pva","12","CONS","Consumo total acumulado, em kWh (Código 06)","N","","",""
"C600","pva","13","VL_FORN","Valor acumulado do fornecimento","N","","2",""
"C600","pva","14","VL_SERV_NT","Valor acumulado dos serviços não-tributados pelo ICMS","N","","2",""
"C600","pva","15","VL_TERC","Valores cobrados em nome de terceiros","N","","2",""
"C600","pva","16","VL_DA","Valor acumulado das despesas acessórias","N","","2",""
"C600","pva","17","VL_BC_ICMS","Valor acumulado da base de cálculo do ICMS","N","","2",""
"C600","pva","18","VL_ICMS","Valor acumulado do ICMS","N","","2",""
"C600","pva","19","VL_BC_ICMS_ST","Valor acumulado da base de cálculo do ICMS substituição tributária","N","","2",""
"C600","pva","20","VL_ICMS_ST","Valor acumulado do ICMS retido por substituição tributária","N","","2",""
"C600","pva","21","VL_PIS","Valor acumulado do PIS/Pasep","N","","2","O"
"C600","pva","22","VL_COFINS","Valor acumulado da COFINS","N","","2","O"
"C601","pva","1","REG","Texto fixo contendo “C601”","C","004","","O"
"C601","pva","2","CST_PIS","Código da Situação Tributária referente ao PIS/Pasep","N","002*","","O"
"C601","pva","3","VL_ITEM","Valor total dos itens","N","","2","O"
"C601","pva","4","VL_BC_PIS","Valor da base de cálculo do PIS/Pasep","N","","2",""
"C601","pva","5","ALIQ_PIS","Alíquota do PIS/Pasep (em percentual)","N","008","4",""
"C601","pva","6","VL_PIS","Valor do PIS/Pasep","N","","2",""
"C601","pva","7","COD_CTA","Código da conta analítica contábil debitada/creditada","C","255","",""
"C605","pva","1","REG","Texto fixo contendo “C605”","C","004","","O"
"C605","pva","2","CST_COFINS","Código da Situação Tributária referente a COFINS","N","002*","","O"
"C605","pva","3","VL_ITEM","Valor total dos itens","N","","2","O"
"C605","pva","4","VL_BC_COFINS","Valor da base de cálculo da COFINS","N","","2",""
"C605","pva","5","ALIQ_COFINS","Alíquota da COFINS (em percentual)","N","008","4",""
"C605","pva","6","VL_COFINS","Valor da COFINS","N","","2",""
"C605","pva","7","COD_CTA","Código da conta analítica contábil debitada/creditada","C","255","",""
"C609","pva","1","REG","Texto fixo contendo “C609”","C","004","",""
"C609","pva","2","NUM_PROC","Identificação do processo ou ato concessório","C","020","","O"
"C609","pva","3","IND_PROC","Indicador da origem do processo","C","001*","","O"
"C860","pva","1","REG","Texto fixo contendo “C860”","C","004","","OC"
"C860","pva","2","COD_MOD","Código do modelo do documento fiscal, conforme a Tabela 4.1.1 (Código 59 - Cupom Fiscal Eletrônico CF-e)","C","002*","","O"
"C860","pva","3","NR_SAT","Número de série do equipamento (SAT)","N","009","","O"
"C860","pva","4","DT_DOC","Data de emissão do(s) documento(s) fiscal(is)","D","008*","","O"
"C860","pva","5","DOC_INI","Número do documento inicial","N","009","","O"
"C860","pva","6","DOC_FIM","Número do documento final","N","009","","O"
"C870","pva","1","REG","Texto fixo contendo “C870”","C","004*","",""
"C870","pva","2","COD_ITEM","Código do item (campo 02 do Registro 0200)","C","060","","O"
"C870","pva","3","CFOP","Código Fiscal de Operação e Prestação","N","004*","",""
"C870","pva","4","VL_ITEM","Valor total dos itens","N","","2","O"
"C870","pva","5","VL_DESC","Valor da exclusão / desconto comercial dos itens","N","","2",""
"C870","pva","6","CST_PIS","Código da Situação Tributária referente ao PIS/Pasep","N","002*","","O"
"C870","pva","7","VL_BC_PIS","Valor da base de cálculo do PIS/Pasep","N","","2",""
"C870","pva","8","ALIQ_PIS","Alíquota do PIS/Pasep (em percentual)","N","008","4",""
"C870","pva","9","VL_PIS","Valor do PIS/Pasep","N","","2",""
"C870","pva","10","CST_COFINS","Código da Situação Tributária referente a COFINS","N","002*","","O"
"C870","pva","11","VL_BC_COFINS","Valor da base de cálculo da COFINS","N","","2",""
"C870","pva","12","ALIQ_COFINS","Alíquota da COFINS (em percentual)","N","008","4",""
"C870","pva","13","VL_COFINS","Valor da COFINS","N","","2",""
"C870","pva","14","COD_CTA","Código da conta analítica contábil debitada/creditada","C","255","",""
"C880","pva","1","REG","Texto fixo contendo “C880”","C","004*","",""
"C880","pva","2","COD_ITEM","Código do item (campo 02 do Registro 0200)","C","060","","O"
"C880","pva","3","CFOP","Código Fiscal de Operação e Prestação","N","004*","",""
"C880","pva","4","VL_ITEM","Valor total dos itens","N","","2","O"
"C880","pva","5","VL_DESC","Valor da exclusão / desconto comercial dos itens","N","","2",""
"C880","pva","6","CST_PIS","Código da Situação Tributária referente ao PIS/Pasep","N","002*","","O"
"C880","pva","7","QUANT_BC_PIS","Base de cálculo em quantidade - PIS/Pasep","N","","3",""
"C880","pva","8","ALIQ_PIS_QUANT","Alíquota do PIS (em reais)","N","","4",""
"C880","pva","9","VL_PIS","Valor do PIS/Pasep","N","","2",""
"C880","pva","10","CST_COFINS","Código da Situação Tributária referente a COFINS","N","002*","","O"
"C880","pva","11","QUANT_BC_COFINS","Base de cálculo em quantidade COFINS","N","","3",""
"C880","pva","12","ALIQ_COFINS_QUANT","Alíquota da COFINS (em reais)","N","","4",""
"C880","pva","13","VL_COFINS","Valor da COFINS","N","","2",""
"C880","pva","14","COD_CTA","Código da conta analítica contábil debitada/creditada","C","255","",""
"C890","pva","1","REG","Texto fixo contendo “C890”","C","004*","",""
"C890","pva","2","NUM_PROC","Identificação do processo ou ato concessório","C","020","","O"
"C890","pva","3","IND_PROC","Indicador da origem do processo","C","001*","","O"
"C990","pva","1","REG","Texto fixo contendo “C990”","C","004","",""
"C990","pva","2","QTD_LIN_C","Quantidade total de linhas do Bloco C","N","","","O"
"D001","pva","1","REG","Texto fixo contendo “D001”","C","004","",""
"D001","pva","2","IND_MOV","Indicador de movimento","C","001","","O"
"D010","pva","1","REG","Texto fixo contendo “D010”","C","004","","OC"
"D010","pva","2","CNPJ","Número de inscrição do estabelecimento no CNPJ","N","014*","","O"
"D100","pva","1","REG","Texto fixo contendo “D100”","C","004","","OC"
"D100","pva","2","IND_OPER","Indicador do tipo de operação","C","001*","","O"
"D100","pva","3","IND_EMIT","Indicador do emitente do documento fiscal","C","001*","","O"
"D100","pva","4","COD_PART","Código do participante (campo 02 do Registro 0150): do prestador de serviço, no caso de aquisição de serviço; tomador do serviço, no caso de prestação de serviços","C","060","","O"
"D100","pva","5","COD_MOD","Código do modelo do documento fiscal, conforme a Tabela 4.1.1","C","002*","","O"
"D100","pva","6","COD_SIT","Código da situação do documento fiscal, conforme a Tabela 4.1.2","N","002*","","O"
"D100","pva","7","SER","Série do documento fiscal","C","004","",""
"D100","pva","8","SUB","Subsérie do documento fiscal","C","003","",""
"D100","pva","9","NUM_DOC","Número do documento fiscal","N","009","","O"
"D100","pva","10","CHV_CTE","Chave do Conhecimento de Transporte Eletrônico","N","044*","",""
"D100","pva","11","DT_DOC","Data da emissão do documento fiscal","D","008*","","O"
"D100","pva","12","DT_A_P","Data da aquisição ou da prestação do serviço","D","008*","",""
"D100","pva","13","TP_CTE","Tipo de Conhecimento de Transporte Eletrônico conforme definido no Manual de Integração do CT-e","N","001*","",""
"D100","pva","14","CHV_CTE_REF","Chave do CT-e de referência cujos valores foram complementados (opção “1” do campo anterior) ou cujo débito foi anulado(opção “2” do campo anterior)","N","044*","",""
"D100","pva","15","VL_DOC","Valor total do documento fiscal","N","","2","O"
"D100","pva","16","VL_DESC","Valor total do desconto","N","","2",""
"D100","pva","17","IND_FRT","Indicador do tipo do frete","C","001*","","O"
"D100","pva","18","VL_SERV","Valor total da prestação de serviço","N","","2","O"
"D100","pva","19","VL_BC_ICMS","Valor da base de cálculo do ICMS","N","","2",""
"D100","pva","20","VL_ICMS","Valor do ICMS","N","","2",""
"D100","pva","21","VL_NT","Valor não-tributado do ICMS","N","","2",""
"D100","pva","22","COD_INF","Código da informação complementar do documento fiscal (campo 02 do Registro 0450)","C","006","",""
"D100","pva","23","COD_CTA","Código da conta analítica contábil debitada/creditada","C","255","",""
"D101","pva","1","REG","Texto fixo contendo “D101”","C","004","",""
"D101","pva","2","IND_NAT_FRT","Indicador da Natureza do Frete","C","001*","","O"
"D101","pva","3","VL_ITEM","Valor total dos itens","N","","2","O"
"D101","pva","4","CST_PIS","Código da Situação Tributária referente ao PIS/Pasep","N","002*","","O"
"D101","pva","5","NAT_BC_CRED","Código da Natureza da Base de Cálculo do Crédito, conforme a Tabela indicada no item 4.3.7","C","002","",""
"D101","pva","6","VL_BC_PIS","Valor da base de cálculo do PIS/Pasep","N","","2",""
"D101","pva","7","ALIQ_PIS","Alíquota do PIS/Pasep (em percentual)","N","008","4",""
"D101","pva","8","VL_PIS","Valor do PIS/Pasep","N","","2",""
"D101","pva","9","COD_CTA","Código da conta analítica contábil debitada/creditada","C","255","",""
"D105","pva","1","REG","Texto fixo contendo “D105”","C","004","",""
"D105","pva","2","IND_NAT_FRT","Indicador da Natureza do Frete","C","001*","","O"
"D105","pva","3","VL_ITEM","Valor total dos itens","N","","2","O"
"D105","pva","4","CST_COFINS","Código da Situação Tributária referente a COFINS","N","002*","","O"
"D105","pva","5","NAT_BC_CRED","Código da Natureza da base de Cálculo do Crédito, conforme a Tabela indicada no item 4.3.7","C","002","",""
"D105","pva","6","VL_BC_COFINS","Valor da base de cálculo da COFINS","N","","2",""
"D105","pva","7","ALIQ_COFINS","Alíquota da COFINS (em percentual)","N","008","4",""
"D105","pva","8","VL_COFINS","Valor da COFINS","N","","2",""
"D105","pva","9","COD_CTA","Código da conta analítica contábil debitada/creditada","C","255","",""
"D111","pva","1","REG","Texto fixo contendo “D111”","C","004","",""
"D111","pva","2","NUM_PROC","Identificação do processo ou ato concessório","C","020","","O"
"D111","pva","3","IND_PROC","Indicador da origem do processo","C","001*","","O"
"D200","pva","1","REG","Texto fixo contendo “D200”","C","004","","OC"
"D200","pva","2","COD_MOD","Código do modelo do documento fiscal, conforme a Tabela 4.1.1","C","002*","","O"
"D200","pva","3","COD_SIT","Código da situação do documento fiscal, conforme a Tabela 4.1.2","N","002*","","O"
"D200","pva","4","SER","Série do documento fiscal","C","004","",""
"D200","pva","5","SUB","Subsérie do documento fiscal","C","003","",""
"D200","pva","6","NUM_DOC_INI","Número do documento fiscal inicial (mesmo modelo, série e subsérie)","N","009","","O"
"D200","pva","7","NUM_DOC_FIN","Número do documento fiscal final (mesmo modelo, série e subsérie)","N","009","","O"
"D200","pva","8","CFOP","Código Fiscal de Operação e Prestação conforme tabela indicada no item 4.2.2","N","004*","","O"
"D200","pva","9","DT_REF","Data do dia de referência do resumo diário","D","008*","","O"
"D200","pva","10","VL_DOC","Valor total dos documentos fiscais","N","","2","O"
"D200","pva","11","VL_DESC","Valor total dos descontos","N","","2",""
"D201","pva","1","REG","Texto fixo contendo “D201”","C","004","",""
"D201","pva","2","CST_PIS","Código da Situação Tributária referente ao PIS/Pasep","N","002*","","O"
"D201","pva","3","VL_ITEM","Valor total dos itens","N","","2","O"
"D201","pva","4","VL_BC_PIS","Valor da base de cálculo do PIS/Pasep","N","","2",""
"D201","pva","5","ALIQ_PIS","Alíquota do PIS/Pasep (em percentual)","N","008","4",""
"D201","pva","6","VL_PIS","Valor do PIS/Pasep","N","","2",""
"D201","pva","7","COD_CTA","Código da conta analítica contábil debitada/creditada","C","255","",""
"D205","pva","1","REG","Texto fixo contendo “D205”","C","004","",""
"D205","pva","2","CST_COFINS","Código da Situação Tributária referente a COFINS","N","002*","","O"
"D205","pva","3","VL_ITEM","Valor total dos itens","N","","2","O"
"D205","pva","4","VL_BC_COFINS","Valor da base de cálculo da COFINS","N","","2",""
"D205","pva","5","ALIQ_COFINS","Alíquota da COFINS (em percentual)","N","008","4",""
"D205","pva","6","VL_COFINS","Valor da COFINS","N","","2",""
"D205","pva","7","COD_CTA","Código da conta analítica contábil debitada/creditada","C","255","",""
"D209","pva","1","REG","Texto fixo contendo “D209”","C","004","",""
"D209","pva","2","NUM_PROC","Identificação do processo ou ato concessório","C","020","","O"
"D209","pva","3","IND_PROC","Indicador da origem do processo","C","001*","","O"
"D300","pva","1","REG","Texto fixo contendo “D300”","C","004","","OC"
"D300","pva","2","COD_MOD","Código do modelo do documento fiscal, conforme a Tabela 4.1.1","C","002*","","O"
"D300","pva","3","SER","Série do documento fiscal","C","004","",""
"D300","pva","4","SUB","Subsérie do documento fiscal","N","003","",""
"D300","pva","5","NUM_DOC_INI","Número do primeiro documento fiscal emitido (mesmo modelo, série e subsérie)","N","006","",""
"D300","pva","6","NUM_DOC_FIN","Número do último documento fiscal emitido (mesmo modelo, série e subsérie)","N","","",""
"D300","pva","7","CFOP","Código Fiscal de Operação e Prestação conforme tabela indicada no item 4.2.2","N","004*","","O"
"D300","pva","8","DT_REF","Data do dia de referência do resumo diário","D","008*","","O"
"D300","pva","9","VL_DOC","Valor total dos documentos fiscais emitidos","N","","2","O"
"D300","pva","10","VL_DESC","Valor total dos descontos","N","","2",""
"D300","pva","11","CST_PIS","Código da Situação Tributária referente ao PIS/Pasep","N","002*","","O"
"D300","pva","12","VL_BC_PIS","Valor da base de cálculo do PIS/Pasep","N","","2",""
"D300","pva","13","ALIQ_PIS","Alíquota do PIS/Pasep (em percentual)","N","008","4",""
"D300","pva","14","VL_PIS","Valor do PIS/Pasep","N","","2",""
"D300","pva","15","CST_COFINS","Código da Situação Tributária referente a COFINS","N","002*","","O"
"D300","pva","16","VL_BC_COFINS","Valor da base de cálculo da COFINS","N","","2",""
"D300","pva","17","ALIQ_COFINS","Alíquota da COFINS (em percentual)","N","008","4",""
"D300","pva","18","VL_COFINS","Valor da COFINS","N","","2",""
"D300","pva","19","COD_CTA","Código da conta analítica contábil debitada/creditada","C","255","",""
"D309","pva","1","REG","Texto fixo contendo “D309”","C","004","",""
"D309","pva","2","NUM_PROC","Identificação do processo ou ato concessório","C","020","","O"
"D309","pva","3","IND_PROC","Indicador da origem do processo","C","001*","","O"
"D350","pva","1","REG","Texto fixo contendo “D350”","C","004","","OC"
"D350","pva","2","COD_MOD","Código do modelo do documento fiscal, conforme a Tabela 4.1.1","C","002*","","O"
"D350","pva","3","ECF_MOD","Modelo do equipamento","C","020","","O"
"D350","pva","4","ECF_FAB","Número de série de fabricação do ECF","C","021","","O"
"D350","pva","5","DT_DOC","Data do movimento a que se refere a Redução Z","D","008*","","O"
"D350","pva","6","CRO","Posição do Contador de Reinício de Operação","N","003","","O"
"D350","pva","7","CRZ","Posição do Contador de Redução Z","N","006","","O"
"D350","pva","8","NUM_COO_FIN","Número do Contador de Ordem de Operação do último documento emitido no dia. (Número do COO na Redução Z)","N","009","","O"
"D350","pva","9","GT_FIN","Valor do Grande Total final","N","","2","O"
"D350","pva","10","VL_BRT","Valor da venda bruta","N","","2","O"
"D350","pva","11","CST_PIS","Código da Situação Tributária referente ao PIS/Pasep","N","002*","","O"
"D350","pva","12","VL_BC_PIS","Valor da base de cálculo do PIS/Pasep","N","","2",""
"D350","pva","13","ALIQ_PIS","Alíquota do PIS/Pasep (em percentual)","N","008","4",""
"D350","pva","14","QUANT_BC_PIS","Base de cálculo em quantidade PIS/Pasep","N","","3",""
"D350","pva","15","ALIQ_PIS_QUANT","Alíquota do PIS/Pasep (em reais)","N","","4",""
"D350","pva","16","VL_PIS","Valor do PIS/Pasep","N","","2",""
"D350","pva","17","CST_COFINS","Código da Situação Tributária referente a COFINS","N","002*","","O"
"D350","pva","18","VL_BC_COFINS","Valor da base de cálculo da COFINS","N","","2",""
"D350","pva","19","ALIQ_COFINS","Alíquota da COFINS (em percentual)","N","008","4",""
"D350","pva","20","QUANT_BC_COFINS","Base de cálculo em quantidade COFINS","N","","3",""
"D350","pva","21","ALIQ_COFINS_QUANT","Alíquota da COFINS (em reais)","N","","4",""
"D350","pva","22","VL_COFINS","Valor da COFINS","N","","2",""
"D350","pva","23","COD_CTA","Código da conta analítica contábil debitada/creditada","C","255","",""
"D359","pva","1","REG","Texto fixo contendo “D359”","C","004","",""
"D359","pva","2","NUM_PROC","Identificação do processo ou ato concessório","C","020","","O"
"D359","pva","3","IND_PROC","Indicador da origem do processo","C","001*","","O"
"D500","pva","1","REG","Texto fixo contendo “D500”","C","004","","OC"
"D500","pva","2","IND_OPER","Indicador do tipo de operação","C","001*","","O"
"D500","pva","3","IND_EMIT","Indicador do emitente do documento fiscal","C","001*","","O"
"D500","pva","4","COD_PART","Código do participante prestador do serviço (campo 02 do Registro 0150)","C","060","","O"
"D500","pva","5","COD_MOD","Código do modelo do documento fiscal, conforme a Tabela 4.1.1","C","002*","","O"
"D500","pva","6","COD_SIT","Çódigo da situação do documento fiscal, conforme a Tabela 4.1.2","N","002*","","O"
"D500","pva","7","SER","Série do documento fiscal","C","004","",""
"D500","pva","8","SUB","Subsérie do documento fiscal","N","003","",""
"D500","pva","9","NUM_DOC","Número do documento fiscal","N","009","","O"
"D500","pva","10","DT_DOC","Data da emissão do documento fiscal","D","008*","","O"
"D500","pva","11","DT_A_P","Data da entrada (aquisição)","D","008*","","O"
"D500","pva","12","VL_DOC","Valor total do documento fiscal","N","","2","O"
"D500","pva","13","VL_DESC","Valor total do desconto","N","","2",""
"D500","pva","14","VL_SERV","Valor da prestação de serviços","N","","2","O"
"D500","pva","15","VL_SERV_NT","Valor total dos serviços não-tributados pelo ICMS","N","","2",""
"D500","pva","16","VL_TERC","Valores cobrados em nome de terceiros","N","","2",""
"D500","pva","17","VL_DA","Valor de outras despesas indicadas no documento fiscal","N","","2",""
"D500","pva","18","VL_BC_ICMS","Valor da base de cálculo do ICMS","N","","2",""
"D500","pva","19","VL_ICMS","Valor do ICMS","N","","2",""
"D500","pva","20","COD_INF","Código da informação complementar (campo 02 do Registro 0450)","C","006","",""
"D500","pva","21","VL_PIS","Valor do PIS/Pasep","N","","2",""
"D500","pva","22","VL_COFINS","Valor da COFINS","N","","2",""
"D500","pva","23","CHV_DOC_E","Chave do Documento Fiscal Eletrônico","N","044*","",""
"D501","pva","1","REG","Texto fixo contendo “D501”","C","004","",""
"D501","pva","2","CST_PIS","Código da Situação Tributária referente ao PIS/Pasep","N","002*","","O"
"D501","pva","3","VL_ITEM","Valor Total dos Itens  (Serviços)","N","","2","O"
"D501","pva","4","NAT_BC_CRED","Código da Natureza da Base de Cálculo do Crédito, conforme a Tabela indicada no item 4.3.7","C","002","",""
"D501","pva","5","VL_BC_PIS","Valor da base de cálculo do PIS/Pasep","N","","2",""
"D501","pva","6","ALIQ_PIS","Alíquota do PIS/Pasep (em percentual)","N","008","4",""
"D501","pva","7","VL_PIS","Valor do PIS/Pasep","N","","2",""
"D501","pva","8","COD_CTA","Código da conta analítica contábil debitada/creditada","C","255","",""
"D505","pva","1","REG","Texto fixo contendo “D505”","C","004","",""
"D505","pva","2","CST_COFINS","Código da Situação Tributária referente a COFINS","N","002*","","O"
"D505","pva","3","VL_ITEM","Valor Total dos Itens","N","","2","O"
"D505","pva","4","NAT_BC_CRED","Código da Natureza da Base de Cálculo do Crédito, conforme a Tabela indicada no item 4.3.7","C","002","",""
"D505","pva","5","VL_BC_COFINS","Valor da base de cálculo da COFINS","N","","2",""
"D505","pva","6","ALIQ_COFINS","Alíquota da COFINS (em percentual)","N","008","4",""
"D505","pva","7","VL_COFINS","Valor da COFINS","N","","2",""
"D505","pva","8","COD_CTA","Código da conta analítica contábil debitada/creditada","C","255","",""
"D509","pva","1","REG","Texto fixo contendo “D509”","C","004","",""
"D509","pva","2","NUM_PROC","Identificação do processo ou ato concessório","C","020","","O"
"D509","pva","3","IND_PROC","Indicador da origem do processo","C","001*","","O"
"D600","pva","1","REG","Texto fixo contendo “D600”","C","004","","OC"
"D600","pva","2","COD_MOD","Código do modelo do documento fiscal, conforme a Tabela 4.1.1","C","002*","","O"
"D600","pva","3","COD_MUN","Código do município dos terminais faturados, conforme a tabela IBGE","N","007*","",""
"D600","pva","4","SER","Série do documento fiscal","C","004","",""
"D600","pva","5","SUB","Subsérie do documento fiscal","N","003","",""
"D600","pva","6","IND_REC","Indicador do tipo de receita","N","001*","","O"
"D600","pva","7","QTD_CONS","Quantidade de documentos consolidados neste registro","N","","",""
"D600","pva","8","DT_DOC_INI","Data Inicial dos documentos consolidados","D","008*","","O"
"D600","pva","9","DT_DOC_FIN","Data Final dos documentos consolidados","D","008*","","O"
"D600","pva","10","VL_DOC","Valor total acumulado dos documentos fiscais","N","","2","O"
"D600","pva","11","VL_DESC","Valor acumulado dos descontos","N","","2",""
"D600","pva","12","VL_SERV","Valor acumulado das prestações de serviços tributados pelo ICMS","N","","2","O"
"D600","pva","13","VL_SERV_NT","Valor acumulado dos serviços não-tributados pelo ICMS","N","","2",""
"D600","pva","14","VL_TERC","Valores cobrados em nome de terceiros","N","","2",""
"D600","pva","15","VL_DA","Valor acumulado das despesas acessórias","N","","2",""
"D600","pva","16","VL_BC_ICMS","Valor acumulado da base de cálculo do ICMS","N","","2",""
"D600","pva","17","VL_ICMS","Valor acumulado do ICMS","N","","2",""
"D600","pva","18","VL_PIS","Valor do PIS/Pasep","N","","2",""
"D600","pva","19","VL_COFINS","Valor da COFINS","N","","2",""
"D601","pva","1","REG","Texto fixo contendo “D601”","C","004","",""
"D601","pva","2","COD_CLASS","Código de classificação do item do serviço de comunicação ou de telecomunicação, conforme a Tabela 4.4.1","N","004*","","O"
"D601","pva","3","VL_ITEM","Valor acumulado do item","N","","2","O"
"D601","pva","4","VL_DESC","Valor acumulado dos descontos","N","","2",""
"D601","pva","5","CST_PIS","Código da Situação Tributária referente ao PIS/Pasep","N","002*","","O"
"D601","pva","6","VL_BC_PIS","Valor da base de cálculo do PIS/Pasep","N","","2",""
"D601","pva","7","ALIQ_PIS","Alíquota do PIS/Pasep (em percentual)","N","008","4",""
"D601","pva","8","VL_PIS","Valor do PIS/Pasep","N","","2",""
"D601","pva","9","COD_CTA","Código da conta analítica contábil debitada/creditada","C","255","",""
"D605","pva","1","REG","Texto fixo contendo “D605”","C","004","",""
"D605","pva","2","COD_CLASS","Código de classificação do item do serviço de comunicação ou de telecomunicação, conforme a Tabela 4.4.1","N","004*","","O"
"D605","pva","3","VL_ITEM","Valor acumulado do item","N","","2","O"
"D605","pva","4","VL_DESC","Valor acumulado dos descontos","N","","2",""
"D605","pva","5","CST_COFINS","Código da Situação Tributária referente a COFINS","N","002*","","O"
"D605","pva","6","VL_BC_COFINS","Valor da base de cálculo da COFINS","N","","2",""
"D605","pva","7","ALIQ_COFINS","Alíquota da COFINS (em percentual)","N","008","4",""
"D605","pva","8","VL_COFINS","Valor da COFINS","N","","2",""
"D605","pva","9","COD_CTA","Código da conta analítica contábil debitada/creditada","C","255","",""
"D609","pva","1","REG","Texto fixo contendo “D609”","C","004","",""
"D609","pva","2","NUM_PROC","Identificação do processo ou ato concessório","C","020","","O"
"D609","pva","3","IND_PROC","Indicador da origem do processo","C","001*","","O"
"D990","pva","1","REG","Texto fixo contendo “D990”","C","004","",""
"D990","pva","2","QTD_LIN_D","Quantidade total de linhas do Bloco D","N","","","O"
"F001","pva","1","REG","Texto fixo contendo F001","C","004*","","O"
"F001","pva","2","IND_MOV","Indicador de movimento:0- Bloco com dados informados;1- Bloco sem dados informados","C","001","","O"
"F010","pva","1","REG","Texto fixo contendo F010","C","004","",""
"F010","pva","2","CNPJ","Número de inscrição do estabelecimento no CNPJ","N","014*","","O"
"F100","pva","1","REG","Texto fixo contendo F100","C","004","","OC"
"F100","pva","2","IND_OPER","Indicador do Tipo da Operação","C","001*","","O"
"F100","pva","3","COD_PART","Código do participante (Campo 02 do Registro 0150)","C","060","",""
"F100","pva","4","COD_ITEM","Código do item (campo 02 do Registro 0200)","C","060","",""
"F100","pva","5","DT_OPER","Data da Operação (ddmmaaaa)","D","008*","","O"
"F100","pva","6","VL_OPER","Valor da Operação","N","","2","O"
"F100","pva","7","CST_PIS","Código da Situação Tributária referente ao PIS/Pasep, conforme a Tabela indicada no item 4.3.3 (IN RFB nº 1.009, de 2010)","N","002*","","O"
"F100","pva","8","VL_BC_PIS","Base de Cálculo do PIS/Pasep","N","","4",""
"F100","pva","9","ALIQ_PIS","Alíquota do PIS/Pasep","N","008","4",""
"F100","pva","10","VL_PIS","Valor do PIS/Pasep","N","","2",""
"F100","pva","11","CST_COFINS","Código da Situação Tributária referente a COFINS, conforme a Tabela indicada no item 4.3.4 (IN RFB nº 1.009, de 2010)","N","002*","","O"
"F100","pva","12","VL_BC_COFINS","Base de Cálculo da COFINS","N","","4",""
"F100","pva","13","ALIQ_COFINS","Alíquota da COFINS","N","008","4",""
"F100","pva","14","VL_COFINS","Valor da COFINS","N","","2",""
"F100","pva","15","NAT_BC_CRED","Código da Natureza da Base de Cálculo do Crédito, conforme a Tabela indicada no item 4.3.7 (Lei nº 12.058/09. art. 35).","C","002","",""
"F100","pva","16","IND_ORIG_CRED","Indicador da origem do crédito","C","001*","",""
"F100","pva","17","COD_CTA","Código da conta analítica contábil debitada/creditada","C","255","",""
"F100","pva","18","COD_CCUS","Código do Centro de Custos","C","255","",""
"F100","pva","19","DESC_DOC_OPER","Descrição do Documento/Operação","C","","",""
"F111","pva","1","REG","Texto fixo contendo F111","C","004","",""
"F111","pva","2","NUM_PROC","Identificação do processo ou ato concessório.","C","020","","O"
"F111","pva","3","IND_PROC","Indicador da origem do processo.","C","001*","","O"
"F120","pva","1","REG","Texto fixo contendo F120","C","004","","OC"
"F120","pva","2","NAT_BC_CRED","Código da Base de Cálculo do Crédito sobre Bens Incorporados ao Ativo Imobilizado, conforme a Tabela indicada no item 4.3.7","C","002","","O"
"F120","pva","3","IDENT_BEM_IMOB","Identificação dos Bens Incorporados ao Ativo Imobilizado","N","002*","","O"
"F120","pva","4","IND_ORIG_CRED","Indicador da origem do bem incorporado ao ativo imobilizado, gerador de crédito","C","001*","",""
"F120","pva","5","IND_UTIL_BEM_IMOB","Indicador da Utilização dos Bens Incorporados ao Ativo Imobilizado","N","001*","","O"
"F120","pva","6","VL_OPER_DEP","Valor do Encargo de Depreciação/Amortização Incorrido no Período","N","","2","O"
"F120","pva","7","PARC_OPER_NAO_BC_CRED","Parcela do Valor do Encargo de Depreciação/Amortização a excluir da base de cálculo de Crédito","N","","2",""
"F120","pva","8","CST_PIS","Código da Situação Tributária referente ao PIS/Pasep, conforme a Tabela indicada no item 4.3.3","N","002*","","O"
"F120","pva","9","VL_BC_PIS","Base de Cálculo do Crédito de PIS/Pasep no período (06 - 07)","N","","2",""
"F120","pva","10","ALIQ_PIS","Alíquota do PIS/Pasep (em percentual)","N","008","4",""
"F120","pva","11","VL_PIS","Valor do Crédito de PIS/Pasep","N","","2",""
"F120","pva","12","CST_COFINS","Código da Situação Tributária referente a COFINS, conforme a Tabela indicada no item 4.3.4","N","002*","","O"
"F120","pva","13","VL_BC_COFINS","Base de Cálculo do Crédito da COFINS no período","N","","2",""
"F120","pva","14","ALIQ_COFINS","Alíquota da COFINS (em percentual)","N","008","4",""
"F120","pva","15","VL_COFINS","Valor do Crédito da COFINS","N","","2",""
"F120","pva","16","COD_CTA","Código da conta analítica contábil debitada/creditada","C","255","",""
"F120","pva","17","COD_CCUS","Código do Centro de Custos","C","255","",""
"F120","pva","18","DESC_BEM_IMOB","Descrição complementar do bem ou grupo de bens, com crédito apurado com base nos encargos de depreciação ou amortização.","C","","",""
"F129","pva","1","REG","Texto fixo contendo F129","C","004","",""
"F129","pva","2","NUM_PROC","Identificação do processo ou ato concessório","C","020","","O"
"F129","pva","3","IND_PROC","Indicador da origem do processo.","C","001*","","O"
"F130","pva","1","REG","Texto fixo contendo F130","C","004","","OC"
"F130","pva","2","NAT_BC_CRED","Texto fixo contendo 10 Código da Base de Cálculo do Crédito sobre Bens Incorporados ao Ativo Imobilizado, conforme a Tabela indicada no item 4.3.7.","C","002","","O"
"F130","pva","3","IDENT_BEM_IMOB","Identificação dos Bens Incorporados ao Ativo Imobilizado: 01 = Edificações e Benfeitorias; 03 = Instalações; 04 = Máquinas; 05 = Equipamentos; 06 = Veículos; 99 = Outras Situações","N","002*","","O"
"F130","pva","4","IND_ORIG_CRED","Indicador da origem do bem incorporado ao ativo imobilizado, gerador de crédito: 0 - Aquisição no Mercado Interno 1 - Aquisição no Mercado Externo (Importação)","C","001*","",""
"F130","pva","5","IND_UTIL_BEM_IMOB","Indicador da Utilização dos Bens Incorporados ao Ativo Imobilizado: 1 - Produção de Bens Destinados a Venda; 2 - Prestação de Serviços; 3 - Locação a Terceiros; 9 - Outros.","N","001*","","O"
"F130","pva","6","MES_OPER_AQUIS","Mês/Ano de Aquisição dos Bens Incorporados ao Ativo Imobilizado, com apuração de crédito com base no valor de aquisição.","N","006*","",""
"F130","pva","7","VL_OPER_AQUIS","Valor de Aquisição dos Bens Incorporados ao Ativo Imobilizado - Crédito com base no valor de aquisição.","N","","2","O"
"F130","pva","8","PARC_OPER_NAO_BC_CRED","Parcela do Valor de Aquisição a excluir da base de cálculo de Crédito","N","","2",""
"F130","pva","9","VL_BC_CRED","Valor da Base de Cálculo do Crédito sobre Bens Incorporados ao Ativo Imobilizado (07 - 08)","N","","2","O"
"F130","pva","10","IND_NR_PARC","Indicador do Número de Parcelas a serem apropriadas (Crédito sobre Valor de Aquisição): 1 - Integral (Mês de Aquisição); 2 - 12 Meses; 3 - 24 Meses; 4 - 48 Meses; 5 - Outra periodicidade definida em Lei.","N","001*","","O"
"F130","pva","11","CST_PIS","Código da Situação Tributária referente ao PIS/Pasep, conforme a Tabela indicada no item 4.3.3","N","002*","","O"
"F130","pva","12","VL_BC_PIS","Base de cálculo Mensal do Crédito de PIS/Pasep, conforme indicador informado no campo 10.","N","","2",""
"F130","pva","13","ALIQ_PIS","Alíquota do PIS/Pasep","N","008","4",""
"F130","pva","14","VL_PIS","Valor do Crédito de PIS/Pasep","N","","2",""
"F130","pva","15","CST_COFINS","Código da Situação Tributária referente a COFINS, conforme a Tabela indicada no item 4.3.4","N","002*","","O"
"F130","pva","16","VL_BC_COFINS","Base de Cálculo Mensal do Crédito da COFINS, conforme indicador informado no campo 10.","N","","2",""
"F130","pva","17","ALIQ_COFINS","Alíquota da COFINS","N","008","4",""
"F130","pva","18","VL_COFINS","Valor do crédito da COFINS","N","","2",""
"F130","pva","19","COD_CTA","Código da conta analítica contábil debitada/creditada","C","255","",""
"F130","pva","20","COD_CCUS","Código do Centro de Custos","C","255","",""
"F130","pva","21","DESC_BEM_IMOB","Descrição complementar do bem ou grupo de bens, com crédito apurado com base no valor de aquisição.","C","","",""
"F139","pva","1","REG","Texto fixo contendo F139","C","004","",""
"F139","pva","2","NUM_PROC","Identificação do processo ou ato concessório","C","020","","O"
"F139","pva","3","IND_PROC","Indicador da origem do processo.","C","001*","","O"
"F150","pva","1","REG","Texto fixo contendo F150","C","004","","OC"
"F150","pva","2","NAT_BC_CRED","Texto fixo contendo 18 Código da Base de Cálculo do Crédito sobre Estoque de Abertura, conforme a Tabela indicada no item 4.3.7.","C","002*","","O"
"F150","pva","3","VL_TOT_EST","Valor Total do Estoque de Abertura","N","","2","O"
"F150","pva","4","EST_IMP","Parcela do estoque de abertura referente a bens, produtos e mercadorias importados, ou adquiridas no mercado interno sem direito ao crédito","N","","2",""
"F150","pva","5","VL_BC_EST","Valor da Base de Cálculo do Crédito sobre o Estoque de Abertura (03 - 04)","N","","2","O"
"F150","pva","6","VL_BC_MEN_EST","Valor da Base de Cálculo Mensal do Crédito sobre o Estoque de Abertura (1/12 avos do campo 05)","N","","2","O"
"F150","pva","7","CST_PIS","Código da Situação Tributária referente ao PIS/Pasep, conforme a Tabela indicada no item 4.3.3","N","002*","","O"
"F150","pva","8","ALIQ_PIS","Alíquota do PIS/Pasep (em percentual)","N","008","4","O"
"F150","pva","9","VL_CRED_PIS","Valor Mensal do Crédito Presumido Apurado -  PIS/Pasep  (06 x 08)","N","","2","O"
"F150","pva","10","CST_COFINS","Código da Situação Tributária referente ao COFINS, conforme a Tabela indicada no item 4.3.4","N","002*","","O"
"F150","pva","11","ALIQ_COFINS","Alíquota do COFINS (em percentual)","N","008","4","O"
"F150","pva","12","VL_CRED_COFINS","Valor Mensal do Crédito Presumido Apurado -  COFINS (06 x 11)","N","","2","O"
"F150","pva","13","DESC_EST","Descrição do estoque","C","100","",""
"F150","pva","14","COD_CTA","Código da conta analítica contábil debitada/creditada","C","255","",""
"F200","pva","1","REG","Texto fixo contendo F200","C","004","","OC"
"F200","pva","2","IND_OPER","Indicador do Tipo da Operação","N","002*","","O"
"F200","pva","3","UNID_IMOB","Indicador do tipo de unidade imobiliária Vendida.","N","002*","","O"
"F200","pva","4","IDENT_EMP","Identificação/Nome do Empreendimento","C","","","O"
"F200","pva","5","DESC_UNID_IMOB","Descrição Resumida da Unidade Imobiliária Vendida","C","090","",""
"F200","pva","6","NUM_CONT","Número do Contrato de Venda da Unidade Imobiliária","C","090","",""
"F200","pva","7","CPF_CNPJ_ADQU","Identificação da pessoa  física (CPF) ou da pessoa jurídica (CNPJ) adquirente da unidade imobiliária","C","014","","O"
"F200","pva","8","DT_OPER","Data da operação de venda da Unidade Imobiliária","D","008*","","O"
"F200","pva","9","VL_TOT_VEND","Valor total da unidade imobiliária vendida","N","","2",""
"F200","pva","10","VL_REC_ACUM","Valor recebido, acumulado até o mês anterior ao da escrituração.","N","","2",""
"F200","pva","11","VL_TOT_REC","Valor total recebido no mês da escrituração","N","","2","O"
"F200","pva","12","CST_PIS","Código da Situação Tributária referente ao PIS/Pasep, conforme a Tabela indicada no item 4.3.3 (IN RFB nº 1.009, de 2010)","N","002*","","O"
"F200","pva","13","VL_BC_PIS","Base de Cálculo do PIS/Pasep","N","","2",""
"F200","pva","14","ALIQ_PIS","Alíquota do PIS/Pasep (em percentual)","N","008","4",""
"F200","pva","15","VL_PIS","Valor do PIS/Pasep","N","","2",""
"F200","pva","16","CST_COFINS","Código da Situação Tributária referente a COFINS, conforme a Tabela indicada no item 4.3.4 (IN RFB nº 1.009, de 2010)","N","002*","","O"
"F200","pva","17","VL_BC_COFINS","Base de Cálculo da COFINS","N","","2",""
"F200","pva","18","ALIQ_COFINS","Alíquota da COFINS (em percentual)","N","008","4",""
"F200","pva","19","VL_COFINS","Valor da COFINS","N","","2",""
"F200","pva","20","PERC_REC_RECEB","Percentual da receita total recebida até o mês, da unidade imobiliária vendida ((Campo 10 + Campo 11) / Campo 09)","N","006","2",""
"F200","pva","21","IND_NAT_EMP","Indicador da Natureza Específica do Empreendimento","N","001*","",""
"F200","pva","22","INF_COMP","Informações Complementares","C","090","",""
"F205","pva","1","REG","Texto fixo contendo “F205”","C","004","","OC"
"F205","pva","2","VL_CUS_INC_ACUM_ANT","Valor Total do Custo Incorrido da unidade imobiliária acumulado até o mês anterior ao da escrituração","N","","2","O"
"F205","pva","3","VL_CUS_INC_PER_ESC","Valor Total do Custo Incorrido da unidade imobiliária no mês da escrituração","N","","2","O"
"F205","pva","4","VL_CUS_INC_ACUM","Valor Total do Custo Incorrido da unidade imobiliária acumulado até o mês da escrituração (Campo 02 + 03)","N","","2","O"
"F205","pva","5","VL_EXC_BC_CUS_INC_ACUM","Parcela do Custo Incorrido sem direito ao crédito da atividade imobiliária, acumulado até o período","N","","2","O"
"F205","pva","6","VL_BC_CUS_INC","Valor da Base de Cálculo do Crédito sobre o Custo Incorrido, acumulado até o período da escrituração (Campo 04 - 05)","N","","2","O"
"F205","pva","7","CST_PIS","Código da Situação Tributária referente ao PIS/Pasep, conforme a Tabela indicada no item 4.3.3","N","002*","","O"
"F205","pva","8","ALIQ_PIS","Alíquota do PIS/Pasep (em percentual)","N","008","4","O"
"F205","pva","9","VL_CRED_PIS_ACUM","Valor Total do Crédito Acumulado sobre o custo incorrido - PIS/Pasep (Campo 06 x 08)","N","","2","O"
"F205","pva","10","VL_CRED_PIS_DESC_ANT","Parcela do crédito descontada até o período anterior da escrituração – PIS/Pasep (proporcional à receita recebida até o mês anterior)","N","","2","O"
"F205","pva","11","VL_CRED_PIS_DESC","Parcela a descontar no período da escrituração  – PIS/Pasep (proporcional à receita recebida no mês)","N","","2","O"
"F205","pva","12","VL_CRED_PIS_DESC_FUT","Parcela a descontar em períodos futuros - PIS/Pasep (Campo 09 - 10 - 11)","N","","2","O"
"F205","pva","13","CST_COFINS","Código da Situação Tributária referente ao COFINS, conforme a Tabela indicada no item 4.3.4","N","002*","","O"
"F205","pva","14","ALIQ_COFINS","Alíquota da COFINS (em percentual)","N","008","4","O"
"F205","pva","15","VL_CRED_COFINS_ACUM","Valor Total do Crédito Acumulado sobre o custo incorrido - COFINS (Campo 06 x 14)","N","","2","O"
"F205","pva","16","VL_CRED_COFINS_DESC_ANT","Parcela do crédito descontada até o período anterior da escrituração - COFINS (proporcional à receita recebida até o mês anterior)","N","","2","O"
"F205","pva","17","VL_CRED_COFINS_DESC","Parcela a descontar no período da escrituração - COFINS (proporcional à receita recebida no mês)","N","","2","O"
"F205","pva","18","VL_CRED_COFINS_DESC_FUT","Parcela a descontar em períodos futuros - COFINS (Campo 15 - 16 - 17)","N","","2","O"
"F210","pva","1","REG","Texto fixo contendo F210","C","004","","OC"
"F210","pva","2","VL_CUS_ORC","Valor Total do Custo Orçado para Conclusão da Unidade Vendida","N","","2","O"
"F210","pva","3","VL_EXC","Valores Referentes a Pagamentos a Pessoas Físicas, Encargos Trabalhistas, Sociais e Previdenciários e à aquisição de bens e serviços não sujeitos ao pagamento das contribuições","N","","2","O"
"F210","pva","4","VL_CUS_ORC_AJU","Valor da Base de Calculo do Crédito sobre o Custo Orçado Ajustado (Campo 02 - 03).","N","","2","O"
"F210","pva","5","VL_BC_CRED","Valor da Base de Cálculo do Crédito sobre o Custo Orçado no Período","N","","2","O"
"F210","pva","6","CST_PIS","Código da Situação Tributária referente ao PIS/Pasep, conforme a Tabela indicada no item 4.3.3.","N","002*","","O"
"F210","pva","7","ALIQ_PIS","Alíquota do PIS/Pasep (em percentual)","N","008","4",""
"F210","pva","8","VL_CRED_PIS_UTIL","Valor do Crédito sobre o custo orçado a ser utilizado no período da escrituração - PIS/Pasep","N","","2",""
"F210","pva","9","CST_COFINS","Código da Situação Tributária referente a COFINS, conforme a Tabela indicada no item 4.3.4.","N","002*","","O"
"F210","pva","10","ALIQ_COFINS","Alíquota da COFINS (em percentual)","N","008","4",""
"F210","pva","11","VL_CRED_COFINS_UTIL","Valor do Crédito sobre o custo orçado a ser utilizado no período da escrituração - COFINS","N","","2",""
"F211","pva","1","REG","Texto fixo contendo F211","C","004","",""
"F211","pva","2","NUM_PROC","Identificação do processo ou ato concessório","C","020","","O"
"F211","pva","3","IND_PROC","Indicador da origem do processo.","C","001*","","O"
"F500","pva","1","REG","Texto fixo contendo “F500”","C","004","","OC"
"F500","pva","2","VL_REC_CAIXA","Valor total da receita recebida, referente à combinação de CST e Alíquota","N","","2","O"
"F500","pva","3","CST_PIS","Código da Situação Tributária referente ao PIS/Pasep","N","002*","","O"
"F500","pva","4","VL_DESC_PIS","Valor do desconto / exclusão da base de cálculo","N","","2",""
"F500","pva","5","VL_BC_PIS","Valor da base de cálculo do PIS/Pasep","N","","2",""
"F500","pva","6","ALIQ_PIS","Alíquota do PIS/Pasep (em percentual)","N","008","4",""
"F500","pva","7","VL_PIS","Valor do PIS/Pasep","N","","2",""
"F500","pva","8","CST_COFINS","Código da Situação Tributária referente a COFINS","N","002*","","O"
"F500","pva","9","VL_DESC_COFINS","Valor do desconto / exclusão da base de cálculo","N","","2",""
"F500","pva","10","VL_BC_COFINS","Valor da base de cálculo da COFINS","N","","2",""
"F500","pva","11","ALIQ_COFINS","Alíquota da COFINS (em percentual)","N","008","4",""
"F500","pva","12","VL_COFINS","Valor da COFINS","N","","2",""
"F500","pva","13","COD_MOD","Código do modelo do documento fiscal, conforme a Tabela 4.1.1","C","002*","",""
"F500","pva","14","CFOP","Código Fiscal de Operação e Prestação","N","004*","",""
"F500","pva","15","COD_CTA","Código da conta analítica contábil debitada/creditada","C","255","",""
"F500","pva","16","INFO_COMPL","Informação complementar","C","","",""
"F509","pva","1","REG","Texto fixo contendo “F509”","C","004","",""
"F509","pva","2","NUM_PROC","Identificação do processo ou ato concessório","C","020","","O"
"F509","pva","3","IND_PROC","Indicador da origem do processo","C","001*","","O"
"F510","pva","1","REG","Texto fixo contendo “F510”","C","004","","OC"
"F510","pva","2","VL_REC_CAIXA","Valor total da receita recebida, referente à combinação de CST e Alíquota","N","","2","O"
"F510","pva","3","CST_PIS","Código da Situação Tributária referente ao PIS/Pasep","N","002*","","O"
"F510","pva","4","VL_DESC_PIS","Valor do desconto / exclusão da base de cálculo","N","","2",""
"F510","pva","5","QUANT_BC_PIS","Base de cálculo em quantidade PIS/Pasep","N","","3",""
"F510","pva","6","ALIQ_PIS_QUANT","Alíquota do PIS (em reais)","N","","4",""
"F510","pva","7","VL_PIS","Valor do PIS/Pasep","N","","2",""
"F510","pva","8","CST_COFINS","Código da Situação Tributária referente a COFINS","N","002*","","O"
"F510","pva","9","VL_DESC_COFINS","Valor do desconto / exclusão da base de cálculo","N","","2",""
"F510","pva","10","QUANT_BC_COFINS","Base de cálculo em quantidade COFINS","N","","3",""
"F510","pva","11","ALIQ_COFINS_QUANT","Alíquota da COFINS (em reais)","N","","4",""
"F510","pva","12","VL_COFINS","Valor da COFINS","N","","2",""
"F510","pva","13","COD_MOD","Código do modelo do documento fiscal, conforme a Tabela 4.1.1","C","002*","",""
"F510","pva","14","CFOP","Código Fiscal de Operação e Prestação","N","004*","",""
"F510","pva","15","COD_CTA","Código da conta analítica contábil debitada/creditada","C","255","",""
"F510","pva","16","INFO_COMPL","Informação complementar","C","","",""
"F519","pva","1","REG","Texto fixo contendo “F519”","C","004","",""
"F519","pva","2","NUM_PROC","Identificação do processo ou ato concessório","C","020","","O"
"F519","pva","3","IND_PROC","Indicador da origem do processo","C","001*","","O"
"F525","pva","1","REG","Texto fixo contendo “F525”","C","004","",""
"F525","pva","2","VL_REC","Valor total da receita recebida, correspondente ao indicador informado no campo 03 (IND_REC)","N","","2","O"
"F525","pva","3","IND_REC","Indicador da composição da receita recebida no período (Campo 02)","C","002","","O"
"F525","pva","4","CNPJ_CPF","CNPJ/CPF do participante (cliente/pessoa física ou jurídica pagadora) ou da administradora de cartões (vendas por cartão de débito ou de crédito), no caso de detalhamento da receita recebida conforme os indicadores “01” ou “02”, respectivamente","C","014","",""
"F525","pva","5","NUM_DOC","Número do título de crédito ou do documento fiscal, no caso de detalhamento da receita recebida conforme os indicadores “03” ou “04”, respectivamente","C","060","",""
"F525","pva","6","COD_ITEM","Código do item (campo 02 do Registro 0200), no caso de detalhamento da receita recebida por item vendido, conforme o indicador “05”","C","060","",""
"F525","pva","7","VL_REC_DET","Valor da receita detalhada, correspondente ao conteúdo informado no campo 04, 05 ou 06","N","","2","O"
"F525","pva","8","CST_PIS","Código da Situação Tributária referente ao PIS/Pasep","N","002*","",""
"F525","pva","9","CST_COFINS","Código da Situação Tributária referente a COFINS","N","002*","",""
"F525","pva","10","INFO_COMPL","Informação complementar","C","","",""
"F525","pva","11","COD_CTA","Código da conta analítica contábil representativa da receita recebida","C","255","",""
"F550","pva","1","REG","Texto fixo contendo “F550”","C","004","","OC"
"F550","pva","2","VL_REC_COMP","Valor total da receita auferida, referente à combinação de CST e Alíquota","N","","2","O"
"F550","pva","3","CST_PIS","Código da Situação Tributária referente ao PIS/Pasep","N","002*","","O"
"F550","pva","4","VL_DESC_PIS","Valor do desconto / exclusão da base de cálculo","N","","2",""
"F550","pva","5","VL_BC_PIS","Valor da base de cálculo do PIS/Pasep","N","","2",""
"F550","pva","6","ALIQ_PIS","Alíquota do PIS/Pasep (em percentual)","N","008","4",""
"F550","pva","7","VL_PIS","Valor do PIS/Pasep","N","","2",""
"F550","pva","8","CST_COFINS","Código da Situação Tributária referente a COFINS","N","002*","","O"
"F550","pva","9","VL_DESC_COFINS","Valor do desconto / exclusão da base de cálculo","N","","2",""
"F550","pva","10","VL_BC_COFINS","Valor da base de cálculo da COFINS","N","","2",""
"F550","pva","11","ALIQ_COFINS","Alíquota da COFINS (em percentual)","N","008","4",""
"F550","pva","12","VL_COFINS","Valor da COFINS","N","","2",""
"F550","pva","13","COD_MOD","Código do modelo do documento fiscal, conforme a Tabela 4.1.1","C","002*","",""
"F550","pva","14","CFOP","Código Fiscal de Operação e Prestação","N","004*","",""
"F550","pva","15","COD_CTA","Código da conta analítica contábil debitada/creditada","C","255","",""
"F550","pva","16","INFO_COMPL","Informação complementar","C","","",""
"F559","pva","1","REG","Texto fixo contendo “F559”","C","004","",""
"F559","pva","2","NUM_PROC","Identificação do processo ou ato concessório","C","020","","O"
"F559","pva","3","IND_PROC","Indicador da origem do processo","C","001*","","O"
"F560","pva","1","REG","Texto fixo contendo “F560”","C","004","","OC"
"F560","pva","2","VL_REC_COMP","Valor total da receita auferida, referente à combinação de CST e Alíquota","N","","2","O"
"F560","pva","3","CST_PIS","Código da Situação Tributária referente ao PIS/Pasep","N","002*","","O"
"F560","pva","4","VL_DESC_PIS","Valor do desconto / exclusão da base de cálculo","N","","2",""
"F560","pva","5","QUANT_BC_PIS","Base de cálculo em quantidade - PIS/Pasep","N","","3",""
"F560","pva","6","ALIQ_PIS_QUANT","Alíquota do PIS/Pasep (em reais)","N","008","4",""
"F560","pva","7","VL_PIS","Valor do PIS/Pasep","N","","2",""
"F560","pva","8","CST_COFINS","Código da Situação Tributária referente a COFINS","N","002*","","O"
"F560","pva","9","VL_DESC_COFINS","Valor do desconto / exclusão da base de cálculo","N","","2",""
"F560","pva","10","QUANT_BC_COFINS","Base de cálculo em quantidade - COFINS","N","","3",""
"F560","pva","11","ALIQ_COFINS_QUANT","Alíquota da COFINS (em reais)","N","008","4",""
"F560","pva","12","VL_COFINS","Valor da COFINS","N","","2",""
"F560","pva","13","COD_MOD","Código do modelo do documento fiscal, conforme a Tabela 4.1.1","C","002*","",""
"F560","pva","14","CFOP","Código Fiscal de Operação e Prestação","N","004*","",""
"F560","pva","15","COD_CTA","Código da conta analítica contábil debitada/creditada","C","255","",""
"F560","pva","16","INFO_COMPL","Informação complementar","C","","",""
"F569","pva","1","REG","Texto fixo contendo “F569”","C","004","",""
"F569","pva","2","NUM_PROC","Identificação do processo ou ato concessório","C","020","","O"
"F569","pva","3","IND_PROC","Indicador da origem do processo","C","001*","","O"
"F600","pva","1","REG","Texto fixo contendo F600","C","004","",""
"F600","pva","2","IND_NAT_RET","Indicador de Natureza da Retenção na Fonte: 01 - Retenção por Órgãos, Autarquias e Fundações Federais; 02 - Retenção por outras Entidades da Adm. Pública Federal; 03 - Retenção por Pessoas Jurídicas de Direito Privado; 04 - Retenção por Sociedade Cooperativa; 05 - Retenção por Fabricante de Máquinas e Veículos; 99 - Outras Retenções","N","002*","","O"
"F600","pva","3","DT_RET","Data da Retenção","D","008*","","O"
"F600","pva","4","VL_BC_RET","Valor da base de cálculo da retenção ou do recolhimento (sociedade cooperativa)","N","","4","O"
"F600","pva","5","VL_RET","Valor Total Retido na Fonte / Recolhido (sociedade cooperativa)","N","","2","O"
"F600","pva","6","COD_REC","Código da Receita","C","004","",""
"F600","pva","7","IND_NAT_REC","Indicador da Natureza da Receita: 0 - Receita de Natureza Não Cumulativa; 1 - Receita de Natureza Cumulativa","N","001*","",""
"F600","pva","8","CNPJ","CNPJ da Fonte Pagadora ou Beneficiária da Retenção / Recolhimento","N","014*","","O"
"F600","pva","9","VL_RET_PIS","Valor Retido na Fonte - Parcela Referente ao PIS/Pasep","N","","2","O"
"F600","pva","10","VL_RET_COFINS","Valor Retido na Fonte - Parcela Referente a COFINS","N","","2","O"
"F600","pva","11","IND_DEC","Indicador da Condição da Pessoa Jurídica Declarante","N","001*","","O"
"F700","pva","1","REG","Texto fixo contendo F700","C","004","",""
"F700","pva","2","IND_ORI_DED","Indicador de Origem de Deduções Diversas","N","002*","","O"
"F700","pva","3","IND_NAT_DED","Indicador da Natureza da Dedução","N","001*","","O"
"F700","pva","4","VL_DED_PIS","Valor a Deduzir - PIS/Pasep","N","","2","O"
"F700","pva","5","VL_DED_COFINS","Valor a Deduzir - COFINS","N","","2","O"
"F700","pva","6","VL_BC_OPER","Valor da Base de Cálculo da Operação","N","","2",""
"F700","pva","7","CNPJ","CNPJ da Pessoa Jurídica relacionada à Operação","N","014*","",""
"F700","pva","8","INF_COMP","Informações Complementares do Documento/Operação","C","090","",""
"F800","pva","1","REG","Texto fixo contendo F800","C","004*","",""
"F800","pva","2","IND_NAT_EVEN","Indicador da Natureza do Evento de Sucessão","N","002*","","O"
"F800","pva","3","DT_EVEN","Data do Evento","D","008*","","O"
"F800","pva","4","CNPJ_SUCED","CNPJ da Pessoa Jurídica Sucedida","N","014*","","O"
"F800","pva","5","PA_CONT_CRED","Período de Apuração do Crédito - Mês/Ano (MM/AAAA)","N","006*","","O"
"F800","pva","6","COD_CRED","Código do crédito transferido, conforme Tabela 4.3.6","N","003*","","O"
"F800","pva","7","VL_CRED_PIS","Valor do Crédito Transferido de PIS/Pasep","N","","2","O"
"F800","pva","8","VL_CRED_COFINS","Valor do Crédito Transferido de Cofins","N","","2","O"
"F800","pva","9","PER_CRED_CIS","Percentual do crédito original transferido, no caso de evento de Cisão.","N","006","2",""
"F990","pva","1","REG","Texto fixo contendo F990","C","004*","","O"
"F990","pva","2","QTD_LIN_F","Quantidade total de linhas do Bloco F","N","","","O"
"I001","pva","1","REG","Texto fixo contendo I001","C","004*","",""
"I001","pva","2","IND_MOV","Indicador de movimento:0- Bloco com dados informados;1- Bloco sem dados informados","C","001","","O"
"I010","pva","1","REG","Texto fixo contendo I010","C","004","","OC"
"I010","pva","2","CNPJ","Número de inscrição do estabelecimento no CNPJ","N","014*","","O"
"I010","pva","3","IND_ATIV","Indicador de operações realizadas no período","N","002*","","O"
"I010","pva","4","INFO_COMPL","Informação complementar","C","","",""
"I100","pva","1","REG","Texto fixo contendo I100","C","004*","",""
"I100","pva","2","VL_REC_FIN","Valor Total do Faturamento/Receita Bruta no Período","N","","2","O"
"I100","pva","3","CST","Código de Situação Tributária referente à Receita informada no Campo 02","N","002*","","O"
"I100","pva","4","VL_TOT_DED_GER","Valor Total das Deduções e Exclusões de Caráter Geral","N","","2",""
"I100","pva","5","VL_TOT_DED_ESP","Valor Total das Deduções e Exclusões de Caráter Específico","N","","2",""
"I100","pva","6","VL_BC_PIS","Valor da base de cálculo do PIS/Pasep","N","","2",""
"I100","pva","7","ALIQ_PIS","Alíquota do PIS/Pasep (em percentual)","N","008","2",""
"I100","pva","8","VL_PIS","Valor do PIS/Pasep ","N","","2",""
"I100","pva","9","VL_BC_COFINS","Valor da base de cálculo da COFINS","N","","2",""
"I100","pva","10","ALIQ_COFINS","Alíquota da COFINS (em percentual)","N","008","2",""
"I100","pva","11","VL_COFINS","Valor da COFINS","N","","2",""
"I100","pva","12","INF_COMP","Informações Complementares","C","090","",""
"I199","pva","1","REG","Texto fixo contendo I199","C","004*","",""
"I199","pva","2","NUM_PROC","Identificação do processo ou ato concessório","C","020","","O"
"I199","pva","3","IND_PROC","Indicador da origem do processo","C","001*","","O"
"I200","pva","1","REG","Texto fixo contendo I200","C","004*","",""
"I200","pva","2","NUM_CAMPO","Número do Campo do registro I100 objeto de detalhamento","C","002*","","O"
"I200","pva","3","COD_DET","Código do Tipo de Detalhamento","C","005*","","O"
"I200","pva","4","VL_DET","Valor detalhado referente ao campo 02 deste registro","N","","2","O"
"I200","pva","5","COD_CTA","Código da conta contábil referente ao valor informado no campo 04","C","255","",""
"I200","pva","6","INF_COMP","Informações Complementares","C","090","",""
"I299","pva","1","REG","Texto fixo contendo I299","C","004*","",""
"I299","pva","2","NUM_PROC","Identificação do processo ou ato concessório","C","020","","O"
"I299","pva","3","IND_PROC","Indicador da origem do processo","C","001*","","O"
"I300","pva","1","REG","Texto fixo contendo I300","C","004*","",""
"I300","pva","2","COD_COMP","Código do Complemento","C","008*","","O"
"I300","pva","3","VL_COMP","Valor detalhado referente ao campo 02 deste registro","N","","2","O"
"I300","pva","4","COD_CTA","Conta Contábil","C","255","",""
"I300","pva","5","INF_COMP","Informações Complementares","C","090","",""
"I399","pva","1","REG","Texto fixo contendo I399","C","004*","",""
"I399","pva","2","NUM_PROC","Identificação do processo ou ato concessório","C","020","","O"
"I399","pva","3","IND_PROC","Indicador da origem do processo","C","001*","","O"
"I990","pva","1","REG","Texto fixo contendo I990","C","004*","",""
"I990","pva","2","QTD_LIN_I","Quantidade total de linhas do Bloco I","N","","","O"
"M001","pva","1","REG","Texto fixo contendo M001","C","004","","O"
"M001","pva","2","IND_MOV","Indicador de movimento:0- Bloco com dados informados;1- Bloco sem dados informados","C","001","","O"
"M100","pva","1","REG","Texto fixo contendo M100","C","004","","OC"
"M100","pva","2","COD_CRED","Código de Tipo de Crédito apurado no período, conforme a Tabela 4.3.6","C","003*","","O"
"M100","pva","3","IND_CRED_ORI","Indicador de Crédito Oriundo de","N","001*","","O"
"M100","pva","4","VL_BC_CRED","Valor da Base de Cálculo do Crédito","N","","2",""
"M100","pva","5","ALIQ_PIS","Alíquota do PIS/Pasep (em percentual)","N","008","4",""
"M100","pva","6","QUANT_BC_PIS","Base de cálculo em quantidade PIS/Pasep","N","","3",""
"M100","pva","7","ALIQ_PIS_QUANT","Alíquota do PIS (em reais)","N","","4",""
"M100","pva","8","VL_CRED","Valor total do crédito apurado no período","N","","2","O"
"M100","pva","9","VL_AJUS_ACRES","Valor total dos ajustes de acréscimo","N","","2","O"
"M100","pva","10","VL_AJUS_REDUC","Valor total dos ajustes de redução","N","","2","O"
"M100","pva","11","VL_CRED_DIF","Valor total do crédito diferido no período","N","","2","O"
"M100","pva","12","VL_CRED_DISP","Valor Total do Crédito Disponível relativo ao Período (07 + 08 - 09 - 10)","N","","2","O"
"M100","pva","13","IND_DESC_CRED","Indicador de utilização do crédito disponível no período.","N","001*","","O"
"M100","pva","14","VL_CRED_DESC","Valor do Crédito disponível, descontado da contribuição apurada no próprio período","N","","2",""
"M100","pva","15","SLD_CRED","Saldo de créditos a utilizar em períodos futuros (12 - 14)","N","","2","O"
"M105","pva","1","REG","Texto fixo contendo M105","C","004","","OC"
"M105","pva","2","NAT_BC_CRED","Código da Natureza da Base de Cálculo do Crédito apurado no período, conforme a Tabela 4.3.7","C","002*","","O"
"M105","pva","3","CST_PIS","Código da Situação Tributária referente ao crédito de PIS/Pasep (Tabela 4.3.3) - Códigos 50 a 56 (créditos Básicos) e de 60 a 66 (Créditos Presumidos).","N","002*","","O"
"M105","pva","4","VL_BC_PIS_TOT","Valor Total da Base de Cálculo escriturada nos documentos e operações (Blocos “A”, “C”, “D” e “F”), referente ao CST_PIS informado no Campo 03","N","","2",""
"M105","pva","5","VL_BC_PIS_CUM","Parcela do Valor Total da Base de Cálculo informada no Campo 04, vinculada a receitas com incidência cumulativa. Campo de preenchimento específico para a pessoa jurídica sujeita ao regime cumulativo e não-cumulativo da contribuição (COD_INC_TRIB = 3 do Registro 0110)","N","","2",""
"M105","pva","6","VL_BC_PIS_NC","Valor Total da Base de Cálculo do Crédito, vinculada a receitas com incidência não-cumulativa (Campo 04 - Campo 05).","N","","2",""
"M105","pva","7","VL_BC_PIS","Valor da Base de Cálculo do Crédito, vinculada ao tipo de Crédito escriturado em M100. Para os CST_PIS = “50”, “51”, “52”, “60”, “61” e “62”: Informar o valor do Campo 06 (VL_BC_PIS_NC); para os CST_PIS = “53”, “54”, “55”, “56”, “63”, “64” “65” e “66” (Crédito sobre operações vinculadas a mais de um tipo de receita): Informar a parcela do valor do Campo 06 (VL_BC_PIS_NC) vinculada especificamente ao tipo de crédito escriturado em M100","N","","2",""
"M105","pva","8","QUANT_BC_PIS_TOT","Quantidade Total da Base de Cálculo do Crédito apurado em Unidade de Medida de Produto, escriturada nos documentos e operações (Bloco “C”), referente ao CST_PIS informado no Campo 03","N","","3",""
"M105","pva","9","QUANT_BC_PIS","Parcela da base de cálculo do crédito em quantidade (campo 08) vinculada ao tipo de crédito escriturado em M100.","N","","3",""
"M105","pva","10","DESC_CRED","Descrição do crédito","C","060","",""
"M110","pva","1","REG","Texto fixo contendo M110","C","004","",""
"M110","pva","2","IND_AJ","Indicador do tipo de ajuste.","C","001*","","O"
"M110","pva","3","VL_AJ","Valor do ajuste","N","","2","O"
"M110","pva","4","COD_AJ","Código do ajuste, conforme a Tabela indicada no item 4.3.8.","C","002*","","O"
"M110","pva","5","NUM_DOC","Número do documento / processo / declaração ao qual o ajuste está vinculado, se houver.","C","","",""
"M110","pva","6","DESCR_AJ","Descrição resumida do ajuste.","C","","",""
"M110","pva","7","DT_REF","Data de referência do ajuste (ddmmaaaa)","D","008*","",""
"M115","pva","1","REG","Texto fixo contendo M115","C","004","",""
"M115","pva","2","DET_VALOR_AJ","Detalhamento do valor do crédito reduzido ou acrescido, informado no Campo 03 (VL_AJ) do registro M110","N","","2","O"
"M115","pva","3","CST_PIS","Código de Situação Tributária referente à operação detalhada neste registro","N","002*","",""
"M115","pva","4","DET_BC_CRED","Detalhamento da base de cálculo geradora de ajuste de crédito","N","","3",""
"M115","pva","5","DET_ALIQ","Detalhamento da alíquota a que se refere o ajuste de crédito","N","008","4",""
"M115","pva","6","DT_OPER_AJ","Data da operação a que se refere o ajuste informado neste registro","D","008*","","O"
"M115","pva","7","DESC_AJ","Descrição da(s) operação(ões) a que se refere o valor informado no Campo 02 (DET_VALOR_AJ)","C","255","",""
"M115","pva","8","COD_CTA","Código da conta contábil debitada/creditada","C","255","",""
"M115","pva","9","INFO_COMPL","Informação complementar","C","255","",""
"M200","pva","1","REG","Texto fixo contendo M200","C","004","","O"
"M200","pva","2","VL_TOT_CONT_NC_PER","Valor Total da Contribuição Não Cumulativa do Período (recuperado do campo 13 do Registro M210, quando o campo COD_CONT for igual a 01, 02, 03, 04, 32 e 71)","N","","2","O"
"M200","pva","3","VL_TOT_CRED_DESC","Valor do Crédito Descontado, Apurado no Próprio Período da Escrituração (recuperado do campo 14 do Registro M100)","N","","2","O"
"M200","pva","4","VL_TOT_CRED_DESC_ANT","Valor do Crédito Descontado, Apurado em Período de Apuração Anterior (recuperado do campo 13 do Registro 1100)","N","","2","O"
"M200","pva","5","VL_TOT_CONT_NC_DEV","Valor Total da Contribuição Não Cumulativa Devida (02 - 03 - 04)","N","","2","O"
"M200","pva","6","VL_RET_NC","Valor Retido na Fonte Deduzido no Período (Não Cumulativo)","N","","2","O"
"M200","pva","7","VL_OUT_DED_NC","Outras Deduções do Regime Não Cumulativo no Período","N","","2","O"
"M200","pva","8","VL_CONT_NC_REC","Valor da Contribuição Não Cumulativa a Recolher/Pagar (05 - 06 - 07)","N","","2","O"
"M200","pva","9","VL_TOT_CONT_CUM_PER","Valor Total da Contribuição Cumulativa do Período (recuperado do campo 13 do Registro M210, quando o campo COD_CONT for igual a 31, 32, 51, 52, 53, 54 e 72)","N","","2","O"
"M200","pva","10","VL_RET_CUM","Valor Retido na Fonte Deduzido no Período (Cumulativo)","N","","2","O"
"M200","pva","11","VL_OUT_DED_CUM","Outras Deduções do Regime Cumulativo no Período","N","","2","O"
"M200","pva","12","VL_CONT_CUM_REC","Valor da Contribuição Cumulativa a Recolher/Pagar (09 - 10 - 11)","N","","2","O"
"M200","pva","13","VL_TOT_CONT_REC","Valor Total da Contribuição a Recolher/Pagar no Período (08 + 12)","N","","2","O"
"M205","pva","1","REG","Texto fixo contendo M205","C","004","",""
"M205","pva","2","NUM_CAMPO","Informar o número do campo do registro M200","C","002*","","O"
"M205","pva","3","COD_REC","Informar o Código da Receita referente à contribuição a recolher, detalhada neste registro","C","006","","O"
"M205","pva","4","VL_DEBITO","Valor do Débito correspondente à contribuição a recolher, detalhada neste registro","N","","2","O"
"M210","pva","1","REG","Texto fixo contendo M210","C","004","","OC"
"M210","pva","2","COD_CONT","Código da contribuição social apurada no período, conforme a Tabela 4.3.5.","C","002","","O"
"M210","pva","3","VL_REC_BRT","Valor da Receita Bruta","N","","2","O"
"M210","pva","4","VL_BC_CONT","Valor da Base de Cálculo da Contribuição","N","","2","O"
"M210","pva","5","VL_AJUS_ACRES_BC","Valor do total dos ajustes de acréscimo da base de cálculo da contribuição a que se refere o Campo 04","N","","2","O"
"M210","pva","6","VL_AJUS_REDUC_BC","Valor do total dos ajustes de redução da base de cálculo da contribuição a que se refere o Campo 04","N","","2","O"
"M210","pva","7","VL_BC_CONT_AJUS","Valor da Base de Cálculo da Contribuição, após os ajustes (Campo 07 = Campo 04 + Campo 05 - Campo 06)","N","","2","O"
"M210","pva","8","ALIQ_PIS","Alíquota do PIS/Pasep (em percentual)","N","008","4",""
"M210","pva","9","QUANT_BC_PIS","Base de cálculo em quantidade PIS/Pasep","N","","3",""
"M210","pva","10","ALIQ_PIS_QUANT","Alíquota do PIS (em reais)","N","","4",""
"M210","pva","11","VL_CONT_APUR","Valor total da contribuição social apurada","N","","2","O"
"M210","pva","12","VL_AJUS_ACRES","Valor total dos ajustes de acréscimo","N","","2","O"
"M210","pva","13","VL_AJUS_REDUC","Valor total dos ajustes de redução","N","","2","O"
"M210","pva","14","VL_CONT_DIFER","Valor da contribuição a diferir no período","N","","2",""
"M210","pva","15","VL_CONT_DIFER_ANT","Valor da contribuição diferida em períodos anteriores","N","","2",""
"M210","pva","16","VL_CONT_PER","Valor Total da Contribuição do Período (11 + 12 - 13 - 14 + 15)","N","","2","O"
"M211","pva","1","REG","Texto fixo contendo M211","C","004","","OC"
"M211","pva","2","IND_TIP_COOP","Indicador do Tipo de Sociedade Cooperativa.","N","002*","","O"
"M211","pva","3","VL_BC_CONT_ANT_EXC_COOP","Valor da Base de Cálculo da Contribuição, conforme Registros escriturados nos Blocos A, C, D e F, antes das Exclusões das Cooperativas","N","","2","O"
"M211","pva","4","VL_EXC_COOP_GER","Valor de Exclusão Especifica das Cooperativas em Geral, decorrente das Sobras Apuradas na DRE, destinadas a constituição do Fundo de Reserva e do FATES.","N","","2",""
"M211","pva","5","VL_EXC_ESP_COOP","Valor das Exclusões da Base de Cálculo Especifica do Tipo da Sociedade Cooperativa, conforme Campo 02 (IND_TIP_COOP)","N","","2",""
"M211","pva","6","VL_BC_CONT","Valor da Base de Cálculo, após as Exclusões Especificas da Sociedade Cooperativa (03 - 04 - 05) - Transportar para M210","N","","2","O"
"M215","pva","1","REG","Texto fixo contendo M215","C","004","",""
"M215","pva","2","IND_AJ_BC","Indicador do tipo de ajuste da base de cálculo","C","001*","","O"
"M215","pva","3","VL_AJ_BC","Valor do ajuste da base de cálculo","N","","2","O"
"M215","pva","4","COD_AJ_BC","Código do ajuste da base de cálculo, conforme a Tabela indicada no item 4.3.18","C","002*","","O"
"M215","pva","5","NUM_DOC","Número do processo, documento ou ato concessório ao qual o ajuste está vinculado, se houver","C","","",""
"M215","pva","6","DESCR_AJ_BC","Descrição resumida do ajuste na base de cálculo","C","","",""
"M215","pva","7","DT_REF","Data de referência do ajuste (ddmmaaaa)","D","008*","",""
"M215","pva","8","COD_CTA","Código da conta analítica contábil debitada/creditada","C","255","",""
"M215","pva","9","CNPJ","CNPJ do estabelecimento a que se refere o ajuste","N","014*","",""
"M215","pva","10","INFO_COMPL","Informação complementar","C","","",""
"M220","pva","1","REG","Texto fixo contendo M220","C","004","",""
"M220","pva","2","IND_AJ","Indicador do tipo de ajuste","C","001*","","O"
"M220","pva","3","VL_AJ","Valor do ajuste","N","","2","O"
"M220","pva","4","COD_AJ","Código do ajuste, conforme a Tabela indicada no item 4.3.8.","C","002*","","O"
"M220","pva","5","NUM_DOC","Número do documento / processo / declaração ao qual o ajuste está vinculado, se houver","C","","",""
"M220","pva","6","DESCR_AJ","Descrição resumida do ajuste.","C","","",""
"M220","pva","7","DT_REF","Data de referência do ajuste (ddmmaaaa)","D","008*","",""
"M225","pva","1","REG","Texto fixo contendo M225","C","004","",""
"M225","pva","2","DET_VALOR_AJ","Detalhamento do valor da contribuição reduzida ou acrescida,informado no Campo 03 (VL_AJ) do registro M220","N","","2","O"
"M225","pva","3","CST_PIS","Código de Situação Tributária referente à operação detalhada neste registro","N","002*","",""
"M225","pva","4","DET_BC_CRED","Detalhamento da base de cálculo geradora de ajuste de contribuição","N","","3",""
"M225","pva","5","DET_ALIQ","Detalhamento da alíquota a que se refere o ajuste de contribuição","N","008","4",""
"M225","pva","6","DT_OPER_AJ","Data da operação a que se refere o ajuste informado neste registro","D","008*","","O"
"M225","pva","7","DESC_AJ","Descrição da(s) operação(ões) a que se refere o valor informado no Campo 02 (DET_VALOR_AJ)","C","255","",""
"M225","pva","8","COD_CTA","Código da conta contábil debitada/creditada","C","255","",""
"M225","pva","9","INFO_COMPL","Informação complementar","C","255","",""
"M230","pva","1","REG","Texto fixo contendo M230","C","004","",""
"M230","pva","2","CNPJ","CNPJ da pessoa jurídica de direito público, empresa pública, sociedade de economia mista ou suas subsidiárias.","N","014*","","O"
"M230","pva","3","VL_VEND","Valor Total das vendas no período","N","","2","O"
"M230","pva","4","VL_NAO_RECEB","Valor Total não recebido no período","N","","2","O"
"M230","pva","5","VL_CONT_DIF","Valor da Contribuição diferida no período","N","","2","O"
"M230","pva","6","VL_CRED_DIF","Valor do Crédito diferido no período","N","","2",""
"M230","pva","7","COD_CRED","Código de Tipo de Crédito diferido no período, conforme a Tabela 4.3.6","C","003*","",""
"M300","pva","1","REG","Texto fixo contendo M300","C","004","",""
"M300","pva","2","COD_CONT","Código da contribuição  social diferida em períodos anteriores , conforme a Tabela 4.3.5","C","002","","O"
"M300","pva","3","VL_CONT_APUR_DIFER","Valor da Contribuição Apurada, diferida em períodos anteriores","N","","2","O"
"M300","pva","4","NAT_CRED_DESC","Natureza do Crédito Diferido, vinculado a receita tributada no mercado interno, a descontar:01 - Crédito a Alíquota Básica;02 - Crédito a Alíquota Diferenciada;03 - Crédito a Alíquota por Unidade de Produto;04 Crédito Presumido da Agroindústria.","C","002","",""
"M300","pva","5","VL_CRED_DESC_DIFER","Valor do Crédito a Descontar vinculado à contribuição diferida","N","","2",""
"M300","pva","6","VL_CONT_DIFER_ANT","Valor da Contribuição a Recolher, diferida em períodos anteriores (Campo 03 – Campo 05)","N","","2","O"
"M300","pva","7","PER_APUR","Período de apuração da contribuição social e dos créditos diferidos (MMAAAA)","N","006*","","O"
"M300","pva","8","DT_RECEB","Data de recebimento da receita, objeto de diferimento","D","008*","",""
"M350","pva","1","REG","Texto fixo contendo M350","C","004","",""
"M350","pva","2","VL_TOT_FOL","Valor Total da Folha de Salários","N","","2","O"
"M350","pva","3","VL_EXC_BC","Valor Total das Exclusões à Base de Cálculo","N","","2","O"
"M350","pva","4","VL_TOT_BC","Valor Total da Base de Cálculo","N","","2","O"
"M350","pva","5","ALIQ_PIS_FOL","Alíquota do PIS/Pasep - Folha de Salários","N","006","2","O"
"M350","pva","6","VL_TOT_CONT_FOL","Valor Total da Contribuição Social sobre a Folha de Salários","N","","2","O"
"M400","pva","1","REG","Texto fixo contendo M400","C","004","",""
"M400","pva","2","CST_PIS","Código de Situação Tributária - CST das demais receitas auferidas no período, sem incidência da contribuição, ou sem contribuição apurada a pagar, conforme a Tabela 4.3.3.","C","002","","O"
"M400","pva","3","VL_TOT_REC","Valor total da receita bruta no período.","N","","2","O"
"M400","pva","4","COD_CTA","Código da conta analítica contábil debitada/creditada","C","255","",""
"M400","pva","5","DESC_COMPL","Descrição Complementar da Natureza da Receita","C","","",""
"M410","pva","1","REG","Texto fixo contendo M410","C","004","","O"
"M410","pva","2","NAT_REC","<html>Natureza da Receita, conforme código constante nas Tabelas de Detalhamento da Natureza da Receita por Situação Tributária abaixo:<br/>- Tabela 4.3.10: Produtos Sujeitos à Incidência Monofásica da Contribuição Social - Alíquotas Diferenciadas (CST 04);<br/>- Tabela 4.3.12: Produtos Sujeitos à Substituição Tributária da Contribuição Social (CST 05);<br/>- Tabela 4.3.13: Produtos Sujeitos à Alíquota Zero da Contribuição Social (CST 06);<br/>- Tabela 4.3.14: Operações com Isenção da Contribuição Social (CST 07);<br/>- Tabela 4.3.15: Operações sem Incidência da Contribuição Social (CST 08);<br/>- Tabela 4.3.16: Operações com Suspensão da Contribuição Social (CST 09).</html>","C","003*","","O"
"M410","pva","3","VL_REC","Valor da receita bruta no período, relativo a natureza da receita (NAT_REC)","N","","2","O"
"M410","pva","4","COD_CTA","Código da conta analítica contábil debitada/creditada","C","255","",""
"M410","pva","5","DESC_COMPL","Descrição Complementar da Natureza da Receita","C","","",""
"M500","pva","1","REG","Texto fixo contendo M500","C","004","","OC"
"M500","pva","2","COD_CRED","Código de Tipo de Crédito apurado no período, conforme a Tabela 4.3.6","C","003*","","O"
"M500","pva","3","IND_CRED_ORI","Indicador de Crédito Oriundo de:","N","001*","","O"
"M500","pva","4","VL_BC_CRED","Valor da Base de Cálculo do Crédito","N","","2",""
"M500","pva","5","ALIQ_COFINS","Alíquota da COFINS (em percentual)","N","008","4",""
"M500","pva","6","QUANT_BC_COFINS","Base de cálculo em quantidade COFINS","N","","3",""
"M500","pva","7","ALIQ_COFINS_QUANT","Alíquota da COFINS (em reais)","N","","4",""
"M500","pva","8","VL_CRED","Valor total do crédito apurado no período","N","","2","O"
"M500","pva","9","VL_AJUS_ACRES","Valor total dos ajustes de acréscimo","N","","2","O"
"M500","pva","10","VL_AJUS_REDUC","Valor total dos ajustes de redução","N","","2","O"
"M500","pva","11","VL_CRED_DIF","Valor total do crédito diferido no período","N","","2","O"
"M500","pva","12","VL_CRED_DISP","Valor Total do Crédito Disponível relativo ao Período (07 + 08 - 09 - 10)","N","","2","O"
"M500","pva","13","IND_DESC_CRED","Indicador de utilização do crédito disponível no período","N","001*","","O"
"M500","pva","14","VL_CRED_DESC","Valor do Crédito disponível, descontado da contribuição apurada no próprio período","N","","2",""
"M500","pva","15","SLD_CRED","Saldo de créditos a utilizar em períodos futuros (12 - 14)","N","","2","O"
"M505","pva","1","REG","Texto fixo contendo M505","C","004","","OC"
"M505","pva","2","NAT_BC_CRED","Código da Natureza da Base de Cálculo do Crédito apurado no período, conforme a Tabela 4.3.7","C","002*","","O"
"M505","pva","3","CST_COFINS","Código da Situação Tributária referente ao crédito de COFINS (Tabela 4.3.4) - Códigos 50 a 56 (créditos Básicos) e de 60 a 66 (Créditos Presumidos).","N","002*","","O"
"M505","pva","4","VL_BC_COFINS_TOT","Valor Total da Base de Cálculo escriturada nos documentos e operações (Blocos “A”, “C”, “D” e “F”), referente ao CST_COFINS informado no Campo 03","N","","2",""
"M505","pva","5","VL_BC_COFINS_CUM","Parcela do Valor Total da Base de Cálculo informada no Campo 04, vinculada a receitas com incidência cumulativa. Campo de preenchimento específico para a pessoa jurídica sujeita ao regime cumulativo e não-cumulativo da contribuição (COD_INC_TRIB = 3 do Registro 0110)","N","","2",""
"M505","pva","6","VL_BC_COFINS_NC","Valor Total da Base de Cálculo do Crédito, vinculada a receitas com incidência não-cumulativa (Campo 04 - Campo 05)","N","","2",""
"M505","pva","7","VL_BC_COFINS","Valor da Base de Cálculo do Crédito, vinculada ao tipo de Crédito escriturado em M500.","N","","2",""
"M505","pva","8","QUANT_BC_COFINS_TOT","Quantidade Total da Base de Cálculo do Crédito apurado em Unidade de Medida de Produto, escriturada nos documentos e operações (Bloco “C”), referente ao CST_COFINS informado no Campo 03","N","","3",""
"M505","pva","9","QUANT_BC_COFINS","Parcela da base de cálculo do crédito em quantidade (campo 08) vinculada ao tipo de crédito escriturado em M500.","N","","3",""
"M505","pva","10","DESC_CRED","Descrição do crédito","C","060","",""
"M510","pva","1","REG","Texto fixo contendo M510","C","004","",""
"M510","pva","2","IND_AJ","Indicador do tipo de ajuste.","C","001*","","O"
"M510","pva","3","VL_AJ","Valor do ajuste","N","","2","O"
"M510","pva","4","COD_AJ","Código do ajuste, conforme a Tabela indicada no item 4.3.8.","C","002*","","O"
"M510","pva","5","NUM_DOC","Número do documento / processo / declaração ao qual o ajuste está vinculado, se houver","C","","",""
"M510","pva","6","DESCR_AJ","Descrição resumida do ajuste.","C","","",""
"M510","pva","7","DT_REF","Data de referência do ajuste (ddmmaaaa)","D","008*","",""
"M515","pva","1","REG","Texto fixo contendo M515","C","004","",""
"M515","pva","2","DET_VALOR_AJ","Detalhamento do valor do crédito reduzido ou acrescido, informado no Campo 03 (VL_AJ) do registro M510","N","","2","O"
"M515","pva","3","CST_COFINS","Código de Situação Tributária referente à operação detalhada neste registro","N","002*","",""
"M515","pva","4","DET_BC_CRED","Detalhamento da base de cálculo geradora de ajuste de crédito","N","","3",""
"M515","pva","5","DET_ALIQ","Detalhamento da alíquota a que se refere o ajuste de crédito","N","008","4",""
"M515","pva","6","DT_OPER_AJ","Data da operação a que se refere o ajuste informado neste registro","D","008*","","O"
"M515","pva","7","DESC_AJ","Descrição da(s) operação(ões) a que se refere o valor informado no Campo 02 (DET_VALOR_AJ)","C","255","",""
"M515","pva","8","COD_CTA","Código da conta contábil debitada/creditada","C","255","",""
"M515","pva","9","INFO_COMPL","Informação complementar","C","255","",""
"M600","pva","1","REG","Texto fixo contendo M600","C","004","","O"
"M600","pva","2","VL_TOT_CONT_NC_PER","Valor Total da Contribuição Não Cumulativa do Período  (recuperado do campo 13 do Registro M610, quando o campo COD_CONT for igual a 01, 02, 03, 04, 32 e 71)","N","","2","O"
"M600","pva","3","VL_TOT_CRED_DESC","Valor do Crédito Descontado, Apurado no Próprio Período da Escrituração (recuperado do campo 14 do Registro M500)","N","","2","O"
"M600","pva","4","VL_TOT_CRED_DESC_ANT","Valor do Crédito Descontado, Apurado em Período de Apuração Anterior (recuperado do campo 13 do Registro 1500)","N","","2","O"
"M600","pva","5","VL_TOT_CONT_NC_DEV","Valor Total da Contribuição Não Cumulativa Devida (02  03  04)","N","","2","O"
"M600","pva","6","VL_RET_NC","Valor Retido na Fonte Deduzido no Período (Não Cumulativo)","N","","2","O"
"M600","pva","7","VL_OUT_DED_NC","Outras Deduções do Regime Não Cumulativo no Período","N","","2","O"
"M600","pva","8","VL_CONT_NC_REC","Valor da Contribuição Não Cumulativa a Recolher/Pagar (05  06  07)","N","","2","O"
"M600","pva","9","VL_TOT_CONT_CUM_PER","Valor Total da Contribuição Cumulativa  do Período (recuperado do campo 13 do Registro M610, quando o campo COD_CONT for igual a 31, 32, 51, 52, 53, 54 e 72)","N","","2","O"
"M600","pva","10","VL_RET_CUM","Valor Retido na Fonte Deduzido no Período (Cumulativo)","N","","2","O"
"M600","pva","11","VL_OUT_DED_CUM","Outras Deduções do Regime Cumulativo no Período","N","","2","O"
"M600","pva","12","VL_CONT_CUM_REC","Valor da Contribuição Cumulativa a Recolher/Pagar (09  10  11)","N","","2","O"
"M600","pva","13","VL_TOT_CONT_REC","Valor Total da Contribuição  a Recolher/Pagar no Período (08 + 12)","N","","2","O"
"M605","pva","1","REG","Texto fixo contendo M605","C","004","",""
"M605","pva","2","NUM_CAMPO","Informar o número do campo do registro M600","C","002*","","O"
"M605","pva","3","COD_REC","Informar o Código da Receita referente à contribuição a recolher, detalhada neste registro","C","006","","O"
"M605","pva","4","VL_DEBITO","Valor do Débito correspondente à contribuição a recolher, detalhada neste registro","N","","2","O"
"M610","pva","1","REG","Texto fixo contendo M610","C","004","","OC"
"M610","pva","2","COD_CONT","Código da contribuição social apurada no período, conforme a Tabela 4.3.5.","C","002","","O"
"M610","pva","3","VL_REC_BRT","Valor da Receita Bruta","N","","2","O"
"M610","pva","4","VL_BC_CONT","Valor da Base de Cálculo da Contribuição","N","","2","O"
"M610","pva","5","VL_AJUS_ACRES_BC","Valor do total dos ajustes de acréscimo da base de cálculo da contribuição a que se refere o Campo 04","N","","2","O"
"M610","pva","6","VL_AJUS_REDUC_BC","Valor do total dos ajustes de redução da base de cálculo da contribuição a que se refere o Campo 04","N","","2","O"
"M610","pva","7","VL_BC_CONT_AJUS","Valor da Base de Cálculo da Contribuição, após os ajustes (Campo 07 = Campo 04 + Campo 05 - Campo 06)","N","","2","O"
"M610","pva","8","ALIQ_COFINS","Alíquota do COFINS (em percentual)","N","008","4",""
"M610","pva","9","QUANT_BC_COFINS","Base de cálculo em quantidade COFINS","N","","3",""
"M610","pva","10","ALIQ_COFINS_QUANT","Alíquota do COFINS (em reais)","N","","4",""
"M610","pva","11","VL_CONT_APUR","Valor total da contribuição social apurada","N","","2","O"
"M610","pva","12","VL_AJUS_ACRES","Valor total dos ajustes de acréscimo","N","","2","O"
"M610","pva","13","VL_AJUS_REDUC","Valor total dos ajustes de redução","N","","2","O"
"M610","pva","14","VL_CONT_DIFER","Valor total da contribuição a diferir no período","N","","2",""
"M610","pva","15","VL_CONT_DIFER_ANT","Valor da contribuição diferida em períodos anteriores","N","","2",""
"M610","pva","16","VL_CONT_PER","Valor Total da Contribuição  do Período (11 + 12 - 13 - 14 + 15)","N","","2","O"
"M611","pva","1","REG","Texto fixo contendo M611","C","004","","OC"
"M611","pva","2","IND_TIP_COOP","Indicador do Tipo de 1ociedade Cooperativa.","N","002*","","O"
"M611","pva","3","VL_BC_CONT_ANT_EXC_COOP","Valor da Base de Cálculo da Contribuição, conforme Registros escriturados nos Blocos A, C, D e F, antes das Exclusões das Cooperativas","N","","2","O"
"M611","pva","4","VL_EXC_COOP_GER","Valor de Exclusão Especifica das Cooperativas em Geral, decorrente das 1obras Apuradas na DRE, destinadas a constituição do Fundo de Reserva e do FATE1.","N","","2",""
"M611","pva","5","VL_EXC_ESP_COOP","Valor das Exclusões da Base de Cálculo Especifica do Tipo da 1ociedade Cooperativa, conforme Campo 02 (I0D_TIP_COOP)","N","","2",""
"M611","pva","6","VL_BC_CONT","Valor da Base de Cálculo, Após as Exclusões Especificas da Sociedade Cooperativa (03 - 04 - 05) - Transportar para M610","N","","2","O"
"M615","pva","1","REG","Texto fixo contendo M615","C","004","",""
"M615","pva","2","IND_AJ_BC","Indicador do tipo de ajuste da base de cálculo","C","001*","","O"
"M615","pva","3","VL_AJ_BC","Valor do ajuste da base de cálculo","N","","2","O"
"M615","pva","4","COD_AJ_BC","Código do ajuste da base de cálculo, conforme a Tabela indicada no item 4.3.18","C","002*","","O"
"M615","pva","5","NUM_DOC","Número do processo, documento ou ato concessório ao qual o ajuste está vinculado, se houver","C","","",""
"M615","pva","6","DESCR_AJ_BC","Descrição resumida do ajuste na base de cálculo","C","","",""
"M615","pva","7","DT_REF","Data de referência do ajuste (ddmmaaaa)","D","008*","",""
"M615","pva","8","COD_CTA","Código da conta analítica contábil debitada/creditada","C","255","",""
"M615","pva","9","CNPJ","CNPJ do estabelecimento a que se refere o ajuste","N","014*","",""
"M615","pva","10","INFO_COMPL","Informação complementar","C","","",""
"M620","pva","1","REG","Texto fixo contendo M620","C","004","",""
"M620","pva","2","IND_AJ","Indicador do tipo de ajuste.","C","001*","","O"
"M620","pva","3","VL_AJ","Valor do ajuste","N","","2","O"
"M620","pva","4","COD_AJ","Código do ajuste, conforme a Tabela indicada no item 4.3.8.","C","002*","","O"
"M620","pva","5","NUM_DOC","Número do documento / processo / declaração ao qual o ajuste está vinculado, se houver","C","","",""
"M620","pva","6","DESCR_AJ","Descrição resumida do ajuste.","C","","",""
"M620","pva","7","DT_REF","Data de referência do ajuste (ddmmaaaa)","D","008*","",""
"M625","pva","1","REG","Texto fixo contendo M625","C","004","",""
"M625","pva","2","DET_VALOR_AJ","Detalhamento do valor da contribuição reduzida ou acrescida,informado no Campo 03 (VL_AJ) do registro M620","N","","2","O"
"M625","pva","3","CST_COFINS","Código de Situação Tributária referente à operação detalhada neste registro","N","002*","",""
"M625","pva","4","DET_BC_CRED","Detalhamento da base de cálculo geradora de ajuste de contribuição","N","","3",""
"M625","pva","5","DET_ALIQ","Detalhamento da alíquota a que se refere o ajuste de contribuição","N","008","4",""
"M625","pva","6","DT_OPER_AJ","Data da operação a que se refere o ajuste informado neste registro","D","008*","","O"
"M625","pva","7","DESC_AJ","Descrição da(s) operação(ões) a que se refere o valor informado no Campo 02 (DET_VALOR_AJ)","C","255","",""
"M625","pva","8","COD_CTA","Código da conta contábil debitada/creditada","C","255","",""
"M625","pva","9","INFO_COMPL","Informação complementar","C","255","",""
"M630","pva","1","REG","Texto fixo contendo M630","C","004","",""
"M630","pva","2","CNPJ","CNPJ da pessoa jurídica de direito público, empresa pública, sociedade de economia mista ou suas subsidiárias.","N","014*","","O"
"M630","pva","3","VL_VEND","Valor Total das vendas no período","N","","2","O"
"M630","pva","4","VL_NAO_RECEB","Valor Total não recebido no período","N","","2","O"
"M630","pva","5","VL_CONT_DIF","Valor da Contribuição diferida no período","N","","2","O"
"M630","pva","6","VL_CRED_DIF","Valor do Crédito diferido no período","N","","2",""
"M630","pva","7","COD_CRED","Código de Tipo de Crédito diferido no período, conforme a Tabela 4.3.6","C","003*","",""
"M700","pva","1","REG","Texto fixo contendo M700","C","004","",""
"M700","pva","2","COD_CONT","Código da contribuição  social diferida em períodos anteriores , conforme a Tabela 4.3.5","C","002","","O"
"M700","pva","3","VL_CONT_APUR_DIFER","Valor da Contribuição Apurada, diferida em períodos anteriores","N","","2","O"
"M700","pva","4","NAT_BC_CRED_DESC","Natureza do Crédito Diferido, vinculado a receita tributada no mercado interno, a descontar.","C","002","",""
"M700","pva","5","VL_CRED_DESC_DIFER","Valor do Crédito a Descontar vinculado à contribuição diferida","N","","2",""
"M700","pva","6","VL_CONT_DIFER_ANT","Valor da Contribuição a Recolher, diferida em períodos anteriores (Campo 03 – Campo 05)","N","","2","O"
"M700","pva","7","PER_APUR","Periodo de apuração da contribuição social e dos créditos diferidos (MMAAAA)","N","006*","","O"
"M700","pva","8","DT_RECEB","Data de recebimento da receita, objeto de diferimento","D","008*","",""
"M800","pva","1","REG","Texto fixo contendo M800","C","004","",""
"M800","pva","2","CST_COFINS","Código de Situação Tributária - CST das demais receitas auferidas no período, sem incidência da contribuição, ou sem contribuição apurada a pagar, conforme a Tabela 4.3.4.","C","002*","","O"
"M800","pva","4","VL_TOT_REC","Valor total da receita bruta no período.","N","","2","O"
"M800","pva","5","COD_CTA","Código da conta analítica contábil debitada/creditada","C","255","",""
"M800","pva","6","DESC_COMPL","Descrição Complementar da Natureza da Receita","C","","",""
"M810","pva","1","REG","Texto fixo contendo M810","C","004","","O"
"M810","pva","2","NAT_REC","<html>Natureza da Receita, conforme relação constante nas Tabelas de Detalhamento da Natureza da Receita por Situação Tributária abaixo:<br/>- Tabela 4.3.10: Produtos Sujeitos à Incidência Monofásica da Contribuição Social - Alíquotas Diferenciadas (CST 04);<br/>- Tabela 4.3.12: Produtos Sujeitos à Substituição Tributária da Contribuição Social (CST 05);<br/>- Tabela 4.3.13: Produtos Sujeitos à Alíquota Zero da Contribuição Social (CST 06);<br/>- Tabela 4.3.14: Operações com Isenção da Contribuição Social (CST 07);<br/>- Tabela 4.3.15: Operações sem Incidência da Contribuição Social (CST 08);<br/>- Tabela 4.3.16: Operações com Suspensão da Contribuição Social (CST 09).</html>","C","003","","O"
"M810","pva","3","VL_REC","Valor da receita bruta no período, relativo a natureza da receita (NAT_REC)","N","","2","O"
"M810","pva","4","COD_CTA","Código da conta analítica contábil debitada/creditada","C","255","",""
"M810","pva","5","DESC_COMPL","Descrição Complementar da Natureza da Receita","C","","",""
"M990","pva","1","REG","Texto fixo contendo M990","C","004","","O"
"M990","pva","2","QTD_LIN_M","Quantidade total de linhas do Bloco M","N","","","O"
"P001","pva","1","REG","Texto fixo contendo P001","C","004","",""
"P001","pva","2","IND_MOV","Indicador de movimento:0- Bloco com dados informados;1- Bloco sem dados informados","C","001","","O"
"P990","pva","1","REG","Texto fixo contendo P990","C","004","",""
"P990","pva","2","QTD_LIN_P","Quantidade total de linhas do Bloco P","N","","","O"
"1001","pva","1","REG","Texto fixo contendo 1001","C","004","","O"
"1001","pva","2","IND_MOV","Indicador de movimento:0 - Bloco com dados informados;1 - Bloco sem dados informados","N","001","","O"
"1010","pva","1","REG","Texto fixo contendo 1010","C","004","",""
"1010","pva","2","NUM_PROC","Identificação do Numero do Processo Judicial","C","020","","O"
"1010","pva","3","ID_SEC_JUD","Identificação da Seção Judiciária","C","","","O"
"1010","pva","4","ID_VARA","Identificação da Vara","C","002","","O"
"1010","pva","5","IND_NAT_ACAO","Indicador da Natureza da Ação Judicial, impetrada na Justiça Federal","C","002*","","O"
"1010","pva","6","DESC_DEC_JUD","Descrição Resumida dos Efeitos Tributários abrangidos pela Decisão Judicial proferida.","C","100","",""
"1010","pva","7","DT_SENT_JUD","Data da Sentença/Decisão Judicial","D","008*","",""
"1011","pva","1","REG","Texto fixo contendo 1011","C","004","",""
"1011","pva","2","REG_REF","Registro da escrituração que terá o detalhamento das contribuições sociais com exigibilidade suspensa (Blocos A, C, D, F e I, 1800)","C","004*","",""
"1011","pva","3","CHAVE_DOC","Chave do documento eletrônico","C","060","",""
"1011","pva","4","COD_PART","Código do participante (campo 02 do Registro 0150)","C","060","",""
"1011","pva","5","COD_ITEM","Código do item (campo 02 do Registro 0200)","C","060","",""
"1011","pva","6","DT_OPER","Data da Operação (ddmmaaaa)","D","008*","","O"
"1011","pva","7","VL_OPER","Valor da Operação","N","","2","O"
"1011","pva","8","CST_PIS","Código da Situação Tributária referente ao PIS/Pasep, conforme a Tabela indicada no item 4.3.3 (IN RFB nº 1.009, de 2010)","N","002*","","O"
"1011","pva","9","VL_BC_PIS","Base de Cálculo do PIS/Pasep","N","","4",""
"1011","pva","10","ALIQ_PIS","Alíquota do PIS/Pasep","N","008","4",""
"1011","pva","11","VL_PIS","Valor do PIS/Pasep","N","","2",""
"1011","pva","12","CST_COFINS","Código da Situação Tributária referente a COFINS, conforme a Tabela indicada no item 4.3.4 (IN RFB nº 1.009, de 2010)","N","002*","","O"
"1011","pva","13","VL_BC_COFINS","Base de Cálculo da COFINS","N","","4",""
"1011","pva","14","ALIQ_COFINS","Alíquota da COFINS","N","008","4",""
"1011","pva","15","VL_COFINS","Valor da COFINS","N","","2",""
"1011","pva","16","CST_PIS_SUSP","Código da Situação Tributária conforme decisão judicial, referente ao PIS/PASEP, conforme a Tabela indicada no item 4.3.3","N","002*","","O"
"1011","pva","17","VL_BC_PIS_SUSP","Base de cálculo do PIS/PASEP, conforme decisão judicial","N","","4",""
"1011","pva","18","ALIQ_PIS_SUSP","Alíquota do PIS/Pasep, conforme decisão judicial","N","008","4",""
"1011","pva","19","VL_PIS_SUSP","Valor do PIS/Pasep, conforme decisão judicial","N","","2",""
"1011","pva","20","CST_COFINS_SUSP","Código da Situação Tributária conforme decisão judicial referente a COFINS, conforme a Tabela indicada no item 4.3.4 (IN RFB nº 1.009, de 2010)","N","002*","","O"
"1011","pva","21","VL_BC_COFINS_SUSP","Base de Cálculo da COFINS, conforme decisão judicial","N","","4",""
"1011","pva","22","ALIQ_COFINS_SUSP","Alíquota da COFINS, conforme decisão judicial","N","008","4",""
"1011","pva","23","VL_COFINS_SUSP","Valor da COFINS, conforme decisão judicial","N","","2",""
"1011","pva","24","COD_CTA","Código da conta analítica contábil debitada/creditada","C","255","",""
"1011","pva","25","COD_CCUS","Código do centro de custos","C","255","",""
"1011","pva","26","DESC_DOC_OPER","Descrição do Documento/Operação","C","255","",""
"1020","pva","1","REG","Texto fixo contendo 1020","C","004","",""
"1020","pva","2","NUM_PROC","Identificação do Processo Administrativo ou da Decisão Administrativa","C","020","","O"
"1020","pva","3","IND_NAT_ACAO","Indicador da Natureza da Ação, decorrente de Processo Administrativo na Secretaria da Receita Federal do Brasil","C","002*","","O"
"1020","pva","4","DT_DEC_ADM","Data do Despacho/Decisão Administrativa","D","008*","","O"
"1050","pva","1","REG","Texto fixo contendo 1050","C","004","",""
"1050","pva","2","DT_REF","Data de referência do ajuste (ddmmaaaa)","D","008*","","O"
"1050","pva","3","IND_AJ_BC","Código do ajuste da base de cálculo, conforme a Tabela indicada no item 4.3.18","C","002*","","O"
"1050","pva","4","CNPJ","CNPJ do estabelecimento a que se refere o ajuste","N","014*","",""
"1050","pva","5","VL_AJ_TOT","Valor total do ajuste","N","","2","O"
"1050","pva","6","VL_AJ_CST01","Parcela do ajuste a apropriar na base de cálculo referente ao CST 01","N","","2","O"
"1050","pva","7","VL_AJ_CST02","Parcela do ajuste a apropriar na base de cálculo referente ao CST 02","N","","2","O"
"1050","pva","8","VL_AJ_CST03","Parcela do ajuste a apropriar na base de cálculo referente ao CST 03","N","","2","O"
"1050","pva","9","VL_AJ_CST04","Parcela do ajuste a apropriar na base de cálculo referente ao CST 04","N","","2","O"
"1050","pva","10","VL_AJ_CST05","Parcela do ajuste a apropriar na base de cálculo referente ao CST 05","N","","2","O"
"1050","pva","11","VL_AJ_CST06","Parcela do ajuste a apropriar na base de cálculo referente ao CST 06","N","","2","O"
"1050","pva","12","VL_AJ_CST07","Parcela do ajuste a apropriar na base de cálculo referente ao CST 07","N","","2","O"
"1050","pva","13","VL_AJ_CST08","Parcela do ajuste a apropriar na base de cálculo referente ao CST 08","N","","2","O"
"1050","pva","14","VL_AJ_CST09","Parcela do ajuste a apropriar na base de cálculo referente ao CST 09","N","","2","O"
"1050","pva","15","VL_AJ_CST49","Parcela do ajuste a apropriar na base de cálculo referente ao CST 49","N","","2","O"
"1050","pva","16","VL_AJ_CST99","Parcela do ajuste a apropriar na base de cálculo referente ao CST 99","N","","2","O"
"1050","pva","17","IND_APROP","Indicador de apropriação do ajuste","C","002*","","O"
"1050","pva","18","NUM_REC","Número do recibo da escrituração a que se refere o ajuste","C","080","",""
"1050","pva","19","INFO_COMPL","Informação complementar","C","","",""
"1100","pva","1","REG","Texto fixo contendo 1100","C","004","",""
"1100","pva","2","PER_APU_CRED","Período de Apuração do Crédito (MM/AAAA)","N","006*","","O"
"1100","pva","3","ORIG_CRED","Indicador da origem do crédito.","N","002*","","O"
"1100","pva","4","CNPJ_SUC","CNPJ da pessoa jurídica cedente do crédito (se ORIG_CRED = 02).","N","014*","",""
"1100","pva","5","COD_CRED","Código do Tipo do Crédito, conforme Tabela 4.3.6","N","003*","","O"
"1100","pva","6","VL_CRED_APU","Valor do Crédito apurado em Demonstrativo Dacon ou em Escrituração Fiscal Digital, em Período(s)  Anterior(es).","N","","2","O"
"1100","pva","7","VL_CRED_EXT_APU","Valor de Crédito Extemporâneo Apurado (Registro 1101), referente a Período Anterior, Informado no Campo 02 - PER_APU_CRED","N","","2",""
"1100","pva","8","VL_TOT_CRED_APU","Valor Total do Crédito Apurado (06 + 07)","N","","2","O"
"1100","pva","9","VL_CRED_DESC_PA_ANT","Valor do Crédito utilizado mediante Desconto, em Período(s)  Anterior(es)","N","","2","O"
"1100","pva","10","VL_CRED_PER_PA_ANT","Valor do Crédito utilizado mediante Pedido de Ressarcimento, em Período(s) Anterior(es).","N","","2",""
"1100","pva","11","VL_CRED_DCOMP_PA_ANT","Valor do Crédito utilizado mediante Declaração de Compensação Intermediária (Crédito de Exportação), em Período(s) Anterior(es)","N","","2",""
"1100","pva","12","SD_CRED_DISP_EFD","Saldo do Crédito Disponível para Utilização neste Período de Escrituração (08-09-10-11)","N","","2","O"
"1100","pva","13","VL_CRED_DESC_EFD","Valor do Crédito descontado neste período de escrituração","N","","2",""
"1100","pva","14","VL_CRED_PER_EFD","Valor do Crédito objeto de Pedido de Ressarcimento (PER) neste período de escrituração","N","","2",""
"1100","pva","15","VL_CRED_DCOMP_EFD","Valor do Crédito utilizado mediante Declaração de Compensação Intermediária neste período de escrituração","N","","2",""
"1100","pva","16","VL_CRED_TRANS","Valor do crédito transferido em evento de cisão, fusão ou incorporação","N","","2",""
"1100","pva","17","VL_CRED_OUT","Valor do crédito utilizado por outras formas","N","","2",""
"1100","pva","18","SLD_CRED_FIM","Saldo de créditos a utilizar em período de apuração futuro (12-13-14-15-16-17).","N","","2","O"
"1300","pva","1","REG","Texto fixo contendo 1300","C","004","",""
"1300","pva","2","IND_NAT_RET","Indicador de Natureza da Retenção na Fonte","N","002*","","O"
"1300","pva","3","PR_REC_RET","Período do Recebimento e da Retenção(MM/AAAA)","N","006*","","O"
"1300","pva","4","VL_RET_APU","Valor Total da Retenção","N","","2","O"
"1300","pva","5","VL_RET_DED","Valor da Retenção deduzida da Contribuição Devida","N","","2","O"
"1300","pva","6","VL_RET_PER","Valor da Retenção utilizada mediante Pedido de Ressarcimento.","N","","2","O"
"1300","pva","7","VL_RET_DCOMP","Valor da Retenção utilizada mediante Declaração de Compensação.","N","","2","O"
"1300","pva","8","SLD_RET","Saldo de Retenção a utilizar em períodos de apuração futuros.","N","","2","O"
"1500","pva","1","REG","Texto fixo contendo 1500","C","004","",""
"1500","pva","2","PER_APU_CRED","Período de Apuração do Crédito (MM/AAAA)","N","006*","","O"
"1500","pva","3","ORIG_CRED","Indicador da origem do crédito.","N","002*","","O"
"1500","pva","4","CNPJ_SUC","CNPJ da pessoa jurídica cedente do crédito (se ORIG_CRED = 02).","N","014*","",""
"1500","pva","5","COD_CRED","Código do Tipo do Crédito, conforme Tabela 4.3.6","N","003*","","O"
"1500","pva","6","VL_CRED_APU","Valor do Crédito já apurado em Demonstrativo Dacon ou em Escrituração Fiscal Digital.","N","","2","O"
"1500","pva","7","VL_CRED_EXT_APU","Valor de Crédito Extemporâneo Apurado (Registro 1501), referente a Período Anterior, Informado no Campo 02 - PER_APU_CRED","N","","2",""
"1500","pva","8","VL_TOT_CRED_APU","Valor Total do Crédito Apurado (06 + 07)","N","","2","O"
"1500","pva","9","VL_CRED_DESC_PA_ANT","Valor do Crédito utilizado mediante Desconto, em Período(s)  Anterior(es)","N","","2","O"
"1500","pva","10","VL_CRED_PER_PA_ANT","Valor do Crédito utilizado mediante Pedido de Ressarcimento, em Período(s) Anterior(es).","N","","2",""
"1500","pva","11","VL_CRED_DCOMP_PA_ANT","Valor do Crédito utilizado mediante Declaração de Compensação Intermediária (Crédito de Exportação), em Período(s) Anterior(es)","N","","2",""
"1500","pva","12","SD_CRED_DISP_EFD","Saldo do Crédito Disponível para Utilização neste  Período de Escrituração (08-09-10-11)","N","","2","O"
"1500","pva","13","VL_CRED_DESC_EFD","Valor do Crédito descontado neste período de escrituração","N","","2",""
"1500","pva","14","VL_CRED_PER_EFD","Valor do Crédito objeto de Pedido de Ressarcimento (PER) neste período de escrituração","N","","2",""
"1500","pva","15","VL_CRED_DCOMP_EFD","Valor do Crédito utilizado mediante Declaração de Compensação Intermediária neste período de escrituração","N","","2",""
"1500","pva","16","VL_CRED_TRANS","Valor do crédito transferido em evento de cisão, fusão ou incorporação","N","","2",""
"1500","pva","17","VL_CRED_OUT","Valor do crédito utilizado por outras formas","N","","2",""
"1500","pva","18","SLD_CRED_FIM","Saldo de créditos a utilizar em período de apuração futuro (12-13-14-15-16-17).","N","","2","O"
"1700","pva","1","REG","Texto fixo contendo 1700","C","004","",""
"1700","pva","2","IND_NAT_RET","Indicador de Natureza da Retenção na Fonte","N","002*","","O"
"1700","pva","3","PR_REC_RET","Período do Recebimento e da Retenção(MM/AAAA)","N","006*","","O"
"1700","pva","4","VL_RET_APU","Valor Total da Retenção","N","","2","O"
"1700","pva","5","VL_RET_DED","Valor da Retenção deduzida da Contribuição Devida","N","","2","O"
"1700","pva","6","VL_RET_PER","Valor da Retenção utilizada mediante Pedido de Ressarcimento.","N","","2","O"
"1700","pva","7","VL_RET_DCOMP","Valor da Retenção utilizada mediante Declaração de Compensação.","N","","2","O"
"1700","pva","8","SLD_RET","Saldo de Retenção a Utilizar em Períodos de Apuração Futuros.","N","","2","O"
"1800","pva","1","REG","Texto fixo contendo 1800","C","004","",""
"1800","pva","2","INC_IMOB","Empreendimento objeto de Incorporação Imobiliária, optante pelo RET.","C","090","","O"
"1800","pva","3","REC_RECEB_RET","Receitas recebidas pela incorporadora na venda das unidades imobiliárias que compõem a incorporação.","N","","2","O"
"1800","pva","4","REC_FIN_RET","Receitas Financeiras e Variações Monetárias decorrentes das vendas submetidas ao RET.","N","","2",""
"1800","pva","5","BC_RET","Base de Cálculo do Recolhimento Unificado","N","","2","O"
"1800","pva","6","ALIQ_RET","Alíquota do Recolhimento Unificado","N","006","2","O"
"1800","pva","7","VL_REC_UNI","Valor do Recolhimento Unificado.","N","","2","O"
"1800","pva","8","DT_REC_UNI","Data do recolhimento unificado","D","008*","",""
"1800","pva","9","COD_REC","Código da Receita","C","004","",""
"1809","pva","1","REG","Texto fixo contendo 1809","C","004*","",""
"1809","pva","2","NUM_PROC","Identificação do processo ou ato concessório","C","020","","O"
"1809","pva","3","IND_PROC","Indicador da origem do processo","C","001*","","O"
"1900","pva","1","REG","Texto fixo contendo 1900","C","004*","","OC"
"1900","pva","2","CNPJ","CNPJ do estabelecimento da pessoa jurídica, emitente dos documentos geradores de receita","N","014*","","O"
"1900","pva","3","COD_MOD","Código do modelo do documento fiscal conforme a Tabela 4.1.1, ou 98 - Nota Fiscal de Prestação de Serviços (ISSQN) ou 99 - Outros Documentos","C","002*","","O"
"1900","pva","4","SER","Série do documento fiscal","C","004","",""
"1900","pva","5","SUB_SER","Subsérie do documento fiscal","N","020","",""
"1900","pva","6","COD_SIT","Código da situação do documento fiscal","N","002*","","O"
"1900","pva","7","VL_TOT_REC","Valor total da receita, conforme os documentos emitidos no período, representativos da venda de bens e serviços","N","","2","O"
"1900","pva","8","QUANT_DOC","Quantidade total de documentos emitidos no período","N","","",""
"1900","pva","9","CST_PIS","Código da Situação Tributária referente ao PIS/Pasep","N","002*","",""
"1900","pva","10","CST_COFINS","Código da Situação Tributária referente a COFINS","N","002*","",""
"1900","pva","11","CFOP","Código Fiscal de Operação e Prestação","N","004*","",""
"1900","pva","12","INFO_COMPL","Informação complementar","C","","",""
"1900","pva","13","COD_CTA","Código da conta analítica contábil representativa da receita recebida","C","255","",""
"1990","pva","1","REG","Texto fixo contendo 1990","C","004","","O"
"1990","pva","2","QTD_LIN_1","Quantidade total de linhas do Bloco 1","N","","","O"
"9001","pva","1","REG","Texto fixo contendo 9001","C","004","","O"
"9001","pva","2","IND_MOV","Indicador de movimento: 0- Bloco com dados informados; 1- Bloco sem dados informados.","N","001","","O"
"9900","pva","1","REG","Texto fixo contendo 9900","C","004","","O"
"9900","pva","2","REG_BLC","Registro que será totalizado no próximo campo","C","004","","O"
"9900","pva","3","QTD_REG_BLC","Total de registros do tipo informado no campo anterior","N","","","O"
"9990","pva","1","REG","Texto fixo contendo 9990","C","004","","O"
"9990","pva","2","QTD_LIN_9","Quantidade total de linhas do Bloco 9","N","","","O"
"9999","pva","1","REG","Texto fixo contendo 9999","C","004","","O"
"9999","pva","2","QTD_LIN","Quantidade total de linhas do arquivo digital.","N","","","O"
